METADATA:
Block Runtime,Experiment Seed,Subject
90,4528320,subject004
Time after setup,1116.9724618999999
Timepoint,Time,Is_correct,Experience Sampling Question,Experience Sampling Response,Task,Task Iteration,Participant ID,Response_Key,Auxillary Data,Assoc Task
 
Runtime Mod,-9
EXPERIMENT DATA:,Movie Task
Start Time,1131.7210092
EXPERIMENT DATA:,Experience Sampling Questions
Start Time,1286.8178793
ESQ,1318.0781706,,Deliberate_response,5.000000000000018,Experience Sampling Questions,1,4528320,,Marker Started at 10,Movie Task
ESQ,1323.0944169,,Emotion_response,10.0,Experience Sampling Questions,1,4528320,,Marker Started at 6,Movie Task
ESQ,1331.9441178,,Self_response,2.0000000000000044,Experience Sampling Questions,1,4528320,,Marker Started at 7,Movie Task
ESQ,1338.694477,,Absorption_response,5.0,Experience Sampling Questions,1,4528320,,Marker Started at 5,Movie Task
ESQ,1349.7946699,,Knowledge_response,6.999999999999993,Experience Sampling Questions,1,4528320,,Marker Started at 5,Movie Task
ESQ,1359.3779006,,Detailed_response,7.499999999999995,Experience Sampling Questions,1,4528320,,Marker Started at 6,Movie Task
ESQ,1366.9263551,,Past_response,6.799999999999997,Experience Sampling Questions,1,4528320,,Marker Started at 6,Movie Task
ESQ,1377.6760809,,Problem_response,2.2,Experience Sampling Questions,1,4528320,,Marker Started at 2,Movie Task
ESQ,1383.675922,,Intrusive_response,8.400000000000006,Experience Sampling Questions,1,4528320,,Marker Started at 10,Movie Task
ESQ,1393.7759107,,Focus_response,3.100000000000001,Experience Sampling Questions,1,4528320,,Marker Started at 2,Movie Task
ESQ,1401.5248895,,Modality_response,5.0,Experience Sampling Questions,1,4528320,,Marker Started at 5,Movie Task
ESQ,1410.7248270999999,,Distracting_response,4.700000000000006,Experience Sampling Questions,1,4528320,,Marker Started at 7,Movie Task
ESQ,1415.5416681,,Future_response,4.100000000000001,Experience Sampling Questions,1,4528320,,Marker Started at 3,Movie Task
ESQ,1422.1581291999998,,Other_response,2.9000000000000123,Experience Sampling Questions,1,4528320,,Marker Started at 9,Movie Task
 
Runtime Mod,15
EXPERIMENT DATA:,Movie Task
Start Time,1422.1774212
EXPERIMENT DATA:,Experience Sampling Questions
Start Time,1570.1783479
ESQ,1578.3360298999999,,Intrusive_response,2.1000000000000045,Experience Sampling Questions,1,4528320,,Marker Started at 7,Movie Task
ESQ,1587.0526752,,Emotion_response,4.300000000000017,Experience Sampling Questions,1,4528320,,Marker Started at 10,Movie Task
ESQ,1591.4857252,,Other_response,10.0,Experience Sampling Questions,1,4528320,,Marker Started at 10,Movie Task
ESQ,1595.8865278,,Modality_response,1.0,Experience Sampling Questions,1,4528320,,Marker Started at 6,Movie Task
ESQ,1603.9854791999999,,Future_response,5.400000000000006,Experience Sampling Questions,1,4528320,,Marker Started at 7,Movie Task
ESQ,1612.7851448,,Knowledge_response,5.500000000000005,Experience Sampling Questions,1,4528320,,Marker Started at 7,Movie Task
ESQ,1617.9200051,,Problem_response,6.30000000000001,Experience Sampling Questions,1,4528320,,Marker Started at 9,Movie Task
ESQ,1623.2521382999998,,Past_response,6.699999999999994,Experience Sampling Questions,1,4528320,,Marker Started at 5,Movie Task
ESQ,1629.9018137,,Absorption_response,1.5999999999999983,Experience Sampling Questions,1,4528320,,Marker Started at 4,Movie Task
ESQ,1638.1508483999999,,Detailed_response,4.7000000000000135,Experience Sampling Questions,1,4528320,,Marker Started at 9,Movie Task
ESQ,1643.4675386,,Focus_response,9.400000000000002,Experience Sampling Questions,1,4528320,,Marker Started at 5,Movie Task
ESQ,1651.5172492,,Deliberate_response,8.29999999999999,Experience Sampling Questions,1,4528320,,Marker Started at 3,Movie Task
ESQ,1657.4841113,,Distracting_response,1.6000000000000045,Experience Sampling Questions,1,4528320,,Marker Started at 7,Movie Task
ESQ,1660.3168854,,Self_response,2.0,Experience Sampling Questions,1,4528320,,Marker Started at 2,Movie Task
 
Runtime Mod,-10
EXPERIMENT DATA:,Friend Task
Start Time,1666.6693329
EXPERIMENT DATA:,Experience Sampling Questions
Start Time,1779.6539113
ESQ,1796.6786448,,Intrusive_response,4.900000000000004,Experience Sampling Questions,1,4528320,,Marker Started at 6,Friend Task
ESQ,1801.3631341,,Self_response,2.8000000000000087,Experience Sampling Questions,1,4528320,,Marker Started at 8,Friend Task
ESQ,1805.7790871,,Absorption_response,7.299999999999995,Experience Sampling Questions,1,4528320,,Marker Started at 6,Friend Task
ESQ,1809.8954119,,Deliberate_response,9.699999999999987,Experience Sampling Questions,1,4528320,,Marker Started at 6,Friend Task
ESQ,1814.5281571,,Other_response,9.700000000000001,Experience Sampling Questions,1,4528320,,Marker Started at 5,Friend Task
ESQ,1821.2451916,,Focus_response,9.500000000000002,Experience Sampling Questions,1,4528320,,Marker Started at 10,Friend Task
ESQ,1824.5617528,,Future_response,2.0,Experience Sampling Questions,1,4528320,,Marker Started at 2,Friend Task
ESQ,1829.1950712999999,,Knowledge_response,10.0,Experience Sampling Questions,1,4528320,,Marker Started at 3,Friend Task
ESQ,1834.1782076,,Distracting_response,1.0,Experience Sampling Questions,1,4528320,,Marker Started at 9,Friend Task
ESQ,1837.8609857,,Emotion_response,10.0,Experience Sampling Questions,1,4528320,,Marker Started at 7,Friend Task
ESQ,1841.4442975,,Problem_response,1.2999999999999994,Experience Sampling Questions,1,4528320,,Marker Started at 3,Friend Task
ESQ,1848.6444428,,Detailed_response,8.000000000000007,Experience Sampling Questions,1,4528320,,Marker Started at 9,Friend Task
ESQ,1856.1610306,,Modality_response,8.800000000000004,Experience Sampling Questions,1,4528320,,Marker Started at 7,Friend Task
ESQ,1862.9941675,,Past_response,9.300000000000002,Experience Sampling Questions,1,4528320,,Marker Started at 5,Friend Task
 
Runtime Mod,8
EXPERIMENT DATA:,Friend Task
Start Time,1863.0089477
EXPERIMENT DATA:,Experience Sampling Questions
Start Time,1982.4802947
ESQ,1989.3234789,,Absorption_response,9.399999999999984,Experience Sampling Questions,1,4528320,,Marker Started at 5,Friend Task
ESQ,1993.9727707,,Problem_response,1.2999999999999976,Experience Sampling Questions,1,4528320,,Marker Started at 5,Friend Task
ESQ,1998.6726743000002,,Distracting_response,1.2999999999999985,Experience Sampling Questions,1,4528320,,Marker Started at 4,Friend Task
ESQ,2002.3724375999998,,Other_response,9.8,Experience Sampling Questions,1,4528320,,Marker Started at 10,Friend Task
ESQ,2010.5391891000002,,Focus_response,9.499999999999988,Experience Sampling Questions,1,4528320,,Marker Started at 2,Friend Task
ESQ,2014.2392069,,Future_response,2.899999999999999,Experience Sampling Questions,1,4528320,,Marker Started at 4,Friend Task
ESQ,2018.5054303999998,,Intrusive_response,2.2000000000000046,Experience Sampling Questions,1,4528320,,Marker Started at 7,Friend Task
ESQ,2021.3392557999998,,Emotion_response,10.0,Experience Sampling Questions,1,4528320,,Marker Started at 10,Friend Task
ESQ,2028.5554986,,Detailed_response,8.499999999999998,Experience Sampling Questions,1,4528320,,Marker Started at 8,Friend Task
ESQ,2032.7056663,,Self_response,1.800000000000001,Experience Sampling Questions,1,4528320,,Marker Started at 6,Friend Task
ESQ,2036.1713125999997,,Past_response,9.399999999999984,Experience Sampling Questions,1,4528320,,Marker Started at 5,Friend Task
ESQ,2041.6217555,,Knowledge_response,9.999999999999986,Experience Sampling Questions,1,4528320,,Marker Started at 2,Friend Task
ESQ,2044.9545477999998,,Deliberate_response,9.299999999999992,Experience Sampling Questions,1,4528320,,Marker Started at 7,Friend Task
ESQ,2048.3041954,,Modality_response,9.599999999999987,Experience Sampling Questions,1,4528320,,Marker Started at 6,Friend Task
 
Runtime Mod,8
EXPERIMENT DATA:,You Task
Start Time,2048.3326141000002
EXPERIMENT DATA:,Experience Sampling Questions
Start Time,2158.7087956
ESQ,2165.7172447000003,,Past_response,6.899999999999996,Experience Sampling Questions,1,4528320,,Marker Started at 2,You Task
ESQ,2170.2331075,,Knowledge_response,8.199999999999992,Experience Sampling Questions,1,4528320,,Marker Started at 2,You Task
ESQ,2174.1012226000003,,Intrusive_response,2.2999999999999994,Experience Sampling Questions,1,4528320,,Marker Started at 3,You Task
ESQ,2177.5671727000004,,Detailed_response,7.0,Experience Sampling Questions,1,4528320,,Marker Started at 7,You Task
ESQ,2183.600504,,Problem_response,3.7999999999999985,Experience Sampling Questions,1,4528320,,Marker Started at 5,You Task
ESQ,2189.2331306,,Self_response,8.900000000000004,Experience Sampling Questions,1,4528320,,Marker Started at 10,You Task
ESQ,2193.3839117,,Deliberate_response,8.699999999999998,Experience Sampling Questions,1,4528320,,Marker Started at 8,You Task
ESQ,2199.0325443,,Absorption_response,5.899999999999999,Experience Sampling Questions,1,4528320,,Marker Started at 3,You Task
ESQ,2203.2994533,,Emotion_response,6.6000000000000085,Experience Sampling Questions,1,4528320,,Marker Started at 9,You Task
ESQ,2207.5988034,,Modality_response,9.89999999999999,Experience Sampling Questions,1,4528320,,Marker Started at 7,You Task
ESQ,2212.399147,,Distracting_response,3.5000000000000164,Experience Sampling Questions,1,4528320,,Marker Started at 10,You Task
ESQ,2217.3827135,,Other_response,6.799999999999997,Experience Sampling Questions,1,4528320,,Marker Started at 6,You Task
ESQ,2222.0320378,,Future_response,1.900000000000008,Experience Sampling Questions,1,4528320,,Marker Started at 8,You Task
ESQ,2227.6154619000004,,Focus_response,9.8,Experience Sampling Questions,1,4528320,,Marker Started at 3,You Task
 
Runtime Mod,14
EXPERIMENT DATA:,You Task
Start Time,2227.6293213000004
EXPERIMENT DATA:,Experience Sampling Questions
Start Time,2336.3518681
ESQ,2341.5788094000004,,Self_response,9.299999999999995,Experience Sampling Questions,1,4528320,,Marker Started at 8,You Task
ESQ,2347.2458162000003,,Future_response,1.7999999999999994,Experience Sampling Questions,1,4528320,,Marker Started at 3,You Task
ESQ,2351.4112198000003,,Intrusive_response,7.900000000000004,Experience Sampling Questions,1,4528320,,Marker Started at 9,You Task
ESQ,2355.6277329,,Knowledge_response,9.500000000000002,Experience Sampling Questions,1,4528320,,Marker Started at 10,You Task
ESQ,2360.6608833,,Detailed_response,7.499999999999995,Experience Sampling Questions,1,4528320,,Marker Started at 2,You Task
ESQ,2364.6105299,,Absorption_response,9.499999999999988,Experience Sampling Questions,1,4528320,,Marker Started at 2,You Task
ESQ,2368.6113293000003,,Deliberate_response,8.199999999999996,Experience Sampling Questions,1,4528320,,Marker Started at 7,You Task
ESQ,2376.1442944,,Distracting_response,1.0999999999999994,Experience Sampling Questions,1,4528320,,Marker Started at 3,You Task
ESQ,2382.9620534,,Other_response,6.299999999999995,Experience Sampling Questions,1,4528320,,Marker Started at 5,You Task
ESQ,2387.9758858,,Emotion_response,3.800000000000013,Experience Sampling Questions,1,4528320,,Marker Started at 9,You Task
ESQ,2391.8266169000003,,Modality_response,9.0,Experience Sampling Questions,1,4528320,,Marker Started at 9,You Task
ESQ,2395.2109363,,Problem_response,1.3999999999999986,Experience Sampling Questions,1,4528320,,Marker Started at 4,You Task
ESQ,2398.8933595000003,,Past_response,9.299999999999995,Experience Sampling Questions,1,4528320,,Marker Started at 8,You Task
ESQ,2405.5100243,,Focus_response,10.0,Experience Sampling Questions,1,4528320,,Marker Started at 2,You Task
 
Runtime Mod,5
EXPERIMENT DATA:,Finger Tapping Task
Start Time,2419.7792793000003
EXPERIMENT DATA:,Experience Sampling Questions
Start Time,2551.7385681
ESQ,2561.9377269,,Knowledge_response,2.1999999999999993,Experience Sampling Questions,1,4528320,,Marker Started at 3,Finger Tapping Task
ESQ,2569.0868703,,Emotion_response,6.799999999999996,Experience Sampling Questions,1,4528320,,Marker Started at 2,Finger Tapping Task
ESQ,2574.5367719,,Detailed_response,3.3000000000000163,Experience Sampling Questions,1,4528320,,Marker Started at 10,Finger Tapping Task
ESQ,2578.0709287,,Absorption_response,1.5999999999999983,Experience Sampling Questions,1,4528320,,Marker Started at 4,Finger Tapping Task
ESQ,2581.7355626000003,,Intrusive_response,1.7000000000000153,Experience Sampling Questions,1,4528320,,Marker Started at 10,Finger Tapping Task
ESQ,2586.8868389000004,,Self_response,3.1000000000000125,Experience Sampling Questions,1,4528320,,Marker Started at 9,Finger Tapping Task
ESQ,2591.3538769,,Past_response,3.600000000000013,Experience Sampling Questions,1,4528320,,Marker Started at 9,Finger Tapping Task
ESQ,2595.1029728000003,,Other_response,1.9999999999999991,Experience Sampling Questions,1,4528320,,Marker Started at 3,Finger Tapping Task
ESQ,2600.1028691,,Problem_response,1.6000000000000152,Experience Sampling Questions,1,4528320,,Marker Started at 10,Finger Tapping Task
ESQ,2603.8527588,,Focus_response,10.0,Experience Sampling Questions,1,4528320,,Marker Started at 5,Finger Tapping Task
ESQ,2608.1026213,,Distracting_response,1.0,Experience Sampling Questions,1,4528320,,Marker Started at 3,Finger Tapping Task
ESQ,2612.9038785000002,,Deliberate_response,1.0,Experience Sampling Questions,1,4528320,,Marker Started at 8,Finger Tapping Task
ESQ,2618.0028146,,Modality_response,2.9000000000000004,Experience Sampling Questions,1,4528320,,Marker Started at 5,Finger Tapping Task
ESQ,2624.7031788000004,,Future_response,2.0,Experience Sampling Questions,1,4528320,,Marker Started at 2,Finger Tapping Task
 
Runtime Mod,-5
EXPERIMENT DATA:,Finger Tapping Task
Start Time,2624.7318666
EXPERIMENT DATA:,Experience Sampling Questions
Start Time,2731.5491733000003
ESQ,2742.0318323,,Self_response,1.3000000000000003,Experience Sampling Questions,1,4528320,,Marker Started at 2,Finger Tapping Task
ESQ,2747.3316266,,Distracting_response,2.9,Experience Sampling Questions,1,4528320,,Marker Started at 3,Finger Tapping Task
ESQ,2754.6317193,,Modality_response,6.6999999999999975,Experience Sampling Questions,1,4528320,,Marker Started at 6,Finger Tapping Task
ESQ,2759.6309340000003,,Focus_response,8.199999999999992,Experience Sampling Questions,1,4528320,,Marker Started at 2,Finger Tapping Task
ESQ,2764.4316074000003,,Intrusive_response,2.499999999999998,Experience Sampling Questions,1,4528320,,Marker Started at 5,Finger Tapping Task
ESQ,2769.6982409,,Past_response,7.9000000000000075,Experience Sampling Questions,1,4528320,,Marker Started at 10,Finger Tapping Task
ESQ,2773.4141,,Future_response,2.0000000000000044,Experience Sampling Questions,1,4528320,,Marker Started at 7,Finger Tapping Task
ESQ,2779.4640708,,Absorption_response,2.4999999999999996,Experience Sampling Questions,1,4528320,,Marker Started at 3,Finger Tapping Task
ESQ,2782.9305064,,Deliberate_response,1.7999999999999994,Experience Sampling Questions,1,4528320,,Marker Started at 3,Finger Tapping Task
ESQ,2788.8642232,,Emotion_response,5.0,Experience Sampling Questions,1,4528320,,Marker Started at 5,Finger Tapping Task
ESQ,2796.7971547,,Knowledge_response,8.99999999999999,Experience Sampling Questions,1,4528320,,Marker Started at 6,Finger Tapping Task
ESQ,2802.7964589000003,,Problem_response,3.800000000000006,Experience Sampling Questions,1,4528320,,Marker Started at 7,Finger Tapping Task
ESQ,2808.446958,,Detailed_response,3.8000000000000096,Experience Sampling Questions,1,4528320,,Marker Started at 8,Finger Tapping Task
ESQ,2812.9293553,,Other_response,4.20000000000001,Experience Sampling Questions,1,4528320,,Marker Started at 8,Finger Tapping Task
 
Runtime Mod,12
EXPERIMENT DATA:,GoNoGo Task
Start Time,2812.9456609000003
EXPERIMENT DATA:,Experience Sampling Questions
Start Time,2944.8092742000003
ESQ,2951.3753112000004,,Past_response,2.500000000000005,Experience Sampling Questions,1,4528320,,Marker Started at 7,GoNoGo Task
ESQ,2955.5083156,,Absorption_response,2.1999999999999993,Experience Sampling Questions,1,4528320,,Marker Started at 3,GoNoGo Task
ESQ,2959.2413495,,Modality_response,2.0,Experience Sampling Questions,1,4528320,,Marker Started at 2,GoNoGo Task
ESQ,2962.5078369000003,,Detailed_response,1.4999999999999976,Experience Sampling Questions,1,4528320,,Marker Started at 5,GoNoGo Task
ESQ,2964.9912667000003,,Intrusive_response,2.0,Experience Sampling Questions,1,4528320,,Marker Started at 2,GoNoGo Task
ESQ,2968.6588258,,Future_response,1.2000000000000082,Experience Sampling Questions,1,4528320,,Marker Started at 8,GoNoGo Task
ESQ,2973.0746396000004,,Distracting_response,3.6000000000000005,Experience Sampling Questions,1,4528320,,Marker Started at 3,GoNoGo Task
ESQ,2976.6579372,,Other_response,1.7000000000000117,Experience Sampling Questions,1,4528320,,Marker Started at 9,GoNoGo Task
ESQ,2982.7233836,,Knowledge_response,1.0,Experience Sampling Questions,1,4528320,,Marker Started at 2,GoNoGo Task
ESQ,2988.5913065,,Deliberate_response,1.7,Experience Sampling Questions,1,4528320,,Marker Started at 9,GoNoGo Task
ESQ,2993.0902774,,Focus_response,3.100000000000001,Experience Sampling Questions,1,4528320,,Marker Started at 2,GoNoGo Task
ESQ,2998.0739178000003,,Self_response,1.6,Experience Sampling Questions,1,4528320,,Marker Started at 5,GoNoGo Task
ESQ,3003.7572433,,Problem_response,1.7999999999999998,Experience Sampling Questions,1,4528320,,Marker Started at 9,GoNoGo Task
ESQ,3010.1072343,,Emotion_response,4.500000000000002,Experience Sampling Questions,1,4528320,,Marker Started at 2,GoNoGo Task
 
Runtime Mod,7
EXPERIMENT DATA:,GoNoGo Task
Start Time,3010.1216331
EXPERIMENT DATA:,Experience Sampling Questions
Start Time,3122.2706161
ESQ,3129.2198218000003,,Detailed_response,1.5999999999999974,Experience Sampling Questions,1,4528320,,Marker Started at 5,GoNoGo Task
ESQ,3133.0855735,,Focus_response,6.599999999999995,Experience Sampling Questions,1,4528320,,Marker Started at 4,GoNoGo Task
ESQ,3136.1028049,,Problem_response,3.0,Experience Sampling Questions,1,4528320,,Marker Started at 3,GoNoGo Task
ESQ,3139.2867052,,Intrusive_response,1.9000000000000008,Experience Sampling Questions,1,4528320,,Marker Started at 6,GoNoGo Task
ESQ,3143.8024094,,Deliberate_response,1.7000000000000153,Experience Sampling Questions,1,4528320,,Marker Started at 10,GoNoGo Task
ESQ,3147.0186723,,Self_response,1.5999999999999983,Experience Sampling Questions,1,4528320,,Marker Started at 4,GoNoGo Task
ESQ,3152.5850424,,Emotion_response,5.800000000000015,Experience Sampling Questions,1,4528320,,Marker Started at 10,GoNoGo Task
ESQ,3156.3515532,,Distracting_response,1.7999999999999985,Experience Sampling Questions,1,4528320,,Marker Started at 4,GoNoGo Task
ESQ,3160.718625,,Absorption_response,2.5000000000000013,Experience Sampling Questions,1,4528320,,Marker Started at 6,GoNoGo Task
ESQ,3166.3521159,,Other_response,2.7000000000000157,Experience Sampling Questions,1,4528320,,Marker Started at 10,GoNoGo Task
ESQ,3172.0852275,,Knowledge_response,1.4000000000000046,Experience Sampling Questions,1,4528320,,Marker Started at 7,GoNoGo Task
ESQ,3177.4177153,,Past_response,1.3999999999999995,Experience Sampling Questions,1,4528320,,Marker Started at 3,GoNoGo Task
ESQ,3181.6673188,,Future_response,1.800000000000001,Experience Sampling Questions,1,4528320,,Marker Started at 6,GoNoGo Task
ESQ,3193.8327682000004,,Modality_response,9.59999999999999,Experience Sampling Questions,1,4528320,,Marker Started at 7,GoNoGo Task
 
Runtime Mod,12
EXPERIMENT DATA:,Zero-Back Task
Start Time,3236.2956475
EXPERIMENT DATA:,Experience Sampling Questions
Start Time,3394.2654126
ESQ,3401.6105543000003,,Future_response,6.800000000000011,Experience Sampling Questions,1,4528320,,Marker Started at 10,Zero-Back Task
ESQ,3405.6940312,,Focus_response,9.399999999999986,Experience Sampling Questions,1,4528320,,Marker Started at 3,Zero-Back Task
ESQ,3410.3596681000004,,Knowledge_response,5.0,Experience Sampling Questions,1,4528320,,Marker Started at 5,Zero-Back Task
ESQ,3419.5432703,,Emotion_response,4.800000000000018,Experience Sampling Questions,1,4528320,,Marker Started at 10,Zero-Back Task
ESQ,3425.2770176000004,,Self_response,4.600000000000014,Experience Sampling Questions,1,4528320,,Marker Started at 9,Zero-Back Task
ESQ,3430.1423905,,Intrusive_response,3.7000000000000006,Experience Sampling Questions,1,4528320,,Marker Started at 3,Zero-Back Task
ESQ,3435.0089466000004,,Other_response,5.500000000000009,Experience Sampling Questions,1,4528320,,Marker Started at 8,Zero-Back Task
ESQ,3441.1424728,,Problem_response,5.800000000000004,Experience Sampling Questions,1,4528320,,Marker Started at 7,Zero-Back Task
ESQ,3446.4588325,,Past_response,2.8000000000000016,Experience Sampling Questions,1,4528320,,Marker Started at 6,Zero-Back Task
ESQ,3452.4086916,,Distracting_response,2.3000000000000083,Experience Sampling Questions,1,4528320,,Marker Started at 8,Zero-Back Task
ESQ,3456.5088489,,Absorption_response,4.3000000000000025,Experience Sampling Questions,1,4528320,,Marker Started at 2,Zero-Back Task
ESQ,3460.1256187000004,,Modality_response,7.899999999999993,Experience Sampling Questions,1,4528320,,Marker Started at 6,Zero-Back Task
ESQ,3465.3079179,,Detailed_response,4.700000000000001,Experience Sampling Questions,1,4528320,,Marker Started at 4,Zero-Back Task
ESQ,3469.4248799,,Deliberate_response,6.599999999999998,Experience Sampling Questions,1,4528320,,Marker Started at 6,Zero-Back Task
 
Runtime Mod,-10
EXPERIMENT DATA:,Zero-Back Task
Start Time,3469.4390439000003
EXPERIMENT DATA:,Experience Sampling Questions
Start Time,3558.8432110000003
ESQ,3568.1381967,,Detailed_response,6.000000000000014,Experience Sampling Questions,1,4528320,,Marker Started at 10,Zero-Back Task
ESQ,3571.0713936,,Intrusive_response,3.0,Experience Sampling Questions,1,4528320,,Marker Started at 3,Zero-Back Task
ESQ,3575.0890543,,Modality_response,5.0,Experience Sampling Questions,1,4528320,,Marker Started at 5,Zero-Back Task
ESQ,3579.0548817000004,,Distracting_response,5.700000000000008,Experience Sampling Questions,1,4528320,,Marker Started at 8,Zero-Back Task
ESQ,3584.1878885,,Knowledge_response,7.0,Experience Sampling Questions,1,4528320,,Marker Started at 7,Zero-Back Task
ESQ,3590.8369388,,Problem_response,8.399999999999991,Experience Sampling Questions,1,4528320,,Marker Started at 6,Zero-Back Task
ESQ,3596.8535419,,Emotion_response,6.899999999999995,Experience Sampling Questions,1,4528320,,Marker Started at 3,Zero-Back Task
ESQ,3604.4868835,,Focus_response,6.599999999999997,Experience Sampling Questions,1,4528320,,Marker Started at 2,Zero-Back Task
ESQ,3615.8531202000004,,Deliberate_response,1.6999999999999984,Experience Sampling Questions,1,4528320,,Marker Started at 4,Zero-Back Task
ESQ,3619.0699432,,Self_response,3.0,Experience Sampling Questions,1,4528320,,Marker Started at 3,Zero-Back Task
ESQ,3622.3202271,,Other_response,7.199999999999999,Experience Sampling Questions,1,4528320,,Marker Started at 7,Zero-Back Task
ESQ,3625.1866400000004,,Future_response,7.0,Experience Sampling Questions,1,4528320,,Marker Started at 7,Zero-Back Task
ESQ,3629.2864882000003,,Past_response,5.0,Experience Sampling Questions,1,4528320,,Marker Started at 5,Zero-Back Task
ESQ,3634.3032499,,Absorption_response,6.800000000000001,Experience Sampling Questions,1,4528320,,Marker Started at 7,Zero-Back Task
 
Runtime Mod,9
EXPERIMENT DATA:,One-Back Task
Start Time,3634.3420572
EXPERIMENT DATA:,Experience Sampling Questions
Start Time,3804.4327058000003
ESQ,3812.0302078,,Past_response,3.1000000000000125,Experience Sampling Questions,1,4528320,,Marker Started at 9,One-Back Task
ESQ,3814.8469795,,Future_response,6.0,Experience Sampling Questions,1,4528320,,Marker Started at 6,One-Back Task
ESQ,3819.2479097,,Deliberate_response,2.799999999999999,Experience Sampling Questions,1,4528320,,Marker Started at 4,One-Back Task
ESQ,3823.8295698,,Detailed_response,4.800000000000003,Experience Sampling Questions,1,4528320,,Marker Started at 6,One-Back Task
ESQ,3829.7131046000004,,Emotion_response,5.4,Experience Sampling Questions,1,4528320,,Marker Started at 3,One-Back Task
ESQ,3834.0628216,,Self_response,3.0,Experience Sampling Questions,1,4528320,,Marker Started at 3,One-Back Task
ESQ,3837.9797775,,Intrusive_response,1.5000000000000044,Experience Sampling Questions,1,4528320,,Marker Started at 7,One-Back Task
ESQ,3850.829689,,Focus_response,6.899999999999997,Experience Sampling Questions,1,4528320,,Marker Started at 6,One-Back Task
ESQ,3851.8623339,,Knowledge_response,2.0,Experience Sampling Questions,1,4528320,,Marker Started at 2,One-Back Task
ESQ,3858.9447416000003,,Modality_response,7.6999999999999975,Experience Sampling Questions,1,4528320,,Marker Started at 7,One-Back Task
ESQ,3864.5948383,,Other_response,6.6000000000000085,Experience Sampling Questions,1,4528320,,Marker Started at 9,One-Back Task
ESQ,3868.9952805000003,,Distracting_response,2.799999999999999,Experience Sampling Questions,1,4528320,,Marker Started at 4,One-Back Task
ESQ,3876.5946921,,Problem_response,7.400000000000002,Experience Sampling Questions,1,4528320,,Marker Started at 8,One-Back Task
ESQ,3880.5615678000004,,Absorption_response,4.00000000000001,Experience Sampling Questions,1,4528320,,Marker Started at 8,One-Back Task
 
Runtime Mod,-5
EXPERIMENT DATA:,One-Back Task
Start Time,3880.5705428
EXPERIMENT DATA:,Experience Sampling Questions
Start Time,3979.3258115000003
ESQ,3984.9583448000003,,Self_response,2.0,Experience Sampling Questions,1,4528320,,Marker Started at 2,One-Back Task
ESQ,3988.3916557000002,,Absorption_response,1.8999999999999984,Experience Sampling Questions,1,4528320,,Marker Started at 4,One-Back Task
ESQ,3991.9247977,,Intrusive_response,1.3999999999999977,Experience Sampling Questions,1,4528320,,Marker Started at 5,One-Back Task
ESQ,3997.192732,,Emotion_response,5.100000000000017,Experience Sampling Questions,1,4528320,,Marker Started at 10,One-Back Task
ESQ,4004.0241914000003,,Knowledge_response,2.0000000000000115,Experience Sampling Questions,1,4528320,,Marker Started at 9,One-Back Task
ESQ,4007.2740997,,Other_response,5.900000000000015,Experience Sampling Questions,1,4528320,,Marker Started at 10,One-Back Task
ESQ,4011.1740759000004,,Deliberate_response,1.7000000000000082,Experience Sampling Questions,1,4528320,,Marker Started at 8,One-Back Task
ESQ,4018.3410138000004,,Problem_response,7.199999999999992,Experience Sampling Questions,1,4528320,,Marker Started at 5,One-Back Task
ESQ,4021.7743801,,Distracting_response,1.5999999999999992,Experience Sampling Questions,1,4528320,,Marker Started at 3,One-Back Task
ESQ,4027.407755,,Past_response,6.399999999999997,Experience Sampling Questions,1,4528320,,Marker Started at 3,One-Back Task
ESQ,4033.7403047000003,,Modality_response,7.799999999999993,Experience Sampling Questions,1,4528320,,Marker Started at 2,One-Back Task
ESQ,4037.6902239000005,,Future_response,5.6000000000000085,Experience Sampling Questions,1,4528320,,Marker Started at 8,One-Back Task
ESQ,4042.4234025,,Detailed_response,6.3000000000000025,Experience Sampling Questions,1,4528320,,Marker Started at 7,One-Back Task
ESQ,4046.1569387000004,,Focus_response,8.199999999999989,Experience Sampling Questions,1,4528320,,Marker Started at 5,One-Back Task
 
Runtime Mod,-10
EXPERIMENT DATA:,Easy Math Task
Start Time,4071.1064747000005
EXPERIMENT DATA:,Experience Sampling Questions
Start Time,4170.556185099999
ESQ,4176.2188025,,Absorption_response,6.500000000000012,Experience Sampling Questions,1,4528320,,Marker Started at 10,Easy Math Task
ESQ,4179.75231,,Future_response,3.3000000000000163,Experience Sampling Questions,1,4528320,,Marker Started at 10,Easy Math Task
ESQ,4183.418539599999,,Intrusive_response,1.5999999999999992,Experience Sampling Questions,1,4528320,,Marker Started at 3,Easy Math Task
ESQ,4187.568761099999,,Emotion_response,5.400000000000006,Experience Sampling Questions,1,4528320,,Marker Started at 7,Easy Math Task
ESQ,4191.3512369,,Problem_response,7.999999999999992,Experience Sampling Questions,1,4528320,,Marker Started at 2,Easy Math Task
ESQ,4194.2183361,,Past_response,2.0,Experience Sampling Questions,1,4528320,,Marker Started at 2,Easy Math Task
ESQ,4196.6351563,,Distracting_response,2.0,Experience Sampling Questions,1,4528320,,Marker Started at 2,Easy Math Task
ESQ,4199.6346605,,Self_response,2.000000000000001,Experience Sampling Questions,1,4528320,,Marker Started at 6,Easy Math Task
ESQ,4202.567952699999,,Other_response,1.8999999999999984,Experience Sampling Questions,1,4528320,,Marker Started at 4,Easy Math Task
ESQ,4209.5346094999995,,Knowledge_response,9.1,Experience Sampling Questions,1,4528320,,Marker Started at 9,Easy Math Task
ESQ,4212.9175463,,Deliberate_response,8.799999999999994,Experience Sampling Questions,1,4528320,,Marker Started at 7,Easy Math Task
ESQ,4218.1336481,,Focus_response,9.799999999999983,Experience Sampling Questions,1,4528320,,Marker Started at 5,Easy Math Task
ESQ,4222.9333283,,Modality_response,10.0,Experience Sampling Questions,1,4528320,,Marker Started at 3,Easy Math Task
ESQ,4231.733287499999,,Detailed_response,9.499999999999986,Experience Sampling Questions,1,4528320,,Marker Started at 3,Easy Math Task
 
Runtime Mod,-15
EXPERIMENT DATA:,Easy Math Task
Start Time,4231.7488060999995
EXPERIMENT DATA:,Experience Sampling Questions
Start Time,4312.2849379
ESQ,4318.2309845,,Intrusive_response,2.900000000000009,Experience Sampling Questions,1,4528320,,Marker Started at 8,Easy Math Task
ESQ,4321.0139904,,Problem_response,8.399999999999995,Experience Sampling Questions,1,4528320,,Marker Started at 7,Easy Math Task
ESQ,4324.2800578,,Knowledge_response,9.099999999999993,Experience Sampling Questions,1,4528320,,Marker Started at 7,Easy Math Task
ESQ,4330.1643333,,Absorption_response,7.500000000000009,Experience Sampling Questions,1,4528320,,Marker Started at 10,Easy Math Task
ESQ,4333.2800851,,Self_response,1.7999999999999994,Experience Sampling Questions,1,4528320,,Marker Started at 3,Easy Math Task
ESQ,4336.1479051,,Deliberate_response,10.0,Experience Sampling Questions,1,4528320,,Marker Started at 10,Easy Math Task
ESQ,4339.3967309,,Future_response,2.400000000000005,Experience Sampling Questions,1,4528320,,Marker Started at 7,Easy Math Task
ESQ,4343.645697999999,,Modality_response,10.0,Experience Sampling Questions,1,4528320,,Marker Started at 3,Easy Math Task
ESQ,4347.529057299999,,Distracting_response,1.9999999999999973,Experience Sampling Questions,1,4528320,,Marker Started at 5,Easy Math Task
ESQ,4351.462704799999,,Emotion_response,5.300000000000017,Experience Sampling Questions,1,4528320,,Marker Started at 10,Easy Math Task
ESQ,4355.4957767999995,,Detailed_response,8.799999999999986,Experience Sampling Questions,1,4528320,,Marker Started at 4,Easy Math Task
ESQ,4358.46364,,Other_response,2.4999999999999987,Experience Sampling Questions,1,4528320,,Marker Started at 4,Easy Math Task
ESQ,4362.4966318,,Focus_response,9.999999999999984,Experience Sampling Questions,1,4528320,,Marker Started at 3,Easy Math Task
ESQ,4366.3466901,,Past_response,1.7000000000000082,Experience Sampling Questions,1,4528320,,Marker Started at 8,Easy Math Task
 
Runtime Mod,-12
EXPERIMENT DATA:,Hard Math Task
Start Time,4366.3698902
EXPERIMENT DATA:,Experience Sampling Questions
Start Time,4448.860103399999
ESQ,4454.792766199999,,Future_response,1.2000000000000117,Experience Sampling Questions,1,4528320,,Marker Started at 9,Hard Math Task
ESQ,4459.658990999999,,Emotion_response,6.099999999999997,Experience Sampling Questions,1,4528320,,Marker Started at 4,Hard Math Task
ESQ,4465.2756281,,Other_response,2.900000000000001,Experience Sampling Questions,1,4528320,,Marker Started at 2,Hard Math Task
ESQ,4468.4597114,,Problem_response,10.0,Experience Sampling Questions,1,4528320,,Marker Started at 9,Hard Math Task
ESQ,4472.8917888,,Self_response,1.6999999999999975,Experience Sampling Questions,1,4528320,,Marker Started at 5,Hard Math Task
ESQ,4476.3252163,,Focus_response,10.0,Experience Sampling Questions,1,4528320,,Marker Started at 3,Hard Math Task
ESQ,4479.7246728,,Detailed_response,9.0,Experience Sampling Questions,1,4528320,,Marker Started at 9,Hard Math Task
ESQ,4482.825403899999,,Modality_response,9.599999999999998,Experience Sampling Questions,1,4528320,,Marker Started at 9,Hard Math Task
ESQ,4486.474832999999,,Absorption_response,9.499999999999986,Experience Sampling Questions,1,4528320,,Marker Started at 4,Hard Math Task
ESQ,4489.4256416,,Intrusive_response,1.6999999999999993,Experience Sampling Questions,1,4528320,,Marker Started at 3,Hard Math Task
ESQ,4493.290892,,Past_response,3.799999999999999,Experience Sampling Questions,1,4528320,,Marker Started at 5,Hard Math Task
ESQ,4497.7912792,,Distracting_response,1.0,Experience Sampling Questions,1,4528320,,Marker Started at 10,Hard Math Task
ESQ,4501.1749957,,Knowledge_response,10.0,Experience Sampling Questions,1,4528320,,Marker Started at 10,Hard Math Task
ESQ,4505.040953899999,,Deliberate_response,10.0,Experience Sampling Questions,1,4528320,,Marker Started at 4,Hard Math Task
 
Runtime Mod,6
EXPERIMENT DATA:,Hard Math Task
Start Time,4505.05005
EXPERIMENT DATA:,Experience Sampling Questions
Start Time,4607.639671399999
ESQ,4614.370274299999,,Other_response,1.3,Experience Sampling Questions,1,4528320,,Marker Started at 3,Hard Math Task
ESQ,4617.1706065,,Modality_response,10.0,Experience Sampling Questions,1,4528320,,Marker Started at 10,Hard Math Task
ESQ,4619.7541977,,Problem_response,10.0,Experience Sampling Questions,1,4528320,,Marker Started at 8,Hard Math Task
ESQ,4622.6879712,,Knowledge_response,10.0,Experience Sampling Questions,1,4528320,,Marker Started at 10,Hard Math Task
ESQ,4625.420712499999,,Intrusive_response,1.2000000000000002,Experience Sampling Questions,1,4528320,,Marker Started at 2,Hard Math Task
ESQ,4629.103203799999,,Self_response,1.2000000000000082,Experience Sampling Questions,1,4528320,,Marker Started at 8,Hard Math Task
ESQ,4631.9365209,,Focus_response,10.0,Experience Sampling Questions,1,4528320,,Marker Started at 6,Hard Math Task
ESQ,4634.4873834,,Absorption_response,10.0,Experience Sampling Questions,1,4528320,,Marker Started at 9,Hard Math Task
ESQ,4638.0359929999995,,Distracting_response,1.0,Experience Sampling Questions,1,4528320,,Marker Started at 6,Hard Math Task
ESQ,4641.385742699999,,Deliberate_response,10.0,Experience Sampling Questions,1,4528320,,Marker Started at 7,Hard Math Task
ESQ,4644.3858291,,Detailed_response,10.0,Experience Sampling Questions,1,4528320,,Marker Started at 6,Hard Math Task
ESQ,4647.7869648999995,,Emotion_response,6.899999999999996,Experience Sampling Questions,1,4528320,,Marker Started at 2,Hard Math Task
ESQ,4653.0021925,,Past_response,1.7999999999999998,Experience Sampling Questions,1,4528320,,Marker Started at 4,Hard Math Task
ESQ,4655.3695207,,Future_response,2.0,Experience Sampling Questions,1,4528320,,Marker Started at 2,Hard Math Task
 
Runtime Mod,-5
EXPERIMENT DATA:,Reading Task
Start Time,4671.767752299999
EXPERIMENT DATA:,Experience Sampling Questions
Start Time,4771.499499099999
ESQ,4778.0495332,,Deliberate_response,8.300000000000002,Experience Sampling Questions,1,4528320,,Marker Started at 9,Reading Task
ESQ,4780.4982442,,Modality_response,10.0,Experience Sampling Questions,1,4528320,,Marker Started at 10,Reading Task
ESQ,4786.332334899999,,Distracting_response,3.100000000000002,Experience Sampling Questions,1,4528320,,Marker Started at 6,Reading Task
ESQ,4789.5654846,,Problem_response,3.300000000000009,Experience Sampling Questions,1,4528320,,Marker Started at 8,Reading Task
ESQ,4792.399004,,Emotion_response,6.399999999999999,Experience Sampling Questions,1,4528320,,Marker Started at 6,Reading Task
ESQ,4795.647953,,Intrusive_response,4.500000000000011,Experience Sampling Questions,1,4528320,,Marker Started at 8,Reading Task
ESQ,4800.8146293,,Past_response,2.3999999999999995,Experience Sampling Questions,1,4528320,,Marker Started at 3,Reading Task
ESQ,4809.0140915,,Knowledge_response,8.199999999999989,Experience Sampling Questions,1,4528320,,Marker Started at 5,Reading Task
ESQ,4814.2976681,,Detailed_response,3.100000000000002,Experience Sampling Questions,1,4528320,,Marker Started at 6,Reading Task
ESQ,4818.830264,,Self_response,2.1,Experience Sampling Questions,1,4528320,,Marker Started at 2,Reading Task
ESQ,4823.4638612,,Future_response,3.9000000000000026,Experience Sampling Questions,1,4528320,,Marker Started at 6,Reading Task
ESQ,4827.4641137,,Focus_response,8.500000000000005,Experience Sampling Questions,1,4528320,,Marker Started at 10,Reading Task
ESQ,4830.3963009,,Absorption_response,2.0,Experience Sampling Questions,1,4528320,,Marker Started at 2,Reading Task
ESQ,4833.280550699999,,Other_response,2.2999999999999985,Experience Sampling Questions,1,4528320,,Marker Started at 4,Reading Task
 
Runtime Mod,9
EXPERIMENT DATA:,Reading Task
Start Time,4833.2898423
EXPERIMENT DATA:,Experience Sampling Questions
Start Time,4937.3615764999995
ESQ,4946.3761067,,Intrusive_response,5.400000000000002,Experience Sampling Questions,1,4528320,,Marker Started at 6,Reading Task
ESQ,4950.1920927,,Knowledge_response,6.0,Experience Sampling Questions,1,4528320,,Marker Started at 6,Reading Task
ESQ,4953.2757289,,Other_response,7.099999999999996,Experience Sampling Questions,1,4528320,,Marker Started at 6,Reading Task
ESQ,4956.292122,,Problem_response,2.2999999999999976,Experience Sampling Questions,1,4528320,,Marker Started at 5,Reading Task
ESQ,4959.6923489,,Emotion_response,6.999999999999995,Experience Sampling Questions,1,4528320,,Marker Started at 3,Reading Task
ESQ,4963.6921598,,Detailed_response,1.900000000000015,Experience Sampling Questions,1,4528320,,Marker Started at 10,Reading Task
ESQ,4967.459529299999,,Focus_response,4.900000000000004,Experience Sampling Questions,1,4528320,,Marker Started at 6,Reading Task
ESQ,4974.1431121,,Modality_response,4.300000000000001,Experience Sampling Questions,1,4528320,,Marker Started at 4,Reading Task
ESQ,4977.9419824,,Deliberate_response,1.9999999999999973,Experience Sampling Questions,1,4528320,,Marker Started at 5,Reading Task
ESQ,4984.625180999999,,Absorption_response,8.399999999999995,Experience Sampling Questions,1,4528320,,Marker Started at 7,Reading Task
ESQ,4989.158356999999,,Distracting_response,6.800000000000004,Experience Sampling Questions,1,4528320,,Marker Started at 8,Reading Task
ESQ,4992.0909469,,Past_response,8.0,Experience Sampling Questions,1,4528320,,Marker Started at 8,Reading Task
ESQ,4995.3749159,,Self_response,6.000000000000011,Experience Sampling Questions,1,4528320,,Marker Started at 9,Reading Task
ESQ,4999.491833399999,,Future_response,2.699999999999998,Experience Sampling Questions,1,4528320,,Marker Started at 5,Reading Task
 
Runtime Mod,12
EXPERIMENT DATA:,Memory Task
Start Time,4999.5150342
EXPERIMENT DATA:,Experience Sampling Questions
Start Time,5061.7441049
ESQ,5069.8384066,,Deliberate_response,7.0,Experience Sampling Questions,1,4528320,,Marker Started at 7,Memory Task
ESQ,5070.8718742,,Absorption_response,8.0,Experience Sampling Questions,1,4528320,,Marker Started at 8,Memory Task
ESQ,5076.5888918,,Focus_response,6.6000000000000085,Experience Sampling Questions,1,4528320,,Marker Started at 9,Memory Task
ESQ,5079.2727422,,Intrusive_response,3.0,Experience Sampling Questions,1,4528320,,Marker Started at 3,Memory Task
ESQ,5084.638846,,Detailed_response,2.900000000000009,Experience Sampling Questions,1,4528320,,Marker Started at 8,Memory Task
ESQ,5089.372665,,Modality_response,1.5999999999999974,Experience Sampling Questions,1,4528320,,Marker Started at 5,Memory Task
ESQ,5094.5876105,,Past_response,9.59999999999999,Experience Sampling Questions,1,4528320,,Marker Started at 7,Memory Task
ESQ,5098.737709999999,,Emotion_response,7.400000000000002,Experience Sampling Questions,1,4528320,,Marker Started at 8,Memory Task
ESQ,5104.5047876,,Knowledge_response,9.500000000000002,Experience Sampling Questions,1,4528320,,Marker Started at 3,Memory Task
ESQ,5108.1372529,,Future_response,2.3000000000000083,Experience Sampling Questions,1,4528320,,Marker Started at 8,Memory Task
ESQ,5113.3208586,,Other_response,9.0,Experience Sampling Questions,1,4528320,,Marker Started at 9,Memory Task
ESQ,5117.8873183999995,,Distracting_response,1.6000000000000045,Experience Sampling Questions,1,4528320,,Marker Started at 7,Memory Task
ESQ,5122.3877360999995,,Problem_response,1.8000000000000116,Experience Sampling Questions,1,4528320,,Marker Started at 9,Memory Task
ESQ,5127.2195301,,Self_response,2.3999999999999986,Experience Sampling Questions,1,4528320,,Marker Started at 4,Memory Task
 
Runtime Mod,11
EXPERIMENT DATA:,Memory Task
Start Time,5127.2337837
EXPERIMENT DATA:,Experience Sampling Questions
Start Time,5159.4067784
ESQ,5165.2865980999995,,Deliberate_response,3.0,Experience Sampling Questions,1,4528320,,Marker Started at 3,Memory Task
ESQ,5168.519401099999,,Distracting_response,3.0,Experience Sampling Questions,1,4528320,,Marker Started at 3,Memory Task
ESQ,5172.2854118,,Knowledge_response,9.199999999999989,Experience Sampling Questions,1,4528320,,Marker Started at 2,Memory Task
ESQ,5178.403235,,Intrusive_response,2.000000000000008,Experience Sampling Questions,1,4528320,,Marker Started at 8,Memory Task
ESQ,5182.1178288,,Past_response,10.0,Experience Sampling Questions,1,4528320,,Marker Started at 4,Memory Task
ESQ,5185.2521949,,Problem_response,1.700000000000001,Experience Sampling Questions,1,4528320,,Marker Started at 6,Memory Task
ESQ,5189.1853905,,Detailed_response,6.200000000000006,Experience Sampling Questions,1,4528320,,Marker Started at 8,Memory Task
ESQ,5194.1511771,,Future_response,3.2000000000000126,Experience Sampling Questions,1,4528320,,Marker Started at 9,Memory Task
ESQ,5196.7344653,,Other_response,9.0,Experience Sampling Questions,1,4528320,,Marker Started at 9,Memory Task
ESQ,5200.8514083,,Self_response,2.000000000000001,Experience Sampling Questions,1,4528320,,Marker Started at 6,Memory Task
ESQ,5206.3192868,,Focus_response,8.799999999999988,Experience Sampling Questions,1,4528320,,Marker Started at 3,Memory Task
ESQ,5211.984573,,Absorption_response,4.100000000000014,Experience Sampling Questions,1,4528320,,Marker Started at 9,Memory Task
ESQ,5216.668017,,Emotion_response,6.099999999999997,Experience Sampling Questions,1,4528320,,Marker Started at 4,Memory Task
ESQ,5221.5841298,,Modality_response,1.9000000000000044,Experience Sampling Questions,1,4528320,,Marker Started at 7,Memory Task
