METADATA:
Block Runtime,Experiment Seed,Subject
90,8738616,subject011
Time after setup,5994.4260885
Timepoint,Time,Is_correct,Experience Sampling Question,Experience Sampling Response,Task,Task Iteration,Participant ID,Response_Key,Auxillary Data,Assoc Task
 
Runtime Mod,9
EXPERIMENT DATA:,One-Back Task
Start Time,6074.9719925
EXPERIMENT DATA:,Experience Sampling Questions
Start Time,6247.7773560000005
ESQ,6265.1978396,,Detailed_response,4.700000000000001,Experience Sampling Questions,1,8738616,,Marker Started at 3,One-Back Task
ESQ,6269.4636489,,Future_response,6.900000000000004,Experience Sampling Questions,1,8738616,,Marker Started at 8,One-Back Task
ESQ,6275.1480790000005,,Modality_response,9.199999999999992,Experience Sampling Questions,1,8738616,,Marker Started at 7,One-Back Task
ESQ,6280.913772700001,,Knowledge_response,5.800000000000011,Experience Sampling Questions,1,8738616,,Marker Started at 9,One-Back Task
ESQ,6286.7635324,,Problem_response,6.199999999999997,Experience Sampling Questions,1,8738616,,Marker Started at 4,One-Back Task
ESQ,6292.6808275,,Distracting_response,2.600000000000012,Experience Sampling Questions,1,8738616,,Marker Started at 9,One-Back Task
ESQ,6298.6126300000005,,Self_response,1.0000000000000082,Experience Sampling Questions,1,8738616,,Marker Started at 8,One-Back Task
ESQ,6302.3127596,,Emotion_response,8.199999999999996,Experience Sampling Questions,1,8738616,,Marker Started at 7,One-Back Task
ESQ,6306.9296789,,Past_response,2.9000000000000052,Experience Sampling Questions,1,8738616,,Marker Started at 7,One-Back Task
ESQ,6312.929430300001,,Deliberate_response,8.09999999999999,Experience Sampling Questions,1,8738616,,Marker Started at 2,One-Back Task
ESQ,6318.647140200001,,Absorption_response,6.699999999999997,Experience Sampling Questions,1,8738616,,Marker Started at 2,One-Back Task
ESQ,6322.5125587,,Intrusive_response,6.700000000000012,Experience Sampling Questions,1,8738616,,Marker Started at 10,One-Back Task
ESQ,6326.5131999000005,,Other_response,1.700000000000001,Experience Sampling Questions,1,8738616,,Marker Started at 6,One-Back Task
ESQ,6334.4624992,,Focus_response,1.7000000000000153,Experience Sampling Questions,1,8738616,,Marker Started at 10,One-Back Task
 
Runtime Mod,10
EXPERIMENT DATA:,One-Back Task
Start Time,6334.4816093
EXPERIMENT DATA:,Experience Sampling Questions
Start Time,6472.0438302
ESQ,6480.3748826,,Deliberate_response,8.0,Experience Sampling Questions,1,8738616,,Marker Started at 8,One-Back Task
ESQ,6486.5916395,,Emotion_response,8.399999999999988,Experience Sampling Questions,1,8738616,,Marker Started at 5,One-Back Task
ESQ,6490.3239779000005,,Modality_response,10.0,Experience Sampling Questions,1,8738616,,Marker Started at 4,One-Back Task
ESQ,6493.3742485,,Other_response,1.0,Experience Sampling Questions,1,8738616,,Marker Started at 5,One-Back Task
ESQ,6496.639851700001,,Problem_response,7.199999999999993,Experience Sampling Questions,1,8738616,,Marker Started at 4,One-Back Task
ESQ,6501.0735722,,Knowledge_response,10.0,Experience Sampling Questions,1,8738616,,Marker Started at 8,One-Back Task
ESQ,6504.2234691,,Focus_response,1.1,Experience Sampling Questions,1,8738616,,Marker Started at 2,One-Back Task
ESQ,6507.123304600001,,Future_response,1.8,Experience Sampling Questions,1,8738616,,Marker Started at 2,One-Back Task
ESQ,6509.9743165,,Detailed_response,8.599999999999998,Experience Sampling Questions,1,8738616,,Marker Started at 8,One-Back Task
ESQ,6512.322652600001,,Self_response,1.0,Experience Sampling Questions,1,8738616,,Marker Started at 2,One-Back Task
ESQ,6515.2892440000005,,Past_response,1.0,Experience Sampling Questions,1,8738616,,Marker Started at 5,One-Back Task
ESQ,6518.5392977,,Distracting_response,1.0,Experience Sampling Questions,1,8738616,,Marker Started at 7,One-Back Task
ESQ,6521.422923200001,,Intrusive_response,1.0,Experience Sampling Questions,1,8738616,,Marker Started at 6,One-Back Task
ESQ,6525.9068392,,Absorption_response,3.2,Experience Sampling Questions,1,8738616,,Marker Started at 3,One-Back Task
 
Runtime Mod,9
EXPERIMENT DATA:,Zero-Back Task
Start Time,6525.9247304
EXPERIMENT DATA:,Experience Sampling Questions
Start Time,6647.7216975
ESQ,6654.001966000001,,Deliberate_response,6.20000000000001,Experience Sampling Questions,1,8738616,,Marker Started at 9,Zero-Back Task
ESQ,6657.518572700001,,Focus_response,2.1000000000000045,Experience Sampling Questions,1,8738616,,Marker Started at 7,Zero-Back Task
ESQ,6660.1528948000005,,Absorption_response,4.500000000000007,Experience Sampling Questions,1,8738616,,Marker Started at 7,Zero-Back Task
ESQ,6662.8855979,,Past_response,3.900000000000006,Experience Sampling Questions,1,8738616,,Marker Started at 7,Zero-Back Task
ESQ,6663.9347814,,Other_response,10.0,Experience Sampling Questions,1,8738616,,Marker Started at 10,Zero-Back Task
ESQ,6666.702541600001,,Intrusive_response,3.0,Experience Sampling Questions,1,8738616,,Marker Started at 3,Zero-Back Task
ESQ,6669.651162900001,,Future_response,3.000000000000016,Experience Sampling Questions,1,8738616,,Marker Started at 10,Zero-Back Task
ESQ,6672.4687488,,Self_response,1.1,Experience Sampling Questions,1,8738616,,Marker Started at 2,Zero-Back Task
ESQ,6675.7342340000005,,Distracting_response,3.4000000000000004,Experience Sampling Questions,1,8738616,,Marker Started at 3,Zero-Back Task
ESQ,6678.384855300001,,Problem_response,5.300000000000013,Experience Sampling Questions,1,8738616,,Marker Started at 9,Zero-Back Task
ESQ,6682.018189,,Modality_response,8.59999999999999,Experience Sampling Questions,1,8738616,,Marker Started at 2,Zero-Back Task
ESQ,6685.5019461,,Knowledge_response,5.100000000000014,Experience Sampling Questions,1,8738616,,Marker Started at 9,Zero-Back Task
ESQ,6688.1010795,,Emotion_response,7.099999999999996,Experience Sampling Questions,1,8738616,,Marker Started at 6,Zero-Back Task
ESQ,6691.385383600001,,Detailed_response,7.999999999999993,Experience Sampling Questions,1,8738616,,Marker Started at 6,Zero-Back Task
 
Runtime Mod,-7
EXPERIMENT DATA:,Zero-Back Task
Start Time,6691.3948416
EXPERIMENT DATA:,Experience Sampling Questions
Start Time,6818.8999177000005
ESQ,6825.112893400001,,Problem_response,2.700000000000012,Experience Sampling Questions,1,8738616,,Marker Started at 9,Zero-Back Task
ESQ,6830.096296000001,,Distracting_response,1.9,Experience Sampling Questions,1,8738616,,Marker Started at 2,Zero-Back Task
ESQ,6833.314103000001,,Modality_response,4.700000000000001,Experience Sampling Questions,1,8738616,,Marker Started at 4,Zero-Back Task
ESQ,6836.612427200001,,Knowledge_response,6.799999999999996,Experience Sampling Questions,1,8738616,,Marker Started at 2,Zero-Back Task
ESQ,6840.795831,,Self_response,1.3000000000000118,Experience Sampling Questions,1,8738616,,Marker Started at 9,Zero-Back Task
ESQ,6843.2967995,,Emotion_response,6.799999999999997,Experience Sampling Questions,1,8738616,,Marker Started at 6,Zero-Back Task
ESQ,6847.9964492,,Detailed_response,6.800000000000001,Experience Sampling Questions,1,8738616,,Marker Started at 7,Zero-Back Task
ESQ,6852.1136334,,Focus_response,5.300000000000013,Experience Sampling Questions,1,8738616,,Marker Started at 9,Zero-Back Task
ESQ,6856.7616632,,Past_response,3.000000000000016,Experience Sampling Questions,1,8738616,,Marker Started at 10,Zero-Back Task
ESQ,6860.7634364000005,,Deliberate_response,3.9000000000000026,Experience Sampling Questions,1,8738616,,Marker Started at 6,Zero-Back Task
ESQ,6866.2446189,,Future_response,7.000000000000011,Experience Sampling Questions,1,8738616,,Marker Started at 10,Zero-Back Task
ESQ,6868.6961079,,Intrusive_response,5.000000000000007,Experience Sampling Questions,1,8738616,,Marker Started at 7,Zero-Back Task
ESQ,6875.6792922,,Absorption_response,7.499999999999993,Experience Sampling Questions,1,8738616,,Marker Started at 3,Zero-Back Task
ESQ,6878.6619521,,Other_response,6.499999999999996,Experience Sampling Questions,1,8738616,,Marker Started at 4,Zero-Back Task
 
Runtime Mod,7
EXPERIMENT DATA:,Reading Task
Start Time,6922.9943253
EXPERIMENT DATA:,Experience Sampling Questions
Start Time,7033.560610400001
ESQ,7043.1565877,,Past_response,2.3000000000000154,Experience Sampling Questions,1,8738616,,Marker Started at 10,Reading Task
ESQ,7047.8241119,,Absorption_response,1.0,Experience Sampling Questions,1,8738616,,Marker Started at 6,Reading Task
ESQ,7051.5571150000005,,Distracting_response,2.0,Experience Sampling Questions,1,8738616,,Marker Started at 2,Reading Task
ESQ,7055.707110900001,,Emotion_response,8.799999999999986,Experience Sampling Questions,1,8738616,,Marker Started at 4,Reading Task
ESQ,7059.7555812,,Problem_response,2.8000000000000016,Experience Sampling Questions,1,8738616,,Marker Started at 6,Reading Task
ESQ,7064.3061052,,Future_response,2.100000000000015,Experience Sampling Questions,1,8738616,,Marker Started at 10,Reading Task
ESQ,7071.8552655,,Focus_response,6.200000000000003,Experience Sampling Questions,1,8738616,,Marker Started at 7,Reading Task
ESQ,7076.555967300001,,Other_response,3.500000000000013,Experience Sampling Questions,1,8738616,,Marker Started at 9,Reading Task
ESQ,7082.171927,,Self_response,3.899999999999999,Experience Sampling Questions,1,8738616,,Marker Started at 5,Reading Task
ESQ,7086.7567974,,Knowledge_response,6.20000000000001,Experience Sampling Questions,1,8738616,,Marker Started at 9,Reading Task
ESQ,7091.3723189,,Deliberate_response,7.999999999999992,Experience Sampling Questions,1,8738616,,Marker Started at 2,Reading Task
ESQ,7095.472391300001,,Detailed_response,7.199999999999995,Experience Sampling Questions,1,8738616,,Marker Started at 2,Reading Task
ESQ,7097.888581800001,,Intrusive_response,4.600000000000001,Experience Sampling Questions,1,8738616,,Marker Started at 3,Reading Task
ESQ,7102.7047223,,Modality_response,8.300000000000002,Experience Sampling Questions,1,8738616,,Marker Started at 9,Reading Task
 
Runtime Mod,8
EXPERIMENT DATA:,Reading Task
Start Time,7102.7198829
EXPERIMENT DATA:,Experience Sampling Questions
Start Time,7208.9052763
ESQ,7214.7351508,,Intrusive_response,8.09999999999999,Experience Sampling Questions,1,8738616,,Marker Started at 4,Reading Task
ESQ,7219.135509600001,,Absorption_response,8.599999999999994,Experience Sampling Questions,1,8738616,,Marker Started at 7,Reading Task
ESQ,7222.7838515,,Detailed_response,4.8000000000000025,Experience Sampling Questions,1,8738616,,Marker Started at 2,Reading Task
ESQ,7225.802354500001,,Past_response,5.0,Experience Sampling Questions,1,8738616,,Marker Started at 5,Reading Task
ESQ,7232.0999546,,Distracting_response,4.800000000000018,Experience Sampling Questions,1,8738616,,Marker Started at 10,Reading Task
ESQ,7235.383934500001,,Knowledge_response,5.799999999999999,Experience Sampling Questions,1,8738616,,Marker Started at 3,Reading Task
ESQ,7238.1175220000005,,Problem_response,6.800000000000008,Experience Sampling Questions,1,8738616,,Marker Started at 9,Reading Task
ESQ,7240.7513471,,Deliberate_response,5.0,Experience Sampling Questions,1,8738616,,Marker Started at 5,Reading Task
ESQ,7249.201127300001,,Modality_response,5.499999999999999,Experience Sampling Questions,1,8738616,,Marker Started at 4,Reading Task
ESQ,7252.4843097,,Emotion_response,8.19999999999999,Experience Sampling Questions,1,8738616,,Marker Started at 3,Reading Task
ESQ,7255.3674286000005,,Focus_response,6.10000000000001,Experience Sampling Questions,1,8738616,,Marker Started at 9,Reading Task
ESQ,7258.6349099,,Self_response,3.3000000000000163,Experience Sampling Questions,1,8738616,,Marker Started at 10,Reading Task
ESQ,7260.9835259,,Future_response,7.30000000000001,Experience Sampling Questions,1,8738616,,Marker Started at 10,Reading Task
ESQ,7264.4170424,,Other_response,7.399999999999993,Experience Sampling Questions,1,8738616,,Marker Started at 3,Reading Task
 
Runtime Mod,-12
EXPERIMENT DATA:,Memory Task
Start Time,7264.444978400001
EXPERIMENT DATA:,Experience Sampling Questions
Start Time,7326.6849594000005
ESQ,7337.664312000001,,Detailed_response,9.499999999999984,Experience Sampling Questions,1,8738616,,Marker Started at 5,Memory Task
ESQ,7343.0977499,,Modality_response,2.0999999999999974,Experience Sampling Questions,1,8738616,,Marker Started at 5,Memory Task
ESQ,7347.3646103,,Past_response,10.0,Experience Sampling Questions,1,8738616,,Marker Started at 2,Memory Task
ESQ,7353.3146867000005,,Intrusive_response,5.3,Experience Sampling Questions,1,8738616,,Marker Started at 4,Memory Task
ESQ,7356.1633739,,Emotion_response,8.699999999999994,Experience Sampling Questions,1,8738616,,Marker Started at 7,Memory Task
ESQ,7358.963460700001,,Other_response,9.299999999999986,Experience Sampling Questions,1,8738616,,Marker Started at 4,Memory Task
ESQ,7361.8813458,,Distracting_response,1.8999999999999992,Experience Sampling Questions,1,8738616,,Marker Started at 3,Memory Task
ESQ,7368.380228100001,,Focus_response,3.200000000000001,Experience Sampling Questions,1,8738616,,Marker Started at 2,Memory Task
ESQ,7372.0960118,,Deliberate_response,9.499999999999988,Experience Sampling Questions,1,8738616,,Marker Started at 6,Memory Task
ESQ,7375.612479,,Problem_response,5.800000000000004,Experience Sampling Questions,1,8738616,,Marker Started at 7,Memory Task
ESQ,7380.413594500001,,Absorption_response,8.59999999999999,Experience Sampling Questions,1,8738616,,Marker Started at 2,Memory Task
ESQ,7383.495755,,Self_response,4.000000000000002,Experience Sampling Questions,1,8738616,,Marker Started at 2,Memory Task
ESQ,7386.480202000001,,Future_response,1.0,Experience Sampling Questions,1,8738616,,Marker Started at 2,Memory Task
ESQ,7390.812909300001,,Knowledge_response,10.0,Experience Sampling Questions,1,8738616,,Marker Started at 8,Memory Task
 
Runtime Mod,8
EXPERIMENT DATA:,Memory Task
Start Time,7390.8270731
EXPERIMENT DATA:,Experience Sampling Questions
Start Time,7430.5966214
ESQ,7445.6946416,,Focus_response,6.899999999999997,Experience Sampling Questions,1,8738616,,Marker Started at 6,Memory Task
ESQ,7448.4933644,,Problem_response,1.8,Experience Sampling Questions,1,8738616,,Marker Started at 2,Memory Task
ESQ,7451.493941600001,,Deliberate_response,9.099999999999985,Experience Sampling Questions,1,8738616,,Marker Started at 5,Memory Task
ESQ,7454.0098826,,Absorption_response,7.3999999999999915,Experience Sampling Questions,1,8738616,,Marker Started at 5,Memory Task
ESQ,7458.6442588,,Past_response,7.700000000000001,Experience Sampling Questions,1,8738616,,Marker Started at 8,Memory Task
ESQ,7462.5102813,,Future_response,3.100000000000002,Experience Sampling Questions,1,8738616,,Marker Started at 6,Memory Task
ESQ,7466.360165200001,,Emotion_response,7.999999999999991,Experience Sampling Questions,1,8738616,,Marker Started at 3,Memory Task
ESQ,7468.7595742,,Self_response,4.0,Experience Sampling Questions,1,8738616,,Marker Started at 4,Memory Task
ESQ,7473.677224,,Modality_response,4.40000000000001,Experience Sampling Questions,1,8738616,,Marker Started at 8,Memory Task
ESQ,7477.209777,,Distracting_response,3.800000000000006,Experience Sampling Questions,1,8738616,,Marker Started at 7,Memory Task
ESQ,7482.5098739000005,,Knowledge_response,7.79999999999999,Experience Sampling Questions,1,8738616,,Marker Started at 5,Memory Task
ESQ,7485.743227700001,,Other_response,8.29999999999999,Experience Sampling Questions,1,8738616,,Marker Started at 2,Memory Task
ESQ,7488.8593344,,Intrusive_response,4.100000000000001,Experience Sampling Questions,1,8738616,,Marker Started at 2,Memory Task
ESQ,7489.8931369,,Detailed_response,8.0,Experience Sampling Questions,1,8738616,,Marker Started at 8,Memory Task
 
Runtime Mod,-7
EXPERIMENT DATA:,You Task
Start Time,7536.3677837000005
EXPERIMENT DATA:,Experience Sampling Questions
Start Time,7634.395164500001
ESQ,7639.2207795,,Future_response,2.699999999999999,Experience Sampling Questions,1,8738616,,Marker Started at 4,You Task
ESQ,7643.387367300001,,Self_response,9.2,Experience Sampling Questions,1,8738616,,Marker Started at 9,You Task
ESQ,7646.7386923,,Knowledge_response,7.099999999999994,Experience Sampling Questions,1,8738616,,Marker Started at 3,You Task
ESQ,7650.2390899,,Intrusive_response,4.8000000000000025,Experience Sampling Questions,1,8738616,,Marker Started at 2,You Task
ESQ,7653.903970300001,,Modality_response,7.899999999999992,Experience Sampling Questions,1,8738616,,Marker Started at 2,You Task
ESQ,7659.4551067,,Deliberate_response,5.500000000000005,Experience Sampling Questions,1,8738616,,Marker Started at 7,You Task
ESQ,7662.587178600001,,Problem_response,4.0,Experience Sampling Questions,1,8738616,,Marker Started at 4,You Task
ESQ,7665.6701189000005,,Emotion_response,8.299999999999992,Experience Sampling Questions,1,8738616,,Marker Started at 6,You Task
ESQ,7669.2033084,,Detailed_response,7.700000000000005,Experience Sampling Questions,1,8738616,,Marker Started at 9,You Task
ESQ,7672.5531361,,Other_response,2.0999999999999974,Experience Sampling Questions,1,8738616,,Marker Started at 5,You Task
ESQ,7677.386592600001,,Focus_response,2.0000000000000044,Experience Sampling Questions,1,8738616,,Marker Started at 7,You Task
ESQ,7682.869857500001,,Absorption_response,4.799999999999999,Experience Sampling Questions,1,8738616,,Marker Started at 5,You Task
ESQ,7686.770689700001,,Past_response,5.3000000000000025,Experience Sampling Questions,1,8738616,,Marker Started at 6,You Task
ESQ,7690.319316,,Distracting_response,1.8999999999999975,Experience Sampling Questions,1,8738616,,Marker Started at 5,You Task
 
Runtime Mod,-7
EXPERIMENT DATA:,You Task
Start Time,7690.333887600001
EXPERIMENT DATA:,Experience Sampling Questions
Start Time,7781.1896924
ESQ,7787.0339523,,Deliberate_response,5.100000000000003,Experience Sampling Questions,1,8738616,,Marker Started at 6,You Task
ESQ,7790.2826221000005,,Emotion_response,8.199999999999989,Experience Sampling Questions,1,8738616,,Marker Started at 4,You Task
ESQ,7793.5332359,,Problem_response,5.000000000000018,Experience Sampling Questions,1,8738616,,Marker Started at 10,You Task
ESQ,7796.3997028,,Past_response,6.399999999999995,Experience Sampling Questions,1,8738616,,Marker Started at 5,You Task
ESQ,7799.4668348000005,,Absorption_response,4.200000000000003,Experience Sampling Questions,1,8738616,,Marker Started at 6,You Task
ESQ,7802.7510915,,Intrusive_response,5.0000000000000036,Experience Sampling Questions,1,8738616,,Marker Started at 6,You Task
ESQ,7805.6994574,,Future_response,2.8,Experience Sampling Questions,1,8738616,,Marker Started at 3,You Task
ESQ,7808.8002277000005,,Self_response,7.199999999999992,Experience Sampling Questions,1,8738616,,Marker Started at 5,You Task
ESQ,7812.365207100001,,Other_response,2.099999999999997,Experience Sampling Questions,1,8738616,,Marker Started at 5,You Task
ESQ,7817.7820848,,Modality_response,9.199999999999985,Experience Sampling Questions,1,8738616,,Marker Started at 5,You Task
ESQ,7821.9832213,,Distracting_response,1.3000000000000154,Experience Sampling Questions,1,8738616,,Marker Started at 10,You Task
ESQ,7826.2153469,,Focus_response,2.4000000000000004,Experience Sampling Questions,1,8738616,,Marker Started at 2,You Task
ESQ,7831.565708200001,,Knowledge_response,8.49999999999999,Experience Sampling Questions,1,8738616,,Marker Started at 4,You Task
ESQ,7836.016286100001,,Detailed_response,8.699999999999989,Experience Sampling Questions,1,8738616,,Marker Started at 2,You Task
 
Runtime Mod,-11
EXPERIMENT DATA:,Friend Task
Start Time,7836.0440926
EXPERIMENT DATA:,Experience Sampling Questions
Start Time,7920.7701207
ESQ,7926.729210400001,,Intrusive_response,4.800000000000007,Experience Sampling Questions,1,8738616,,Marker Started at 7,Friend Task
ESQ,7929.295233600001,,Detailed_response,8.100000000000003,Experience Sampling Questions,1,8738616,,Marker Started at 9,Friend Task
ESQ,7935.9950696000005,,Self_response,3.3000000000000163,Experience Sampling Questions,1,8738616,,Marker Started at 10,Friend Task
ESQ,7939.4616814,,Past_response,7.599999999999994,Experience Sampling Questions,1,8738616,,Marker Started at 6,Friend Task
ESQ,7944.011855600001,,Other_response,9.9,Experience Sampling Questions,1,8738616,,Marker Started at 5,Friend Task
ESQ,7949.4943628,,Knowledge_response,9.9,Experience Sampling Questions,1,8738616,,Marker Started at 8,Friend Task
ESQ,7952.4783121,,Absorption_response,8.0,Experience Sampling Questions,1,8738616,,Marker Started at 8,Friend Task
ESQ,7954.8778701,,Emotion_response,8.0,Experience Sampling Questions,1,8738616,,Marker Started at 8,Friend Task
ESQ,7959.1450393000005,,Modality_response,4.600000000000002,Experience Sampling Questions,1,8738616,,Marker Started at 2,Friend Task
ESQ,7961.960889700001,,Focus_response,2.899999999999998,Experience Sampling Questions,1,8738616,,Marker Started at 5,Friend Task
ESQ,7964.8112048,,Problem_response,5.199999999999999,Experience Sampling Questions,1,8738616,,Marker Started at 5,Friend Task
ESQ,7968.1442543,,Deliberate_response,7.899999999999993,Experience Sampling Questions,1,8738616,,Marker Started at 6,Friend Task
ESQ,7971.194369000001,,Future_response,2.4000000000000083,Experience Sampling Questions,1,8738616,,Marker Started at 8,Friend Task
ESQ,7974.4438508,,Distracting_response,2.099999999999999,Experience Sampling Questions,1,8738616,,Marker Started at 3,Friend Task
 
Runtime Mod,-11
EXPERIMENT DATA:,Friend Task
Start Time,7974.4585176
EXPERIMENT DATA:,Experience Sampling Questions
Start Time,8058.081712200001
ESQ,8063.2749816000005,,Problem_response,3.8000000000000096,Experience Sampling Questions,1,8738616,,Marker Started at 8,Friend Task
ESQ,8066.0077957,,Absorption_response,5.400000000000002,Experience Sampling Questions,1,8738616,,Marker Started at 6,Friend Task
ESQ,8069.3079838,,Deliberate_response,8.09999999999999,Experience Sampling Questions,1,8738616,,Marker Started at 4,Friend Task
ESQ,8071.9748850000005,,Past_response,9.399999999999988,Experience Sampling Questions,1,8738616,,Marker Started at 6,Friend Task
ESQ,8074.9416197,,Modality_response,3.6000000000000005,Experience Sampling Questions,1,8738616,,Marker Started at 3,Friend Task
ESQ,8078.1406673,,Focus_response,2.2999999999999985,Experience Sampling Questions,1,8738616,,Marker Started at 4,Friend Task
ESQ,8080.924163500001,,Self_response,1.0999999999999994,Experience Sampling Questions,1,8738616,,Marker Started at 3,Friend Task
ESQ,8083.7418352,,Emotion_response,8.300000000000006,Experience Sampling Questions,1,8738616,,Marker Started at 10,Friend Task
ESQ,8087.3248024,,Other_response,9.79999999999999,Experience Sampling Questions,1,8738616,,Marker Started at 7,Friend Task
ESQ,8091.6581407,,Detailed_response,8.699999999999987,Experience Sampling Questions,1,8738616,,Marker Started at 5,Friend Task
ESQ,8096.7413959000005,,Future_response,1.0,Experience Sampling Questions,1,8738616,,Marker Started at 6,Friend Task
ESQ,8099.7239202,,Intrusive_response,4.900000000000015,Experience Sampling Questions,1,8738616,,Marker Started at 9,Friend Task
ESQ,8103.557800500001,,Knowledge_response,9.499999999999988,Experience Sampling Questions,1,8738616,,Marker Started at 2,Friend Task
ESQ,8106.339224300001,,Distracting_response,1.9000000000000008,Experience Sampling Questions,1,8738616,,Marker Started at 6,Friend Task
 
Runtime Mod,7
EXPERIMENT DATA:,Hard Math Task
Start Time,8187.791172700001
EXPERIMENT DATA:,Experience Sampling Questions
Start Time,8303.7530828
ESQ,8309.6333478,,Knowledge_response,8.899999999999988,Experience Sampling Questions,1,8738616,,Marker Started at 4,Hard Math Task
ESQ,8312.1005671,,Deliberate_response,9.799999999999983,Experience Sampling Questions,1,8738616,,Marker Started at 5,Hard Math Task
ESQ,8314.850326400001,,Emotion_response,8.899999999999993,Experience Sampling Questions,1,8738616,,Marker Started at 7,Hard Math Task
ESQ,8315.883090700001,,Focus_response,5.1,Experience Sampling Questions,1,8738616,,Marker Started at 5,Hard Math Task
ESQ,8319.182875800001,,Intrusive_response,3.8000000000000167,Experience Sampling Questions,1,8738616,,Marker Started at 10,Hard Math Task
ESQ,8322.533621100001,,Other_response,1.0,Experience Sampling Questions,1,8738616,,Marker Started at 7,Hard Math Task
ESQ,8324.6829463,,Past_response,1.0,Experience Sampling Questions,1,8738616,,Marker Started at 4,Hard Math Task
ESQ,8328.0330527,,Problem_response,8.89999999999999,Experience Sampling Questions,1,8738616,,Marker Started at 6,Hard Math Task
ESQ,8330.5998384,,Absorption_response,7.800000000000008,Experience Sampling Questions,1,8738616,,Marker Started at 10,Hard Math Task
ESQ,8333.2493379,,Self_response,1.0,Experience Sampling Questions,1,8738616,,Marker Started at 3,Hard Math Task
ESQ,8337.965728500001,,Modality_response,9.299999999999985,Experience Sampling Questions,1,8738616,,Marker Started at 5,Hard Math Task
ESQ,8341.0155286,,Detailed_response,9.399999999999984,Experience Sampling Questions,1,8738616,,Marker Started at 5,Hard Math Task
ESQ,8344.148913500001,,Future_response,1.0,Experience Sampling Questions,1,8738616,,Marker Started at 4,Hard Math Task
ESQ,8347.0329712,,Distracting_response,1.4999999999999984,Experience Sampling Questions,1,8738616,,Marker Started at 4,Hard Math Task
 
Runtime Mod,-13
EXPERIMENT DATA:,Hard Math Task
Start Time,8347.044056300001
EXPERIMENT DATA:,Experience Sampling Questions
Start Time,8445.9487118
ESQ,8451.129163,,Focus_response,3.100000000000009,Experience Sampling Questions,1,8738616,,Marker Started at 8,Hard Math Task
ESQ,8454.063243,,Future_response,1.0000000000000002,Experience Sampling Questions,1,8738616,,Marker Started at 2,Hard Math Task
ESQ,8456.280027300001,,Intrusive_response,2.0,Experience Sampling Questions,1,8738616,,Marker Started at 2,Hard Math Task
ESQ,8460.112189,,Deliberate_response,8.099999999999989,Experience Sampling Questions,1,8738616,,Marker Started at 5,Hard Math Task
ESQ,8464.161647500001,,Other_response,1.7000000000000046,Experience Sampling Questions,1,8738616,,Marker Started at 7,Hard Math Task
ESQ,8467.4616748,,Distracting_response,1.0,Experience Sampling Questions,1,8738616,,Marker Started at 5,Hard Math Task
ESQ,8471.1629197,,Past_response,1.5,Experience Sampling Questions,1,8738616,,Marker Started at 5,Hard Math Task
ESQ,8474.6962241,,Modality_response,9.099999999999987,Experience Sampling Questions,1,8738616,,Marker Started at 4,Hard Math Task
ESQ,8479.4625754,,Problem_response,10.0,Experience Sampling Questions,1,8738616,,Marker Started at 10,Hard Math Task
ESQ,8482.1782979,,Detailed_response,8.599999999999994,Experience Sampling Questions,1,8738616,,Marker Started at 7,Hard Math Task
ESQ,8485.745228900001,,Self_response,1.0,Experience Sampling Questions,1,8738616,,Marker Started at 10,Hard Math Task
ESQ,8490.5290797,,Absorption_response,4.299999999999999,Experience Sampling Questions,1,8738616,,Marker Started at 5,Hard Math Task
ESQ,8494.2609229,,Emotion_response,7.89999999999999,Experience Sampling Questions,1,8738616,,Marker Started at 5,Hard Math Task
ESQ,8499.377400700001,,Knowledge_response,9.499999999999988,Experience Sampling Questions,1,8738616,,Marker Started at 2,Hard Math Task
 
Runtime Mod,-11
EXPERIMENT DATA:,Easy Math Task
Start Time,8499.4037922
EXPERIMENT DATA:,Experience Sampling Questions
Start Time,8589.412430100001
ESQ,8594.8582951,,Deliberate_response,9.199999999999987,Experience Sampling Questions,1,8738616,,Marker Started at 4,Easy Math Task
ESQ,8599.0747216,,Future_response,1.4000000000000081,Experience Sampling Questions,1,8738616,,Marker Started at 8,Easy Math Task
ESQ,8602.592203100001,,Focus_response,1.7000000000000082,Experience Sampling Questions,1,8738616,,Marker Started at 8,Easy Math Task
ESQ,8606.1240239,,Other_response,1.700000000000001,Experience Sampling Questions,1,8738616,,Marker Started at 6,Easy Math Task
ESQ,8608.5069734,,Detailed_response,6.900000000000004,Experience Sampling Questions,1,8738616,,Marker Started at 8,Easy Math Task
ESQ,8611.4424598,,Emotion_response,8.700000000000005,Experience Sampling Questions,1,8738616,,Marker Started at 10,Easy Math Task
ESQ,8612.4738969,,Knowledge_response,7.0,Experience Sampling Questions,1,8738616,,Marker Started at 7,Easy Math Task
ESQ,8615.3741137,,Intrusive_response,3.5999999999999983,Experience Sampling Questions,1,8738616,,Marker Started at 5,Easy Math Task
ESQ,8618.5246976,,Past_response,2.9999999999999982,Experience Sampling Questions,1,8738616,,Marker Started at 5,Easy Math Task
ESQ,8621.774592,,Problem_response,9.799999999999994,Experience Sampling Questions,1,8738616,,Marker Started at 8,Easy Math Task
ESQ,8624.6573888,,Absorption_response,5.400000000000016,Experience Sampling Questions,1,8738616,,Marker Started at 10,Easy Math Task
ESQ,8627.157458,,Self_response,2.4000000000000012,Experience Sampling Questions,1,8738616,,Marker Started at 6,Easy Math Task
ESQ,8630.9249151,,Distracting_response,2.8000000000000016,Experience Sampling Questions,1,8738616,,Marker Started at 6,Easy Math Task
ESQ,8635.4065723,,Modality_response,7.99999999999999,Experience Sampling Questions,1,8738616,,Marker Started at 4,Easy Math Task
 
Runtime Mod,11
EXPERIMENT DATA:,Easy Math Task
Start Time,8635.4216762
EXPERIMENT DATA:,Experience Sampling Questions
Start Time,8750.4210011
ESQ,8765.0194056,,Emotion_response,7.500000000000002,Experience Sampling Questions,1,8738616,,Marker Started at 8,Easy Math Task
ESQ,8767.9873001,,Past_response,2.099999999999999,Experience Sampling Questions,1,8738616,,Marker Started at 3,Easy Math Task
ESQ,8771.320787300001,,Future_response,3.8000000000000167,Experience Sampling Questions,1,8738616,,Marker Started at 10,Easy Math Task
ESQ,8775.1019937,,Knowledge_response,9.899999999999983,Experience Sampling Questions,1,8738616,,Marker Started at 5,Easy Math Task
ESQ,8779.219493300001,,Absorption_response,7.2999999999999945,Experience Sampling Questions,1,8738616,,Marker Started at 2,Easy Math Task
ESQ,8784.335598200001,,Problem_response,8.899999999999988,Experience Sampling Questions,1,8738616,,Marker Started at 4,Easy Math Task
ESQ,8788.0019271,,Intrusive_response,3.9000000000000017,Experience Sampling Questions,1,8738616,,Marker Started at 2,Easy Math Task
ESQ,8791.368221300001,,Other_response,2.799999999999999,Experience Sampling Questions,1,8738616,,Marker Started at 4,Easy Math Task
ESQ,8801.552589,,Detailed_response,6.0,Experience Sampling Questions,1,8738616,,Marker Started at 6,Easy Math Task
ESQ,8802.585219,,Self_response,7.0,Experience Sampling Questions,1,8738616,,Marker Started at 7,Easy Math Task
ESQ,8805.6017599,,Distracting_response,2.7000000000000157,Experience Sampling Questions,1,8738616,,Marker Started at 10,Easy Math Task
ESQ,8808.868127,,Modality_response,7.500000000000002,Experience Sampling Questions,1,8738616,,Marker Started at 8,Easy Math Task
ESQ,8812.2012748,,Deliberate_response,6.7999999999999945,Experience Sampling Questions,1,8738616,,Marker Started at 4,Easy Math Task
ESQ,8818.835538700001,,Focus_response,3.0,Experience Sampling Questions,1,8738616,,Marker Started at 3,Easy Math Task
 
Runtime Mod,9
EXPERIMENT DATA:,Movie Task
Start Time,8824.1430419
EXPERIMENT DATA:,Experience Sampling Questions
Start Time,8963.0008469
ESQ,8970.962656400001,,Focus_response,2.8000000000000016,Experience Sampling Questions,1,8738616,,Marker Started at 6,Movie Task
ESQ,8973.4620239,,Intrusive_response,5.200000000000003,Experience Sampling Questions,1,8738616,,Marker Started at 6,Movie Task
ESQ,8977.1451456,,Past_response,4.800000000000014,Experience Sampling Questions,1,8738616,,Marker Started at 9,Movie Task
ESQ,8981.0790882,,Distracting_response,6.300000000000013,Experience Sampling Questions,1,8738616,,Marker Started at 10,Movie Task
ESQ,8984.3292724,,Detailed_response,5.400000000000009,Experience Sampling Questions,1,8738616,,Marker Started at 8,Movie Task
ESQ,8989.1453008,,Self_response,2.900000000000016,Experience Sampling Questions,1,8738616,,Marker Started at 10,Movie Task
ESQ,8992.9461582,,Knowledge_response,7.299999999999992,Experience Sampling Questions,1,8738616,,Marker Started at 5,Movie Task
ESQ,9000.828248,,Absorption_response,4.9,Experience Sampling Questions,1,8738616,,Marker Started at 4,Movie Task
ESQ,9003.862203,,Future_response,4.400000000000014,Experience Sampling Questions,1,8738616,,Marker Started at 9,Movie Task
ESQ,9007.279021,,Problem_response,4.100000000000003,Experience Sampling Questions,1,8738616,,Marker Started at 6,Movie Task
ESQ,9011.0944917,,Other_response,4.2,Experience Sampling Questions,1,8738616,,Marker Started at 4,Movie Task
ESQ,9015.411278900001,,Modality_response,4.5,Experience Sampling Questions,1,8738616,,Marker Started at 4,Movie Task
ESQ,9018.6111939,,Emotion_response,6.599999999999995,Experience Sampling Questions,1,8738616,,Marker Started at 4,Movie Task
ESQ,9022.9440947,,Deliberate_response,3.8000000000000167,Experience Sampling Questions,1,8738616,,Marker Started at 10,Movie Task
 
Runtime Mod,7
EXPERIMENT DATA:,Movie Task
Start Time,9022.9583187
EXPERIMENT DATA:,Experience Sampling Questions
Start Time,9152.663530400001
ESQ,9159.8735147,,Knowledge_response,6.899999999999996,Experience Sampling Questions,1,8738616,,Marker Started at 2,Movie Task
ESQ,9163.4062262,,Problem_response,2.1999999999999993,Experience Sampling Questions,1,8738616,,Marker Started at 3,Movie Task
ESQ,9166.8064543,,Deliberate_response,4.500000000000002,Experience Sampling Questions,1,8738616,,Marker Started at 3,Movie Task
ESQ,9170.706350100001,,Distracting_response,4.6,Experience Sampling Questions,1,8738616,,Marker Started at 5,Movie Task
ESQ,9173.3239381,,Detailed_response,4.0,Experience Sampling Questions,1,8738616,,Marker Started at 4,Movie Task
ESQ,9177.1231586,,Absorption_response,3.9000000000000017,Experience Sampling Questions,1,8738616,,Marker Started at 2,Movie Task
ESQ,9180.439424,,Past_response,6.0,Experience Sampling Questions,1,8738616,,Marker Started at 6,Movie Task
ESQ,9183.0901201,,Focus_response,4.0,Experience Sampling Questions,1,8738616,,Marker Started at 4,Movie Task
ESQ,9185.505479700001,,Other_response,7.100000000000003,Experience Sampling Questions,1,8738616,,Marker Started at 8,Movie Task
ESQ,9188.9896124,,Modality_response,1.7000000000000002,Experience Sampling Questions,1,8738616,,Marker Started at 2,Movie Task
ESQ,9191.5229898,,Intrusive_response,6.300000000000006,Experience Sampling Questions,1,8738616,,Marker Started at 8,Movie Task
ESQ,9193.704936600001,,Self_response,3.8000000000000016,Experience Sampling Questions,1,8738616,,Marker Started at 2,Movie Task
ESQ,9196.5392287,,Emotion_response,7.499999999999994,Experience Sampling Questions,1,8738616,,Marker Started at 2,Movie Task
ESQ,9199.8395013,,Future_response,3.300000000000009,Experience Sampling Questions,1,8738616,,Marker Started at 8,Movie Task
 
Runtime Mod,-14
EXPERIMENT DATA:,Finger Tapping Task
Start Time,9207.1487793
EXPERIMENT DATA:,Experience Sampling Questions
Start Time,9335.9019149
ESQ,9341.901195,,Focus_response,1.100000000000001,Experience Sampling Questions,1,8738616,,Marker Started at 6,Finger Tapping Task
ESQ,9346.351201,,Other_response,1.8999999999999984,Experience Sampling Questions,1,8738616,,Marker Started at 4,Finger Tapping Task
ESQ,9349.2175594,,Knowledge_response,9.399999999999995,Experience Sampling Questions,1,8738616,,Marker Started at 8,Finger Tapping Task
ESQ,9351.3510341,,Future_response,3.000000000000001,Experience Sampling Questions,1,8738616,,Marker Started at 2,Finger Tapping Task
ESQ,9354.3503911,,Absorption_response,3.2999999999999985,Experience Sampling Questions,1,8738616,,Marker Started at 5,Finger Tapping Task
ESQ,9359.2007334,,Modality_response,8.500000000000002,Experience Sampling Questions,1,8738616,,Marker Started at 9,Finger Tapping Task
ESQ,9361.8168711,,Detailed_response,7.200000000000006,Experience Sampling Questions,1,8738616,,Marker Started at 9,Finger Tapping Task
ESQ,9366.2837244,,Self_response,2.3000000000000154,Experience Sampling Questions,1,8738616,,Marker Started at 10,Finger Tapping Task
ESQ,9368.6835474,,Deliberate_response,4.200000000000003,Experience Sampling Questions,1,8738616,,Marker Started at 6,Finger Tapping Task
ESQ,9372.700104900001,,Distracting_response,4.500000000000018,Experience Sampling Questions,1,8738616,,Marker Started at 10,Finger Tapping Task
ESQ,9375.7001083,,Past_response,4.800000000000018,Experience Sampling Questions,1,8738616,,Marker Started at 10,Finger Tapping Task
ESQ,9377.966566000001,,Intrusive_response,2.3999999999999986,Experience Sampling Questions,1,8738616,,Marker Started at 4,Finger Tapping Task
ESQ,9380.6493931,,Problem_response,4.000000000000001,Experience Sampling Questions,1,8738616,,Marker Started at 3,Finger Tapping Task
ESQ,9383.2490593,,Emotion_response,7.399999999999999,Experience Sampling Questions,1,8738616,,Marker Started at 7,Finger Tapping Task
 
Runtime Mod,11
EXPERIMENT DATA:,Finger Tapping Task
Start Time,9383.2609362
EXPERIMENT DATA:,Experience Sampling Questions
Start Time,9496.4966638
ESQ,9501.2124442,,Focus_response,4.0,Experience Sampling Questions,1,8738616,,Marker Started at 4,Finger Tapping Task
ESQ,9503.9124404,,Deliberate_response,4.699999999999999,Experience Sampling Questions,1,8738616,,Marker Started at 5,Finger Tapping Task
ESQ,9506.5122186,,Emotion_response,7.399999999999999,Experience Sampling Questions,1,8738616,,Marker Started at 7,Finger Tapping Task
ESQ,9509.162177600001,,Absorption_response,3.7000000000000015,Experience Sampling Questions,1,8738616,,Marker Started at 2,Finger Tapping Task
ESQ,9511.9623339,,Distracting_response,4.9000000000000075,Experience Sampling Questions,1,8738616,,Marker Started at 7,Finger Tapping Task
ESQ,9514.5287881,,Future_response,6.200000000000006,Experience Sampling Questions,1,8738616,,Marker Started at 8,Finger Tapping Task
ESQ,9516.5792058,,Self_response,3.900000000000006,Experience Sampling Questions,1,8738616,,Marker Started at 7,Finger Tapping Task
ESQ,9519.129027,,Other_response,4.200000000000002,Experience Sampling Questions,1,8738616,,Marker Started at 2,Finger Tapping Task
ESQ,9521.679171400001,,Problem_response,3.4999999999999996,Experience Sampling Questions,1,8738616,,Marker Started at 4,Finger Tapping Task
ESQ,9524.645473,,Intrusive_response,4.900000000000018,Experience Sampling Questions,1,8738616,,Marker Started at 10,Finger Tapping Task
ESQ,9528.961412800001,,Modality_response,5.600000000000012,Experience Sampling Questions,1,8738616,,Marker Started at 9,Finger Tapping Task
ESQ,9531.4290504,,Detailed_response,6.000000000000007,Experience Sampling Questions,1,8738616,,Marker Started at 8,Finger Tapping Task
ESQ,9534.995139300001,,Knowledge_response,8.199999999999989,Experience Sampling Questions,1,8738616,,Marker Started at 4,Finger Tapping Task
ESQ,9537.8949457,,Past_response,2.800000000000016,Experience Sampling Questions,1,8738616,,Marker Started at 10,Finger Tapping Task
 
Runtime Mod,13
EXPERIMENT DATA:,GoNoGo Task
Start Time,9537.9108571
EXPERIMENT DATA:,Experience Sampling Questions
Start Time,9672.7076094
ESQ,9679.2236694,,Detailed_response,2.0,Experience Sampling Questions,1,8738616,,Marker Started at 2,GoNoGo Task
ESQ,9681.924331100001,,Problem_response,2.100000000000001,Experience Sampling Questions,1,8738616,,Marker Started at 6,GoNoGo Task
ESQ,9684.3743572,,Future_response,5.700000000000005,Experience Sampling Questions,1,8738616,,Marker Started at 7,GoNoGo Task
ESQ,9688.173800100001,,Modality_response,3.500000000000002,Experience Sampling Questions,1,8738616,,Marker Started at 6,GoNoGo Task
ESQ,9691.4574057,,Deliberate_response,3.1000000000000054,Experience Sampling Questions,1,8738616,,Marker Started at 7,GoNoGo Task
ESQ,9695.6904716,,Focus_response,3.5000000000000164,Experience Sampling Questions,1,8738616,,Marker Started at 10,GoNoGo Task
ESQ,9701.489736200001,,Knowledge_response,5.500000000000009,Experience Sampling Questions,1,8738616,,Marker Started at 8,GoNoGo Task
ESQ,9704.2741994,,Intrusive_response,4.0,Experience Sampling Questions,1,8738616,,Marker Started at 4,GoNoGo Task
ESQ,9710.7561256,,Distracting_response,5.400000000000006,Experience Sampling Questions,1,8738616,,Marker Started at 7,GoNoGo Task
ESQ,9714.3228784,,Other_response,2.0,Experience Sampling Questions,1,8738616,,Marker Started at 2,GoNoGo Task
ESQ,9721.471943300001,,Emotion_response,5.6000000000000005,Experience Sampling Questions,1,8738616,,Marker Started at 2,GoNoGo Task
ESQ,9726.0724839,,Self_response,1.8000000000000045,Experience Sampling Questions,1,8738616,,Marker Started at 7,GoNoGo Task
ESQ,9731.3388794,,Absorption_response,4.900000000000002,Experience Sampling Questions,1,8738616,,Marker Started at 2,GoNoGo Task
ESQ,9734.1224323,,Past_response,3.0,Experience Sampling Questions,1,8738616,,Marker Started at 3,GoNoGo Task
 
Runtime Mod,-10
EXPERIMENT DATA:,GoNoGo Task
Start Time,9734.1422734
EXPERIMENT DATA:,Experience Sampling Questions
Start Time,9834.8033809
ESQ,9841.1847013,,Detailed_response,1.3999999999999977,Experience Sampling Questions,1,8738616,,Marker Started at 5,GoNoGo Task
ESQ,9844.001953500001,,Other_response,5.900000000000004,Experience Sampling Questions,1,8738616,,Marker Started at 7,GoNoGo Task
ESQ,9846.8025359,,Problem_response,3.7000000000000166,Experience Sampling Questions,1,8738616,,Marker Started at 10,GoNoGo Task
ESQ,9849.101386600001,,Absorption_response,6.300000000000013,Experience Sampling Questions,1,8738616,,Marker Started at 10,GoNoGo Task
ESQ,9852.0856206,,Deliberate_response,6.699999999999994,Experience Sampling Questions,1,8738616,,Marker Started at 5,GoNoGo Task
ESQ,9855.235661300001,,Emotion_response,5.600000000000001,Experience Sampling Questions,1,8738616,,Marker Started at 6,GoNoGo Task
ESQ,9858.3512302,,Past_response,5.800000000000004,Experience Sampling Questions,1,8738616,,Marker Started at 7,GoNoGo Task
ESQ,9860.6181706,,Self_response,5.20000000000001,Experience Sampling Questions,1,8738616,,Marker Started at 8,GoNoGo Task
ESQ,9863.0175497,,Knowledge_response,5.20000000000001,Experience Sampling Questions,1,8738616,,Marker Started at 8,GoNoGo Task
ESQ,9866.4011171,,Intrusive_response,7.999999999999989,Experience Sampling Questions,1,8738616,,Marker Started at 5,GoNoGo Task
ESQ,9869.3506868,,Modality_response,2.500000000000012,Experience Sampling Questions,1,8738616,,Marker Started at 9,GoNoGo Task
ESQ,9873.484855,,Future_response,7.69999999999999,Experience Sampling Questions,1,8738616,,Marker Started at 5,GoNoGo Task
ESQ,9875.5678405,,Distracting_response,9.0,Experience Sampling Questions,1,8738616,,Marker Started at 9,GoNoGo Task
ESQ,9879.8510769,,Focus_response,2.2999999999999976,Experience Sampling Questions,1,8738616,,Marker Started at 5,GoNoGo Task
