METADATA:
Block Runtime,Experiment Seed,Subject
90,3717451,subject015
Time after setup,768.0255304000166
Timepoint,Time,Is_correct,Experience Sampling Question,Experience Sampling Response,Task,Task Iteration,Participant ID,Response_Key,Auxillary Data,Assoc Task
 
Runtime Mod,13
EXPERIMENT DATA:,Friend Task
Start Time,814.5656887000077
EXPERIMENT DATA:,Experience Sampling Questions
Start Time,950.1830083999957
ESQ,981.1748618000129,,Deliberate_response,3.200000000000002,Experience Sampling Questions,1,3717451,,Marker Started at 6,Friend Task
ESQ,982.2076251000108,,Focus_response,10.0,Experience Sampling Questions,1,3717451,,Marker Started at 10,Friend Task
ESQ,1007.5066801000212,,Intrusive_response,1.0,Experience Sampling Questions,1,3717451,,Marker Started at 4,Friend Task
ESQ,1015.0228677999985,,Past_response,1.0,Experience Sampling Questions,1,3717451,,Marker Started at 8,Friend Task
ESQ,1027.372320399998,,Self_response,1.8000000000000116,Experience Sampling Questions,1,3717451,,Marker Started at 9,Friend Task
ESQ,1033.0064325999992,,Problem_response,1.0,Experience Sampling Questions,1,3717451,,Marker Started at 9,Friend Task
ESQ,1054.0217255000025,,Knowledge_response,10.0,Experience Sampling Questions,1,3717451,,Marker Started at 7,Friend Task
ESQ,1066.52088560001,,Distracting_response,1.6,Experience Sampling Questions,1,3717451,,Marker Started at 7,Friend Task
ESQ,1072.8380254000076,,Modality_response,10.0,Experience Sampling Questions,1,3717451,,Marker Started at 4,Friend Task
ESQ,1078.9215970000078,,Absorption_response,1.6000000000000045,Experience Sampling Questions,1,3717451,,Marker Started at 7,Friend Task
ESQ,1084.937897900003,,Detailed_response,7.299999999999993,Experience Sampling Questions,1,3717451,,Marker Started at 4,Friend Task
ESQ,1089.8209180000122,,Emotion_response,9.0,Experience Sampling Questions,1,3717451,,Marker Started at 9,Friend Task
ESQ,1099.4706091000116,,Other_response,8.29999999999999,Experience Sampling Questions,1,3717451,,Marker Started at 4,Friend Task
ESQ,1105.3866541000025,,Future_response,1.0,Experience Sampling Questions,1,3717451,,Marker Started at 10,Friend Task
 
Runtime Mod,12
EXPERIMENT DATA:,Friend Task
Start Time,1105.4185639000207
EXPERIMENT DATA:,Experience Sampling Questions
Start Time,1238.7556855000148
ESQ,1252.7646442000114,,Future_response,1.0,Experience Sampling Questions,1,3717451,,Marker Started at 10,Friend Task
ESQ,1259.9316014000215,,Emotion_response,10.0,Experience Sampling Questions,1,3717451,,Marker Started at 8,Friend Task
ESQ,1267.9817326000193,,Other_response,10.0,Experience Sampling Questions,1,3717451,,Marker Started at 7,Friend Task
ESQ,1272.5147681999952,,Distracting_response,1.0,Experience Sampling Questions,1,3717451,,Marker Started at 2,Friend Task
ESQ,1276.530347699998,,Intrusive_response,1.0,Experience Sampling Questions,1,3717451,,Marker Started at 3,Friend Task
ESQ,1283.8310432000144,,Detailed_response,7.299999999999993,Experience Sampling Questions,1,3717451,,Marker Started at 4,Friend Task
ESQ,1290.3800358000153,,Modality_response,10.0,Experience Sampling Questions,1,3717451,,Marker Started at 8,Friend Task
ESQ,1296.7791678000067,,Self_response,1.0,Experience Sampling Questions,1,3717451,,Marker Started at 8,Friend Task
ESQ,1305.028927300009,,Deliberate_response,2.3999999999999986,Experience Sampling Questions,1,3717451,,Marker Started at 4,Friend Task
ESQ,1308.329238700011,,Past_response,10.0,Experience Sampling Questions,1,3717451,,Marker Started at 10,Friend Task
ESQ,1315.912719600019,,Focus_response,1.0,Experience Sampling Questions,1,3717451,,Marker Started at 6,Friend Task
ESQ,1319.996317000012,,Knowledge_response,10.0,Experience Sampling Questions,1,3717451,,Marker Started at 10,Friend Task
ESQ,1328.4622151000076,,Absorption_response,2.200000000000001,Experience Sampling Questions,1,3717451,,Marker Started at 6,Friend Task
ESQ,1339.162399199995,,Problem_response,1.0,Experience Sampling Questions,1,3717451,,Marker Started at 7,Friend Task
 
Runtime Mod,11
EXPERIMENT DATA:,You Task
Start Time,1339.1917386999994
EXPERIMENT DATA:,Experience Sampling Questions
Start Time,1459.147993599996
ESQ,1471.323027800012,,Modality_response,10.0,Experience Sampling Questions,1,3717451,,Marker Started at 4,You Task
ESQ,1475.5067351000034,,Detailed_response,1.0,Experience Sampling Questions,1,3717451,,Marker Started at 4,You Task
ESQ,1479.622298900009,,Knowledge_response,10.0,Experience Sampling Questions,1,3717451,,Marker Started at 6,You Task
ESQ,1483.6407304000168,,Self_response,10.0,Experience Sampling Questions,1,3717451,,Marker Started at 10,You Task
ESQ,1488.8058047000086,,Focus_response,1.0,Experience Sampling Questions,1,3717451,,Marker Started at 9,You Task
ESQ,1492.6893838999968,,Future_response,1.0,Experience Sampling Questions,1,3717451,,Marker Started at 6,You Task
ESQ,1497.138964200014,,Emotion_response,10.0,Experience Sampling Questions,1,3717451,,Marker Started at 9,You Task
ESQ,1502.5234485999972,,Past_response,1.0,Experience Sampling Questions,1,3717451,,Marker Started at 3,You Task
ESQ,1506.871960599994,,Distracting_response,1.0,Experience Sampling Questions,1,3717451,,Marker Started at 4,You Task
ESQ,1510.657172600011,,Absorption_response,1.0,Experience Sampling Questions,1,3717451,,Marker Started at 7,You Task
ESQ,1514.4550249000022,,Other_response,1.0,Experience Sampling Questions,1,3717451,,Marker Started at 7,You Task
ESQ,1519.7213963000104,,Deliberate_response,1.0,Experience Sampling Questions,1,3717451,,Marker Started at 7,You Task
ESQ,1524.4892426000151,,Intrusive_response,1.0,Experience Sampling Questions,1,3717451,,Marker Started at 8,You Task
ESQ,1528.1382985000091,,Problem_response,1.0,Experience Sampling Questions,1,3717451,,Marker Started at 8,You Task
 
Runtime Mod,-9
EXPERIMENT DATA:,You Task
Start Time,1528.1518948000157
EXPERIMENT DATA:,Experience Sampling Questions
Start Time,1616.1918746000156
ESQ,1627.518253999995,,Distracting_response,1.0,Experience Sampling Questions,1,3717451,,Marker Started at 6,You Task
ESQ,1631.1676806000178,,Absorption_response,1.0,Experience Sampling Questions,1,3717451,,Marker Started at 10,You Task
ESQ,1639.5007774000114,,Past_response,1.8000000000000151,Experience Sampling Questions,1,3717451,,Marker Started at 7,You Task
ESQ,1644.283772099996,,Deliberate_response,1.0,Experience Sampling Questions,1,3717451,,Marker Started at 10,You Task
ESQ,1647.3008765999984,,Intrusive_response,1.0,Experience Sampling Questions,1,3717451,,Marker Started at 5,You Task
ESQ,1650.8667649000126,,Problem_response,1.0,Experience Sampling Questions,1,3717451,,Marker Started at 8,You Task
ESQ,1653.8170931000204,,Self_response,10.0,Experience Sampling Questions,1,3717451,,Marker Started at 9,You Task
ESQ,1657.6164198000042,,Emotion_response,10.0,Experience Sampling Questions,1,3717451,,Marker Started at 6,You Task
ESQ,1660.3496873000113,,Other_response,1.0,Experience Sampling Questions,1,3717451,,Marker Started at 3,You Task
ESQ,1663.9667427999957,,Detailed_response,1.0,Experience Sampling Questions,1,3717451,,Marker Started at 6,You Task
ESQ,1668.3499741000123,,Modality_response,10.0,Experience Sampling Questions,1,3717451,,Marker Started at 3,You Task
ESQ,1672.9501709000033,,Focus_response,1.0,Experience Sampling Questions,1,3717451,,Marker Started at 8,You Task
ESQ,1676.2338548999978,,Knowledge_response,10.0,Experience Sampling Questions,1,3717451,,Marker Started at 8,You Task
ESQ,1680.2158809000102,,Future_response,1.0,Experience Sampling Questions,1,3717451,,Marker Started at 7,You Task
 
Runtime Mod,-13
EXPERIMENT DATA:,GoNoGo Task
Start Time,1712.7205274000007
EXPERIMENT DATA:,Experience Sampling Questions
Start Time,1843.093476000009
ESQ,1859.3932605000155,,Focus_response,5.8,Experience Sampling Questions,1,3717451,,Marker Started at 2,GoNoGo Task
ESQ,1867.9594016000046,,Problem_response,1.0,Experience Sampling Questions,1,3717451,,Marker Started at 3,GoNoGo Task
ESQ,1872.4423227000225,,Distracting_response,7.9999999999999964,Experience Sampling Questions,1,3717451,,Marker Started at 7,GoNoGo Task
ESQ,1878.2747713999997,,Detailed_response,9.199999999999989,Experience Sampling Questions,1,3717451,,Marker Started at 6,GoNoGo Task
ESQ,1882.8939629000088,,Future_response,9.199999999999985,Experience Sampling Questions,1,3717451,,Marker Started at 5,GoNoGo Task
ESQ,1889.2087724000157,,Self_response,5.200000000000003,Experience Sampling Questions,1,3717451,,Marker Started at 6,GoNoGo Task
ESQ,1893.5757938000024,,Other_response,5.400000000000016,Experience Sampling Questions,1,3717451,,Marker Started at 10,GoNoGo Task
ESQ,1899.5084340000176,,Deliberate_response,1.0,Experience Sampling Questions,1,3717451,,Marker Started at 7,GoNoGo Task
ESQ,1904.6581985999946,,Absorption_response,8.0,Experience Sampling Questions,1,3717451,,Marker Started at 8,GoNoGo Task
ESQ,1916.6921631000005,,Emotion_response,4.9,Experience Sampling Questions,1,3717451,,Marker Started at 4,GoNoGo Task
ESQ,1932.3736399000045,,Knowledge_response,5.600000000000012,Experience Sampling Questions,1,3717451,,Marker Started at 9,GoNoGo Task
ESQ,1944.9900958000217,,Past_response,3.2,Experience Sampling Questions,1,3717451,,Marker Started at 10,GoNoGo Task
ESQ,1949.8565837000206,,Modality_response,5.400000000000001,Experience Sampling Questions,1,3717451,,Marker Started at 2,GoNoGo Task
ESQ,1954.8562956000096,,Intrusive_response,8.100000000000003,Experience Sampling Questions,1,3717451,,Marker Started at 9,GoNoGo Task
 
Runtime Mod,12
EXPERIMENT DATA:,GoNoGo Task
Start Time,1954.8724420000217
EXPERIMENT DATA:,Experience Sampling Questions
Start Time,2080.5357116000087
ESQ,2090.636100200005,,Past_response,5.000000000000002,Experience Sampling Questions,1,3717451,,Marker Started at 3,GoNoGo Task
ESQ,2094.6345132999995,,Modality_response,4.8000000000000105,Experience Sampling Questions,1,3717451,,Marker Started at 8,GoNoGo Task
ESQ,2100.6183201000094,,Intrusive_response,7.499999999999993,Experience Sampling Questions,1,3717451,,Marker Started at 3,GoNoGo Task
ESQ,2105.551111900015,,Focus_response,6.600000000000005,Experience Sampling Questions,1,3717451,,Marker Started at 8,GoNoGo Task
ESQ,2109.417925400019,,Other_response,1.0,Experience Sampling Questions,1,3717451,,Marker Started at 6,GoNoGo Task
ESQ,2113.5833484000177,,Problem_response,1.0,Experience Sampling Questions,1,3717451,,Marker Started at 9,GoNoGo Task
ESQ,2121.6169655999984,,Future_response,2.4999999999999996,Experience Sampling Questions,1,3717451,,Marker Started at 3,GoNoGo Task
ESQ,2133.066469900019,,Emotion_response,2.3999999999999977,Experience Sampling Questions,1,3717451,,Marker Started at 5,GoNoGo Task
ESQ,2139.149857200013,,Deliberate_response,1.0,Experience Sampling Questions,1,3717451,,Marker Started at 4,GoNoGo Task
ESQ,2143.0494449000107,,Detailed_response,5.100000000000014,Experience Sampling Questions,1,3717451,,Marker Started at 9,GoNoGo Task
ESQ,2147.716181399999,,Absorption_response,9.399999999999988,Experience Sampling Questions,1,3717451,,Marker Started at 6,GoNoGo Task
ESQ,2152.365967599995,,Distracting_response,7.399999999999994,Experience Sampling Questions,1,3717451,,Marker Started at 2,GoNoGo Task
ESQ,2156.9824690000096,,Knowledge_response,1.0,Experience Sampling Questions,1,3717451,,Marker Started at 8,GoNoGo Task
ESQ,2162.2653633000155,,Self_response,5.999999999999998,Experience Sampling Questions,1,3717451,,Marker Started at 3,GoNoGo Task
 
Runtime Mod,-10
EXPERIMENT DATA:,Finger Tapping Task
Start Time,2162.282541499997
EXPERIMENT DATA:,Experience Sampling Questions
Start Time,2279.7288738000207
ESQ,2289.0779022000206,,Other_response,1.0,Experience Sampling Questions,1,3717451,,Marker Started at 4,Finger Tapping Task
ESQ,2295.544456500007,,Future_response,2.0,Experience Sampling Questions,1,3717451,,Marker Started at 2,Finger Tapping Task
ESQ,2299.593611999997,,Intrusive_response,7.0,Experience Sampling Questions,1,3717451,,Marker Started at 7,Finger Tapping Task
ESQ,2306.326963300002,,Knowledge_response,4.900000000000015,Experience Sampling Questions,1,3717451,,Marker Started at 9,Finger Tapping Task
ESQ,2311.62653400001,,Self_response,3.7000000000000015,Experience Sampling Questions,1,3717451,,Marker Started at 2,Finger Tapping Task
ESQ,2322.276166900003,,Past_response,1.0,Experience Sampling Questions,1,3717451,,Marker Started at 6,Finger Tapping Task
ESQ,2328.593580000015,,Emotion_response,5.500000000000002,Experience Sampling Questions,1,3717451,,Marker Started at 6,Finger Tapping Task
ESQ,2333.1778101999953,,Problem_response,1.0,Experience Sampling Questions,1,3717451,,Marker Started at 6,Finger Tapping Task
ESQ,2338.2606412000023,,Detailed_response,1.0,Experience Sampling Questions,1,3717451,,Marker Started at 8,Finger Tapping Task
ESQ,2343.4260230000073,,Focus_response,4.0,Experience Sampling Questions,1,3717451,,Marker Started at 4,Finger Tapping Task
ESQ,2347.6270659000147,,Deliberate_response,1.0000000000000047,Experience Sampling Questions,1,3717451,,Marker Started at 7,Finger Tapping Task
ESQ,2353.259809500014,,Modality_response,10.0,Experience Sampling Questions,1,3717451,,Marker Started at 2,Finger Tapping Task
ESQ,2356.525805000012,,Absorption_response,10.0,Experience Sampling Questions,1,3717451,,Marker Started at 10,Finger Tapping Task
ESQ,2359.208708899998,,Distracting_response,9.0,Experience Sampling Questions,1,3717451,,Marker Started at 9,Finger Tapping Task
 
Runtime Mod,-7
EXPERIMENT DATA:,Finger Tapping Task
Start Time,2359.2212303999986
EXPERIMENT DATA:,Experience Sampling Questions
Start Time,2461.522423300019
ESQ,2467.8712611999945,,Deliberate_response,1.0,Experience Sampling Questions,1,3717451,,Marker Started at 6,Finger Tapping Task
ESQ,2471.77144880002,,Intrusive_response,7.9999999999999964,Experience Sampling Questions,1,3717451,,Marker Started at 7,Finger Tapping Task
ESQ,2474.887552100001,,Modality_response,10.0,Experience Sampling Questions,1,3717451,,Marker Started at 7,Finger Tapping Task
ESQ,2477.521054300014,,Emotion_response,5.0,Experience Sampling Questions,1,3717451,,Marker Started at 5,Finger Tapping Task
ESQ,2482.5375993000052,,Other_response,1.0,Experience Sampling Questions,1,3717451,,Marker Started at 7,Finger Tapping Task
ESQ,2486.3044994999946,,Detailed_response,1.1000000000000116,Experience Sampling Questions,1,3717451,,Marker Started at 9,Finger Tapping Task
ESQ,2489.4539578999975,,Distracting_response,7.6999999999999975,Experience Sampling Questions,1,3717451,,Marker Started at 7,Finger Tapping Task
ESQ,2493.5370434000215,,Future_response,1.0,Experience Sampling Questions,1,3717451,,Marker Started at 4,Finger Tapping Task
ESQ,2497.786212100007,,Focus_response,5.200000000000006,Experience Sampling Questions,1,3717451,,Marker Started at 7,Finger Tapping Task
ESQ,2502.019604800007,,Past_response,1.0,Experience Sampling Questions,1,3717451,,Marker Started at 7,Finger Tapping Task
ESQ,2504.7533230000117,,Problem_response,1.0,Experience Sampling Questions,1,3717451,,Marker Started at 3,Finger Tapping Task
ESQ,2510.2696451999946,,Absorption_response,8.899999999999988,Experience Sampling Questions,1,3717451,,Marker Started at 4,Finger Tapping Task
ESQ,2513.7368033000093,,Knowledge_response,1.0,Experience Sampling Questions,1,3717451,,Marker Started at 6,Finger Tapping Task
ESQ,2519.4366546999954,,Self_response,8.49999999999999,Experience Sampling Questions,1,3717451,,Marker Started at 4,Finger Tapping Task
 
Runtime Mod,-9
EXPERIMENT DATA:,Easy Math Task
Start Time,2547.384513099998
EXPERIMENT DATA:,Experience Sampling Questions
Start Time,2651.3332924999995
ESQ,2657.1647039999953,,Detailed_response,1.0,Experience Sampling Questions,1,3717451,,Marker Started at 4,Easy Math Task
ESQ,2661.6815425000095,,Emotion_response,5.100000000000002,Experience Sampling Questions,1,3717451,,Marker Started at 2,Easy Math Task
ESQ,2664.5980839999975,,Modality_response,10.0,Experience Sampling Questions,1,3717451,,Marker Started at 10,Easy Math Task
ESQ,2673.6972429000016,,Absorption_response,2.799999999999998,Experience Sampling Questions,1,3717451,,Marker Started at 5,Easy Math Task
ESQ,2680.181150300021,,Knowledge_response,7.0,Experience Sampling Questions,1,3717451,,Marker Started at 7,Easy Math Task
ESQ,2687.063346400013,,Intrusive_response,4.600000000000002,Experience Sampling Questions,1,3717451,,Marker Started at 2,Easy Math Task
ESQ,2691.4977611000068,,Self_response,5.499999999999999,Experience Sampling Questions,1,3717451,,Marker Started at 4,Easy Math Task
ESQ,2695.6126342000207,,Deliberate_response,1.0,Experience Sampling Questions,1,3717451,,Marker Started at 9,Easy Math Task
ESQ,2696.646447100007,,Future_response,3.0,Experience Sampling Questions,1,3717451,,Marker Started at 3,Easy Math Task
ESQ,2703.397056000016,,Past_response,1.0,Experience Sampling Questions,1,3717451,,Marker Started at 4,Easy Math Task
ESQ,2708.9461430000083,,Other_response,2.8000000000000007,Experience Sampling Questions,1,3717451,,Marker Started at 9,Easy Math Task
ESQ,2714.296205200022,,Problem_response,1.0,Experience Sampling Questions,1,3717451,,Marker Started at 10,Easy Math Task
ESQ,2722.1798759000085,,Focus_response,4.000000000000003,Experience Sampling Questions,1,3717451,,Marker Started at 6,Easy Math Task
ESQ,2729.7463751000178,,Distracting_response,6.700000000000001,Experience Sampling Questions,1,3717451,,Marker Started at 7,Easy Math Task
 
Runtime Mod,-6
EXPERIMENT DATA:,Easy Math Task
Start Time,2729.7613810000184
EXPERIMENT DATA:,Experience Sampling Questions
Start Time,2823.9966748000006
ESQ,2830.358495499997,,Past_response,1.0,Experience Sampling Questions,1,3717451,,Marker Started at 7,Easy Math Task
ESQ,2834.7747369999997,,Self_response,10.0,Experience Sampling Questions,1,3717451,,Marker Started at 7,Easy Math Task
ESQ,2837.659216500004,,Intrusive_response,10.0,Experience Sampling Questions,1,3717451,,Marker Started at 8,Easy Math Task
ESQ,2840.875886900001,,Modality_response,10.0,Experience Sampling Questions,1,3717451,,Marker Started at 6,Easy Math Task
ESQ,2844.0750816999935,,Deliberate_response,1.0,Experience Sampling Questions,1,3717451,,Marker Started at 2,Easy Math Task
ESQ,2848.6247172000003,,Detailed_response,1.0,Experience Sampling Questions,1,3717451,,Marker Started at 2,Easy Math Task
ESQ,2851.5920099000214,,Distracting_response,8.59999999999999,Experience Sampling Questions,1,3717451,,Marker Started at 6,Easy Math Task
ESQ,2856.074148900021,,Future_response,7.299999999999994,Experience Sampling Questions,1,3717451,,Marker Started at 3,Easy Math Task
ESQ,2859.723892000009,,Focus_response,8.699999999999987,Experience Sampling Questions,1,3717451,,Marker Started at 5,Easy Math Task
ESQ,2863.6243226000224,,Absorption_response,8.100000000000007,Experience Sampling Questions,1,3717451,,Marker Started at 10,Easy Math Task
ESQ,2868.2251485000015,,Knowledge_response,8.0,Experience Sampling Questions,1,3717451,,Marker Started at 8,Easy Math Task
ESQ,2871.091233400017,,Problem_response,1.0,Experience Sampling Questions,1,3717451,,Marker Started at 3,Easy Math Task
ESQ,2874.7738227999944,,Other_response,4.000000000000002,Experience Sampling Questions,1,3717451,,Marker Started at 2,Easy Math Task
ESQ,2879.7238114000065,,Emotion_response,1.3000000000000003,Experience Sampling Questions,1,3717451,,Marker Started at 2,Easy Math Task
 
Runtime Mod,13
EXPERIMENT DATA:,Hard Math Task
Start Time,2879.7506450999936
EXPERIMENT DATA:,Experience Sampling Questions
Start Time,3055.570601400017
ESQ,3062.900148100016,,Other_response,6.500000000000012,Experience Sampling Questions,1,3717451,,Marker Started at 10,Hard Math Task
ESQ,3066.5175971999997,,Problem_response,1.0,Experience Sampling Questions,1,3717451,,Marker Started at 7,Hard Math Task
ESQ,3071.0503026000224,,Knowledge_response,1.0,Experience Sampling Questions,1,3717451,,Marker Started at 2,Hard Math Task
ESQ,3079.8491094000055,,Modality_response,5.800000000000015,Experience Sampling Questions,1,3717451,,Marker Started at 2,Hard Math Task
ESQ,3083.9823139999935,,Detailed_response,4.700000000000001,Experience Sampling Questions,1,3717451,,Marker Started at 4,Hard Math Task
ESQ,3088.9491140000173,,Future_response,9.099999999999993,Experience Sampling Questions,1,3717451,,Marker Started at 7,Hard Math Task
ESQ,3091.9497269999993,,Emotion_response,2.8000000000000007,Experience Sampling Questions,1,3717451,,Marker Started at 2,Hard Math Task
ESQ,3095.165431900008,,Intrusive_response,9.399999999999991,Experience Sampling Questions,1,3717451,,Marker Started at 7,Hard Math Task
ESQ,3098.2659427000035,,Absorption_response,7.79999999999999,Experience Sampling Questions,1,3717451,,Marker Started at 5,Hard Math Task
ESQ,3101.3820404,,Self_response,9.799999999999986,Experience Sampling Questions,1,3717451,,Marker Started at 6,Hard Math Task
ESQ,3104.0816620000114,,Deliberate_response,1.0,Experience Sampling Questions,1,3717451,,Marker Started at 3,Hard Math Task
ESQ,3106.7655847000133,,Distracting_response,8.199999999999996,Experience Sampling Questions,1,3717451,,Marker Started at 7,Hard Math Task
ESQ,3110.34880170002,,Focus_response,8.1,Experience Sampling Questions,1,3717451,,Marker Started at 8,Hard Math Task
ESQ,3114.5654604000156,,Past_response,1.0,Experience Sampling Questions,1,3717451,,Marker Started at 5,Hard Math Task
 
Runtime Mod,-9
EXPERIMENT DATA:,Hard Math Task
Start Time,3114.579399200011
EXPERIMENT DATA:,Experience Sampling Questions
Start Time,3207.798499700002
ESQ,3213.6458792000194,,Problem_response,1.0,Experience Sampling Questions,1,3717451,,Marker Started at 10,Hard Math Task
ESQ,3217.0460076000018,,Past_response,1.0,Experience Sampling Questions,1,3717451,,Marker Started at 2,Hard Math Task
ESQ,3219.8779414000164,,Focus_response,6.799999999999995,Experience Sampling Questions,1,3717451,,Marker Started at 3,Hard Math Task
ESQ,3223.12778000001,,Detailed_response,2.7000000000000015,Experience Sampling Questions,1,3717451,,Marker Started at 6,Hard Math Task
ESQ,3228.1279550000036,,Future_response,9.599999999999987,Experience Sampling Questions,1,3717451,,Marker Started at 6,Hard Math Task
ESQ,3231.5105833999987,,Modality_response,5.400000000000006,Experience Sampling Questions,1,3717451,,Marker Started at 7,Hard Math Task
ESQ,3234.1772208000184,,Absorption_response,8.0,Experience Sampling Questions,1,3717451,,Marker Started at 8,Hard Math Task
ESQ,3237.2777202000143,,Emotion_response,2.8000000000000087,Experience Sampling Questions,1,3717451,,Marker Started at 8,Hard Math Task
ESQ,3240.1607302000048,,Distracting_response,7.499999999999993,Experience Sampling Questions,1,3717451,,Marker Started at 3,Hard Math Task
ESQ,3243.277416099998,,Self_response,7.999999999999991,Experience Sampling Questions,1,3717451,,Marker Started at 3,Hard Math Task
ESQ,3246.077198700019,,Deliberate_response,1.0,Experience Sampling Questions,1,3717451,,Marker Started at 5,Hard Math Task
ESQ,3248.710223800008,,Intrusive_response,8.399999999999991,Experience Sampling Questions,1,3717451,,Marker Started at 6,Hard Math Task
ESQ,3251.5440844999976,,Knowledge_response,7.099999999999993,Experience Sampling Questions,1,3717451,,Marker Started at 4,Hard Math Task
ESQ,3254.3104271000193,,Other_response,8.399999999999995,Experience Sampling Questions,1,3717451,,Marker Started at 7,Hard Math Task
 
Runtime Mod,8
EXPERIMENT DATA:,Reading Task
Start Time,3294.762315900007
EXPERIMENT DATA:,Experience Sampling Questions
Start Time,3403.3913792000094
ESQ,3414.4712171000137,,Intrusive_response,3.200000000000002,Experience Sampling Questions,1,3717451,,Marker Started at 6,Reading Task
ESQ,3418.037838599994,,Past_response,1.0,Experience Sampling Questions,1,3717451,,Marker Started at 5,Reading Task
ESQ,3421.4369783000147,,Modality_response,10.0,Experience Sampling Questions,1,3717451,,Marker Started at 8,Reading Task
ESQ,3424.9215915999957,,Deliberate_response,1.0,Experience Sampling Questions,1,3717451,,Marker Started at 7,Reading Task
ESQ,3428.9869553000026,,Other_response,7.099999999999995,Experience Sampling Questions,1,3717451,,Marker Started at 2,Reading Task
ESQ,3431.6200945000164,,Problem_response,1.4000000000000046,Experience Sampling Questions,1,3717451,,Marker Started at 7,Reading Task
ESQ,3436.02058500002,,Distracting_response,7.299999999999992,Experience Sampling Questions,1,3717451,,Marker Started at 5,Reading Task
ESQ,3452.686690900009,,Future_response,7.999999999999992,Experience Sampling Questions,1,3717451,,Marker Started at 2,Reading Task
ESQ,3456.9689894000185,,Knowledge_response,5.899999999999998,Experience Sampling Questions,1,3717451,,Marker Started at 4,Reading Task
ESQ,3460.5023490000167,,Self_response,5.600000000000016,Experience Sampling Questions,1,3717451,,Marker Started at 10,Reading Task
ESQ,3463.519587799994,,Focus_response,8.0,Experience Sampling Questions,1,3717451,,Marker Started at 8,Reading Task
ESQ,3466.9018410000135,,Detailed_response,1.6000000000000045,Experience Sampling Questions,1,3717451,,Marker Started at 7,Reading Task
ESQ,3469.7354032000003,,Emotion_response,6.199999999999997,Experience Sampling Questions,1,3717451,,Marker Started at 4,Reading Task
ESQ,3473.1357655000174,,Absorption_response,5.7,Experience Sampling Questions,1,3717451,,Marker Started at 2,Reading Task
 
Runtime Mod,-11
EXPERIMENT DATA:,Reading Task
Start Time,3473.151465200004
EXPERIMENT DATA:,Experience Sampling Questions
Start Time,3566.1860528000107
ESQ,3580.7145300999982,,Distracting_response,7.199999999999995,Experience Sampling Questions,1,3717451,,Marker Started at 2,Reading Task
ESQ,3583.648438700009,,Absorption_response,7.899999999999992,Experience Sampling Questions,1,3717451,,Marker Started at 2,Reading Task
ESQ,3587.3476757000026,,Emotion_response,3.5999999999999996,Experience Sampling Questions,1,3717451,,Marker Started at 4,Reading Task
ESQ,3590.114642600005,,Problem_response,1.0,Experience Sampling Questions,1,3717451,,Marker Started at 7,Reading Task
ESQ,3592.5806611000153,,Self_response,7.399999999999992,Experience Sampling Questions,1,3717451,,Marker Started at 4,Reading Task
ESQ,3595.197508800018,,Other_response,7.89999999999999,Experience Sampling Questions,1,3717451,,Marker Started at 5,Reading Task
ESQ,3597.947732200002,,Modality_response,7.199999999999992,Experience Sampling Questions,1,3717451,,Marker Started at 5,Reading Task
ESQ,3600.264283700002,,Detailed_response,1.1999999999999993,Experience Sampling Questions,1,3717451,,Marker Started at 3,Reading Task
ESQ,3603.263694399997,,Knowledge_response,6.7999999999999945,Experience Sampling Questions,1,3717451,,Marker Started at 4,Reading Task
ESQ,3605.7631753000023,,Intrusive_response,7.799999999999994,Experience Sampling Questions,1,3717451,,Marker Started at 6,Reading Task
ESQ,3610.696090900019,,Future_response,7.0,Experience Sampling Questions,1,3717451,,Marker Started at 7,Reading Task
ESQ,3613.9465516000055,,Past_response,1.1000000000000116,Experience Sampling Questions,1,3717451,,Marker Started at 9,Reading Task
ESQ,3617.013504600007,,Focus_response,7.100000000000007,Experience Sampling Questions,1,3717451,,Marker Started at 9,Reading Task
ESQ,3619.4979475,,Deliberate_response,1.0999999999999976,Experience Sampling Questions,1,3717451,,Marker Started at 5,Reading Task
 
Runtime Mod,9
EXPERIMENT DATA:,Memory Task
Start Time,3619.515758499998
EXPERIMENT DATA:,Experience Sampling Questions
Start Time,3723.0309205999947
ESQ,3729.5930737000017,,Other_response,8.19999999999999,Experience Sampling Questions,1,3717451,,Marker Started at 3,Memory Task
ESQ,3735.0760669000156,,Emotion_response,5.899999999999997,Experience Sampling Questions,1,3717451,,Marker Started at 5,Memory Task
ESQ,3743.3419664000103,,Deliberate_response,6.899999999999996,Experience Sampling Questions,1,3717451,,Marker Started at 2,Memory Task
ESQ,3747.225444600015,,Absorption_response,2.599999999999998,Experience Sampling Questions,1,3717451,,Marker Started at 5,Memory Task
ESQ,3751.842144800001,,Future_response,1.0,Experience Sampling Questions,1,3717451,,Marker Started at 5,Memory Task
ESQ,3755.4250579999934,,Distracting_response,2.0,Experience Sampling Questions,1,3717451,,Marker Started at 2,Memory Task
ESQ,3759.742187900003,,Modality_response,3.9000000000000026,Experience Sampling Questions,1,3717451,,Marker Started at 6,Memory Task
ESQ,3765.1086305000063,,Knowledge_response,10.0,Experience Sampling Questions,1,3717451,,Marker Started at 9,Memory Task
ESQ,3768.2089149999956,,Intrusive_response,1.1999999999999993,Experience Sampling Questions,1,3717451,,Marker Started at 3,Memory Task
ESQ,3774.9907471000042,,Self_response,5.499999999999999,Experience Sampling Questions,1,3717451,,Marker Started at 4,Memory Task
ESQ,3778.8913228000165,,Focus_response,1.3999999999999977,Experience Sampling Questions,1,3717451,,Marker Started at 5,Memory Task
ESQ,3782.557728100015,,Problem_response,1.0,Experience Sampling Questions,1,3717451,,Marker Started at 6,Memory Task
ESQ,3790.2073028000013,,Detailed_response,4.200000000000001,Experience Sampling Questions,1,3717451,,Marker Started at 3,Memory Task
ESQ,3794.70759190002,,Past_response,10.0,Experience Sampling Questions,1,3717451,,Marker Started at 2,Memory Task
 
Runtime Mod,-13
EXPERIMENT DATA:,Memory Task
Start Time,3794.722635300015
EXPERIMENT DATA:,Experience Sampling Questions
Start Time,3842.924383900012
ESQ,3852.9051241000125,,Detailed_response,7.099999999999993,Experience Sampling Questions,1,3717451,,Marker Started at 4,Memory Task
ESQ,3856.9383532000065,,Problem_response,1.0,Experience Sampling Questions,1,3717451,,Marker Started at 8,Memory Task
ESQ,3860.4545655999973,,Distracting_response,1.0,Experience Sampling Questions,1,3717451,,Marker Started at 8,Memory Task
ESQ,3864.187922700017,,Intrusive_response,1.0,Experience Sampling Questions,1,3717451,,Marker Started at 9,Memory Task
ESQ,3869.1205565000128,,Emotion_response,5.500000000000009,Experience Sampling Questions,1,3717451,,Marker Started at 8,Memory Task
ESQ,3872.422207800002,,Absorption_response,1.0,Experience Sampling Questions,1,3717451,,Marker Started at 9,Memory Task
ESQ,3875.5721411000122,,Knowledge_response,8.599999999999987,Experience Sampling Questions,1,3717451,,Marker Started at 5,Memory Task
ESQ,3878.8711571000167,,Self_response,5.900000000000004,Experience Sampling Questions,1,3717451,,Marker Started at 7,Memory Task
ESQ,3882.5885972999968,,Future_response,1.0,Experience Sampling Questions,1,3717451,,Marker Started at 10,Memory Task
ESQ,3886.8713044000033,,Focus_response,1.0,Experience Sampling Questions,1,3717451,,Marker Started at 8,Memory Task
ESQ,3889.704682600015,,Deliberate_response,1.1,Experience Sampling Questions,1,3717451,,Marker Started at 2,Memory Task
ESQ,3892.386860800005,,Modality_response,1.0,Experience Sampling Questions,1,3717451,,Marker Started at 3,Memory Task
ESQ,3896.586476299999,,Other_response,10.0,Experience Sampling Questions,1,3717451,,Marker Started at 10,Memory Task
ESQ,3899.686081699998,,Past_response,8.199999999999989,Experience Sampling Questions,1,3717451,,Marker Started at 4,Memory Task
 
Runtime Mod,-12
EXPERIMENT DATA:,Movie Task
Start Time,3903.555242400005
EXPERIMENT DATA:,Experience Sampling Questions
Start Time,4071.02543530002
ESQ,4079.2641107999953,,Future_response,10.0,Experience Sampling Questions,1,3717451,,Marker Started at 8,Movie Task
ESQ,4084.7466017999977,,Detailed_response,1.0,Experience Sampling Questions,1,3717451,,Marker Started at 10,Movie Task
ESQ,4089.297745400021,,Emotion_response,5.8,Experience Sampling Questions,1,3717451,,Marker Started at 2,Movie Task
ESQ,4093.8298863999953,,Knowledge_response,6.099999999999998,Experience Sampling Questions,1,3717451,,Marker Started at 3,Movie Task
ESQ,4098.246326099994,,Absorption_response,3.9000000000000026,Experience Sampling Questions,1,3717451,,Marker Started at 6,Movie Task
ESQ,4101.77901280002,,Deliberate_response,1.0,Experience Sampling Questions,1,3717451,,Marker Started at 7,Movie Task
ESQ,4105.778994799999,,Self_response,5.300000000000013,Experience Sampling Questions,1,3717451,,Marker Started at 9,Movie Task
ESQ,4109.679886700003,,Focus_response,5.900000000000011,Experience Sampling Questions,1,3717451,,Marker Started at 9,Movie Task
ESQ,4114.02880650002,,Problem_response,1.0,Experience Sampling Questions,1,3717451,,Marker Started at 8,Movie Task
ESQ,4119.3622090000135,,Modality_response,10.0,Experience Sampling Questions,1,3717451,,Marker Started at 5,Movie Task
ESQ,4127.394889999996,,Past_response,1.0,Experience Sampling Questions,1,3717451,,Marker Started at 2,Movie Task
ESQ,4143.443961000012,,Distracting_response,8.899999999999986,Experience Sampling Questions,1,3717451,,Marker Started at 5,Movie Task
ESQ,4149.194043700001,,Intrusive_response,8.499999999999988,Experience Sampling Questions,1,3717451,,Marker Started at 5,Movie Task
ESQ,4152.193601400009,,Other_response,9.0,Experience Sampling Questions,1,3717451,,Marker Started at 9,Movie Task
 
Runtime Mod,13
EXPERIMENT DATA:,Movie Task
Start Time,4152.207078600011
EXPERIMENT DATA:,Experience Sampling Questions
Start Time,4362.349648800009
ESQ,4416.619227899995,,Focus_response,10.0,Experience Sampling Questions,1,3717451,,Marker Started at 8,Movie Task
ESQ,4420.318408199993,,Distracting_response,10.0,Experience Sampling Questions,1,3717451,,Marker Started at 6,Movie Task
ESQ,4424.484212500014,,Deliberate_response,1.0,Experience Sampling Questions,1,3717451,,Marker Started at 9,Movie Task
ESQ,4428.200565200008,,Other_response,5.7,Experience Sampling Questions,1,3717451,,Marker Started at 2,Movie Task
ESQ,4432.4505297,,Detailed_response,1.0,Experience Sampling Questions,1,3717451,,Marker Started at 7,Movie Task
ESQ,4435.8340394000115,,Past_response,5.500000000000012,Experience Sampling Questions,1,3717451,,Marker Started at 9,Movie Task
ESQ,4438.40084050002,,Self_response,5.4,Experience Sampling Questions,1,3717451,,Marker Started at 3,Movie Task
ESQ,4441.300114500016,,Intrusive_response,10.0,Experience Sampling Questions,1,3717451,,Marker Started at 3,Movie Task
ESQ,4443.816250500007,,Absorption_response,10.0,Experience Sampling Questions,1,3717451,,Marker Started at 9,Movie Task
ESQ,4448.517349600006,,Modality_response,10.0,Experience Sampling Questions,1,3717451,,Marker Started at 7,Movie Task
ESQ,4451.333762800001,,Emotion_response,5.30000000000001,Experience Sampling Questions,1,3717451,,Marker Started at 8,Movie Task
ESQ,4454.117055300012,,Problem_response,1.0,Experience Sampling Questions,1,3717451,,Marker Started at 3,Movie Task
ESQ,4459.1673972000135,,Knowledge_response,5.0000000000000036,Experience Sampling Questions,1,3717451,,Marker Started at 6,Movie Task
ESQ,4461.900410600007,,Future_response,5.600000000000012,Experience Sampling Questions,1,3717451,,Marker Started at 9,Movie Task
 
Runtime Mod,7
EXPERIMENT DATA:,One-Back Task
Start Time,4469.877304900001
EXPERIMENT DATA:,Experience Sampling Questions
Start Time,4641.714190300001
ESQ,4650.776214800018,,Knowledge_response,5.1000000000000005,Experience Sampling Questions,1,3717451,,Marker Started at 4,One-Back Task
ESQ,4653.676234800019,,Other_response,6.0,Experience Sampling Questions,1,3717451,,Marker Started at 6,One-Back Task
ESQ,4658.793119300011,,Detailed_response,1.0000000000000153,Experience Sampling Questions,1,3717451,,Marker Started at 10,One-Back Task
ESQ,4662.459554000001,,Deliberate_response,1.0,Experience Sampling Questions,1,3717451,,Marker Started at 6,One-Back Task
ESQ,4668.176045400003,,Intrusive_response,2.7000000000000157,Experience Sampling Questions,1,3717451,,Marker Started at 10,One-Back Task
ESQ,4673.109079000016,,Absorption_response,2.5000000000000155,Experience Sampling Questions,1,3717451,,Marker Started at 10,One-Back Task
ESQ,4678.791954800021,,Modality_response,10.0,Experience Sampling Questions,1,3717451,,Marker Started at 5,One-Back Task
ESQ,4683.275049699994,,Future_response,2.700000000000012,Experience Sampling Questions,1,3717451,,Marker Started at 9,One-Back Task
ESQ,4687.341226300021,,Emotion_response,5.100000000000017,Experience Sampling Questions,1,3717451,,Marker Started at 10,One-Back Task
ESQ,4691.724960100022,,Distracting_response,3.200000000000016,Experience Sampling Questions,1,3717451,,Marker Started at 10,One-Back Task
ESQ,4695.541015900002,,Self_response,3.1000000000000054,Experience Sampling Questions,1,3717451,,Marker Started at 7,One-Back Task
ESQ,4699.241337100015,,Focus_response,1.0,Experience Sampling Questions,1,3717451,,Marker Started at 3,One-Back Task
ESQ,4703.157886900008,,Problem_response,1.0,Experience Sampling Questions,1,3717451,,Marker Started at 10,One-Back Task
ESQ,4707.8072695000155,,Past_response,3.1000000000000125,Experience Sampling Questions,1,3717451,,Marker Started at 9,One-Back Task
 
Runtime Mod,7
EXPERIMENT DATA:,One-Back Task
Start Time,4707.8212945999985
EXPERIMENT DATA:,Experience Sampling Questions
Start Time,4820.674528000003
ESQ,4854.252292799996,,Focus_response,7.099999999999995,Experience Sampling Questions,1,3717451,,Marker Started at 2,One-Back Task
ESQ,4873.9679703,,Modality_response,10.0,Experience Sampling Questions,1,3717451,,Marker Started at 9,One-Back Task
ESQ,4878.034431900014,,Deliberate_response,1.0,Experience Sampling Questions,1,3717451,,Marker Started at 10,One-Back Task
ESQ,4881.350918500015,,Detailed_response,1.0999999999999994,Experience Sampling Questions,1,3717451,,Marker Started at 3,One-Back Task
ESQ,4886.434030500008,,Intrusive_response,2.6000000000000156,Experience Sampling Questions,1,3717451,,Marker Started at 10,One-Back Task
ESQ,4890.5179318000155,,Absorption_response,7.0000000000000036,Experience Sampling Questions,1,3717451,,Marker Started at 8,One-Back Task
ESQ,4896.617658400006,,Future_response,10.0,Experience Sampling Questions,1,3717451,,Marker Started at 10,One-Back Task
ESQ,4903.434492400003,,Self_response,7.099999999999993,Experience Sampling Questions,1,3717451,,Marker Started at 4,One-Back Task
ESQ,4928.783762300009,,Other_response,7.599999999999991,Experience Sampling Questions,1,3717451,,Marker Started at 5,One-Back Task
ESQ,4934.833109600004,,Past_response,1.3999999999999977,Experience Sampling Questions,1,3717451,,Marker Started at 5,One-Back Task
ESQ,4947.68290710001,,Problem_response,1.0,Experience Sampling Questions,1,3717451,,Marker Started at 9,One-Back Task
ESQ,4953.166014799994,,Knowledge_response,6.0,Experience Sampling Questions,1,3717451,,Marker Started at 6,One-Back Task
ESQ,4957.515155800007,,Distracting_response,1.4000000000000081,Experience Sampling Questions,1,3717451,,Marker Started at 8,One-Back Task
ESQ,4961.115305300016,,Emotion_response,5.500000000000012,Experience Sampling Questions,1,3717451,,Marker Started at 9,One-Back Task
 
Runtime Mod,-5
EXPERIMENT DATA:,Zero-Back Task
Start Time,4961.132451600017
EXPERIMENT DATA:,Experience Sampling Questions
Start Time,5057.3153423000185
ESQ,5069.777520000003,,Deliberate_response,6.899999999999995,Experience Sampling Questions,1,3717451,,Marker Started at 8,Zero-Back Task
ESQ,5074.611253600015,,Past_response,1.0,Experience Sampling Questions,1,3717451,,Marker Started at 8,Zero-Back Task
ESQ,5078.493478100019,,Emotion_response,5.0,Experience Sampling Questions,1,3717451,,Marker Started at 5,Zero-Back Task
ESQ,5082.376693800004,,Distracting_response,5.600000000000005,Experience Sampling Questions,1,3717451,,Marker Started at 7,Zero-Back Task
ESQ,5086.5608252999955,,Other_response,5.799999999999999,Experience Sampling Questions,1,3717451,,Marker Started at 3,Zero-Back Task
ESQ,5090.526870800008,,Intrusive_response,2.6000000000000156,Experience Sampling Questions,1,3717451,,Marker Started at 10,Zero-Back Task
ESQ,5094.610290100012,,Future_response,1.0,Experience Sampling Questions,1,3717451,,Marker Started at 10,Zero-Back Task
ESQ,5096.826576799998,,Detailed_response,1.0,Experience Sampling Questions,1,3717451,,Marker Started at 3,Zero-Back Task
ESQ,5100.111137900007,,Absorption_response,4.0,Experience Sampling Questions,1,3717451,,Marker Started at 4,Zero-Back Task
ESQ,5102.9773175000155,,Problem_response,1.0,Experience Sampling Questions,1,3717451,,Marker Started at 2,Zero-Back Task
ESQ,5108.85913930001,,Modality_response,10.0,Experience Sampling Questions,1,3717451,,Marker Started at 5,Zero-Back Task
ESQ,5112.976504200022,,Knowledge_response,1.4000000000000117,Experience Sampling Questions,1,3717451,,Marker Started at 9,Zero-Back Task
ESQ,5119.559189699998,,Self_response,5.400000000000013,Experience Sampling Questions,1,3717451,,Marker Started at 9,Zero-Back Task
ESQ,5122.809119700018,,Focus_response,5.400000000000013,Experience Sampling Questions,1,3717451,,Marker Started at 9,Zero-Back Task
 
Runtime Mod,11
EXPERIMENT DATA:,Zero-Back Task
Start Time,5122.822887200018
EXPERIMENT DATA:,Experience Sampling Questions
Start Time,5237.325040199998
ESQ,5256.2882208999945,,Focus_response,9.0,Experience Sampling Questions,1,3717451,,Marker Started at 9,Zero-Back Task
ESQ,5258.937625299994,,Detailed_response,1.8000000000000045,Experience Sampling Questions,1,3717451,,Marker Started at 7,Zero-Back Task
ESQ,5265.68641960001,,Self_response,6.299999999999998,Experience Sampling Questions,1,3717451,,Marker Started at 2,Zero-Back Task
ESQ,5268.287399499997,,Knowledge_response,2.600000000000005,Experience Sampling Questions,1,3717451,,Marker Started at 7,Zero-Back Task
ESQ,5271.02059130001,,Emotion_response,5.700000000000015,Experience Sampling Questions,1,3717451,,Marker Started at 10,Zero-Back Task
ESQ,5275.436600900022,,Absorption_response,8.899999999999997,Experience Sampling Questions,1,3717451,,Marker Started at 8,Zero-Back Task
ESQ,5277.937291000009,,Other_response,5.400000000000016,Experience Sampling Questions,1,3717451,,Marker Started at 10,Zero-Back Task
ESQ,5280.987152000016,,Past_response,5.000000000000003,Experience Sampling Questions,1,3717451,,Marker Started at 2,Zero-Back Task
ESQ,5283.686493800022,,Distracting_response,8.69999999999999,Experience Sampling Questions,1,3717451,,Marker Started at 6,Zero-Back Task
ESQ,5286.319488000008,,Problem_response,1.0,Experience Sampling Questions,1,3717451,,Marker Started at 6,Zero-Back Task
ESQ,5289.436075800011,,Deliberate_response,1.0,Experience Sampling Questions,1,3717451,,Marker Started at 6,Zero-Back Task
ESQ,5292.386827200011,,Intrusive_response,8.000000000000004,Experience Sampling Questions,1,3717451,,Marker Started at 9,Zero-Back Task
ESQ,5294.9366359999985,,Future_response,5.100000000000014,Experience Sampling Questions,1,3717451,,Marker Started at 9,Zero-Back Task
ESQ,5297.786349600006,,Modality_response,10.0,Experience Sampling Questions,1,3717451,,Marker Started at 7,Zero-Back Task
