METADATA:
Block Runtime,Experiment Seed,Subject
90,3014351,subject017
Time after setup,637.6413629999734
Timepoint,Time,Is_correct,Experience Sampling Question,Experience Sampling Response,Task,Task Iteration,Participant ID,Response_Key,Auxillary Data,Assoc Task
 
Runtime Mod,6
EXPERIMENT DATA:,Hard Math Task
Start Time,651.2231532000005
EXPERIMENT DATA:,Experience Sampling Questions
Start Time,770.7155996999936
ESQ,786.8405196999956,,Focus_response,3.200000000000002,Experience Sampling Questions,1,3014351,,Marker Started at 6,Hard Math Task
ESQ,792.9388187000004,,Distracting_response,6.0000000000000036,Experience Sampling Questions,1,3014351,,Marker Started at 7,Hard Math Task
ESQ,797.6225985999918,,Intrusive_response,2.8,Experience Sampling Questions,1,3014351,,Marker Started at 3,Hard Math Task
ESQ,798.6724693999859,,Problem_response,9.0,Experience Sampling Questions,1,3014351,,Marker Started at 9,Hard Math Task
ESQ,803.6719592000009,,Emotion_response,7.0,Experience Sampling Questions,1,3014351,,Marker Started at 7,Hard Math Task
ESQ,808.3218577999796,,Knowledge_response,7.000000000000007,Experience Sampling Questions,1,3014351,,Marker Started at 9,Hard Math Task
ESQ,812.3052463999775,,Deliberate_response,2.4000000000000012,Experience Sampling Questions,1,3014351,,Marker Started at 6,Hard Math Task
ESQ,813.3388164999778,,Other_response,4.0,Experience Sampling Questions,1,3014351,,Marker Started at 4,Hard Math Task
ESQ,817.9550552000001,,Detailed_response,3.500000000000013,Experience Sampling Questions,1,3014351,,Marker Started at 9,Hard Math Task
ESQ,821.7547845999943,,Modality_response,2.0,Experience Sampling Questions,1,3014351,,Marker Started at 2,Hard Math Task
ESQ,824.3876653999905,,Past_response,3.0,Experience Sampling Questions,1,3014351,,Marker Started at 3,Hard Math Task
ESQ,827.8887805999839,,Self_response,6.600000000000005,Experience Sampling Questions,1,3014351,,Marker Started at 8,Hard Math Task
ESQ,833.555758499977,,Future_response,1.7000000000000153,Experience Sampling Questions,1,3014351,,Marker Started at 10,Hard Math Task
ESQ,840.5386155000015,,Absorption_response,2.100000000000015,Experience Sampling Questions,1,3014351,,Marker Started at 10,Hard Math Task
 
Runtime Mod,7
EXPERIMENT DATA:,Hard Math Task
Start Time,840.5540842999762
EXPERIMENT DATA:,Experience Sampling Questions
Start Time,950.235801999981
ESQ,958.6843530999904,,Knowledge_response,7.699999999999994,Experience Sampling Questions,1,3014351,,Marker Started at 6,Hard Math Task
ESQ,959.7174643999897,,Past_response,9.0,Experience Sampling Questions,1,3014351,,Marker Started at 9,Hard Math Task
ESQ,960.7508463999839,,Intrusive_response,7.0,Experience Sampling Questions,1,3014351,,Marker Started at 7,Hard Math Task
ESQ,967.2675081999914,,Focus_response,4.400000000000001,Experience Sampling Questions,1,3014351,,Marker Started at 3,Hard Math Task
ESQ,971.3835013999778,,Modality_response,3.4999999999999987,Experience Sampling Questions,1,3014351,,Marker Started at 5,Hard Math Task
ESQ,976.5337145999947,,Absorption_response,5.699999999999999,Experience Sampling Questions,1,3014351,,Marker Started at 3,Hard Math Task
ESQ,981.9674662999751,,Problem_response,3.800000000000013,Experience Sampling Questions,1,3014351,,Marker Started at 9,Hard Math Task
ESQ,985.6333633999748,,Future_response,4.800000000000003,Experience Sampling Questions,1,3014351,,Marker Started at 6,Hard Math Task
ESQ,989.2674372999754,,Other_response,3.0,Experience Sampling Questions,1,3014351,,Marker Started at 3,Hard Math Task
ESQ,993.016395899991,,Self_response,7.199999999999993,Experience Sampling Questions,1,3014351,,Marker Started at 4,Hard Math Task
ESQ,995.4172313999734,,Deliberate_response,4.0,Experience Sampling Questions,1,3014351,,Marker Started at 4,Hard Math Task
ESQ,1000.9336518999771,,Emotion_response,7.000000000000007,Experience Sampling Questions,1,3014351,,Marker Started at 9,Hard Math Task
ESQ,1004.1824079999933,,Detailed_response,6.100000000000003,Experience Sampling Questions,1,3014351,,Marker Started at 7,Hard Math Task
ESQ,1044.4983701999881,,Distracting_response,4.700000000000003,Experience Sampling Questions,1,3014351,,Marker Started at 6,Hard Math Task
 
Runtime Mod,12
EXPERIMENT DATA:,Easy Math Task
Start Time,1044.5233769999759
EXPERIMENT DATA:,Experience Sampling Questions
Start Time,1309.3899645999772
ESQ,1317.005005599989,,Problem_response,2.0,Experience Sampling Questions,1,3014351,,Marker Started at 2,Easy Math Task
ESQ,1321.3896394999756,,Modality_response,2.600000000000012,Experience Sampling Questions,1,3014351,,Marker Started at 9,Easy Math Task
ESQ,1324.2045397999755,,Intrusive_response,4.0,Experience Sampling Questions,1,3014351,,Marker Started at 4,Easy Math Task
ESQ,1327.8054967999924,,Self_response,7.400000000000006,Experience Sampling Questions,1,3014351,,Marker Started at 9,Easy Math Task
ESQ,1332.8882269999885,,Past_response,2.0,Experience Sampling Questions,1,3014351,,Marker Started at 2,Easy Math Task
ESQ,1336.5376670999976,,Detailed_response,4.900000000000002,Experience Sampling Questions,1,3014351,,Marker Started at 2,Easy Math Task
ESQ,1341.3224136999925,,Absorption_response,7.800000000000004,Experience Sampling Questions,1,3014351,,Marker Started at 9,Easy Math Task
ESQ,1345.5713202999905,,Focus_response,2.0,Experience Sampling Questions,1,3014351,,Marker Started at 2,Easy Math Task
ESQ,1350.6711542999838,,Emotion_response,7.3999999999999915,Experience Sampling Questions,1,3014351,,Marker Started at 5,Easy Math Task
ESQ,1354.0211559000018,,Knowledge_response,6.0,Experience Sampling Questions,1,3014351,,Marker Started at 6,Easy Math Task
ESQ,1358.8532412999775,,Other_response,8.0,Experience Sampling Questions,1,3014351,,Marker Started at 8,Easy Math Task
ESQ,1362.9534649999987,,Future_response,6.500000000000005,Experience Sampling Questions,1,3014351,,Marker Started at 8,Easy Math Task
ESQ,1367.3711862999771,,Distracting_response,7.600000000000005,Experience Sampling Questions,1,3014351,,Marker Started at 9,Easy Math Task
ESQ,1371.553161799995,,Deliberate_response,4.000000000000006,Experience Sampling Questions,1,3014351,,Marker Started at 7,Easy Math Task
 
Runtime Mod,-8
EXPERIMENT DATA:,Easy Math Task
Start Time,1371.5628426999901
EXPERIMENT DATA:,Experience Sampling Questions
Start Time,1464.5679409999866
ESQ,1470.2673909000005,,Modality_response,4.900000000000011,Experience Sampling Questions,1,3014351,,Marker Started at 8,Easy Math Task
ESQ,1474.5503496999736,,Problem_response,3.3000000000000163,Experience Sampling Questions,1,3014351,,Marker Started at 10,Easy Math Task
ESQ,1477.967850599991,,Detailed_response,3.300000000000001,Experience Sampling Questions,1,3014351,,Marker Started at 2,Easy Math Task
ESQ,1482.3161967999768,,Emotion_response,7.199999999999994,Experience Sampling Questions,1,3014351,,Marker Started at 3,Easy Math Task
ESQ,1485.5334954999853,,Future_response,5.200000000000017,Experience Sampling Questions,1,3014351,,Marker Started at 10,Easy Math Task
ESQ,1496.8990129999875,,Absorption_response,5.1,Experience Sampling Questions,1,3014351,,Marker Started at 5,Easy Math Task
ESQ,1500.8153823999746,,Focus_response,4.700000000000006,Experience Sampling Questions,1,3014351,,Marker Started at 7,Easy Math Task
ESQ,1504.4498730999767,,Knowledge_response,6.400000000000002,Experience Sampling Questions,1,3014351,,Marker Started at 7,Easy Math Task
ESQ,1508.5647981999791,,Distracting_response,6.800000000000011,Experience Sampling Questions,1,3014351,,Marker Started at 10,Easy Math Task
ESQ,1511.314796599996,,Self_response,6.899999999999993,Experience Sampling Questions,1,3014351,,Marker Started at 5,Easy Math Task
ESQ,1514.3988484999863,,Other_response,6.899999999999993,Experience Sampling Questions,1,3014351,,Marker Started at 5,Easy Math Task
ESQ,1518.682464499987,,Intrusive_response,4.700000000000017,Experience Sampling Questions,1,3014351,,Marker Started at 10,Easy Math Task
ESQ,1521.7153104999743,,Deliberate_response,5.7,Experience Sampling Questions,1,3014351,,Marker Started at 2,Easy Math Task
ESQ,1524.349043299997,,Past_response,6.30000000000001,Experience Sampling Questions,1,3014351,,Marker Started at 9,Easy Math Task
 
Runtime Mod,11
EXPERIMENT DATA:,Memory Task
Start Time,1575.3892678999982
EXPERIMENT DATA:,Experience Sampling Questions
Start Time,1634.9503490999923
ESQ,1644.661399899982,,Distracting_response,7.299999999999995,Experience Sampling Questions,1,3014351,,Marker Started at 6,Memory Task
ESQ,1648.34551069999,,Self_response,5.300000000000006,Experience Sampling Questions,1,3014351,,Marker Started at 7,Memory Task
ESQ,1651.1297431999992,,Intrusive_response,2.699999999999998,Experience Sampling Questions,1,3014351,,Marker Started at 5,Memory Task
ESQ,1653.7443138999806,,Other_response,7.700000000000005,Experience Sampling Questions,1,3014351,,Marker Started at 9,Memory Task
ESQ,1658.3609464999754,,Emotion_response,4.699999999999999,Experience Sampling Questions,1,3014351,,Marker Started at 5,Memory Task
ESQ,1661.5614054999896,,Detailed_response,7.700000000000005,Experience Sampling Questions,1,3014351,,Marker Started at 9,Memory Task
ESQ,1664.0957239999843,,Modality_response,2.0,Experience Sampling Questions,1,3014351,,Marker Started at 2,Memory Task
ESQ,1668.0114865999785,,Absorption_response,7.0,Experience Sampling Questions,1,3014351,,Marker Started at 7,Memory Task
ESQ,1670.726996399986,,Deliberate_response,3.8000000000000007,Experience Sampling Questions,1,3014351,,Marker Started at 3,Memory Task
ESQ,1675.4771026999806,,Problem_response,1.0999999999999976,Experience Sampling Questions,1,3014351,,Marker Started at 5,Memory Task
ESQ,1680.677165399975,,Focus_response,4.900000000000002,Experience Sampling Questions,1,3014351,,Marker Started at 3,Memory Task
ESQ,1684.9448016999813,,Future_response,2.8000000000000087,Experience Sampling Questions,1,3014351,,Marker Started at 8,Memory Task
ESQ,1689.5267132000008,,Knowledge_response,8.799999999999994,Experience Sampling Questions,1,3014351,,Marker Started at 7,Memory Task
ESQ,1693.776343799982,,Past_response,4.0,Experience Sampling Questions,1,3014351,,Marker Started at 4,Memory Task
 
Runtime Mod,6
EXPERIMENT DATA:,Memory Task
Start Time,1693.7909638999845
EXPERIMENT DATA:,Experience Sampling Questions
Start Time,1759.1959778999735
ESQ,1767.1917878999957,,Future_response,3.0,Experience Sampling Questions,1,3014351,,Marker Started at 3,Memory Task
ESQ,1772.9239706999797,,Deliberate_response,8.499999999999991,Experience Sampling Questions,1,3014351,,Marker Started at 2,Memory Task
ESQ,1776.574135199975,,Other_response,10.0,Experience Sampling Questions,1,3014351,,Marker Started at 8,Memory Task
ESQ,1780.6250428999774,,Absorption_response,10.0,Experience Sampling Questions,1,3014351,,Marker Started at 2,Memory Task
ESQ,1784.6401207000017,,Distracting_response,1.9000000000000044,Experience Sampling Questions,1,3014351,,Marker Started at 7,Memory Task
ESQ,1788.2235569999903,,Modality_response,1.0,Experience Sampling Questions,1,3014351,,Marker Started at 4,Memory Task
ESQ,1791.7400190999906,,Detailed_response,8.499999999999988,Experience Sampling Questions,1,3014351,,Marker Started at 5,Memory Task
ESQ,1795.490408999991,,Intrusive_response,1.8999999999999975,Experience Sampling Questions,1,3014351,,Marker Started at 5,Memory Task
ESQ,1798.3562722999777,,Emotion_response,10.0,Experience Sampling Questions,1,3014351,,Marker Started at 8,Memory Task
ESQ,1802.3229529999953,,Problem_response,1.0,Experience Sampling Questions,1,3014351,,Marker Started at 8,Memory Task
ESQ,1807.706380299991,,Focus_response,9.0,Experience Sampling Questions,1,3014351,,Marker Started at 9,Memory Task
ESQ,1811.589377299999,,Knowledge_response,8.699999999999994,Experience Sampling Questions,1,3014351,,Marker Started at 7,Memory Task
ESQ,1814.83942069998,,Past_response,8.0,Experience Sampling Questions,1,3014351,,Marker Started at 8,Memory Task
ESQ,1820.456856499979,,Self_response,1.8999999999999984,Experience Sampling Questions,1,3014351,,Marker Started at 4,Memory Task
 
Runtime Mod,13
EXPERIMENT DATA:,Reading Task
Start Time,1820.4876606999896
EXPERIMENT DATA:,Experience Sampling Questions
Start Time,1944.689751799975
ESQ,1959.4350999000017,,Emotion_response,4.900000000000018,Experience Sampling Questions,1,3014351,,Marker Started at 10,Reading Task
ESQ,1960.4689104999998,,Future_response,2.0,Experience Sampling Questions,1,3014351,,Marker Started at 2,Reading Task
ESQ,1964.734143699985,,Deliberate_response,6.099999999999996,Experience Sampling Questions,1,3014351,,Marker Started at 5,Reading Task
ESQ,1968.2852168999962,,Past_response,8.300000000000006,Experience Sampling Questions,1,3014351,,Marker Started at 10,Reading Task
ESQ,1972.4009970999905,,Distracting_response,7.899999999999991,Experience Sampling Questions,1,3014351,,Marker Started at 4,Reading Task
ESQ,1975.58528509998,,Detailed_response,10.0,Experience Sampling Questions,1,3014351,,Marker Started at 10,Reading Task
ESQ,1979.2504485999816,,Focus_response,3.800000000000006,Experience Sampling Questions,1,3014351,,Marker Started at 7,Reading Task
ESQ,1981.7843023999885,,Absorption_response,5.0,Experience Sampling Questions,1,3014351,,Marker Started at 5,Reading Task
ESQ,1984.6676237999927,,Intrusive_response,4.800000000000001,Experience Sampling Questions,1,3014351,,Marker Started at 4,Reading Task
ESQ,1988.1334711999807,,Other_response,7.199999999999995,Experience Sampling Questions,1,3014351,,Marker Started at 2,Reading Task
ESQ,1992.8174966999795,,Knowledge_response,3.5999999999999988,Experience Sampling Questions,1,3014351,,Marker Started at 5,Reading Task
ESQ,1996.683203499997,,Modality_response,1.0,Experience Sampling Questions,1,3014351,,Marker Started at 9,Reading Task
ESQ,2000.3328366999922,,Self_response,4.600000000000007,Experience Sampling Questions,1,3014351,,Marker Started at 7,Reading Task
ESQ,2006.9496733999986,,Problem_response,4.100000000000007,Experience Sampling Questions,1,3014351,,Marker Started at 7,Reading Task
 
Runtime Mod,-12
EXPERIMENT DATA:,Reading Task
Start Time,2006.9620151999989
EXPERIMENT DATA:,Experience Sampling Questions
Start Time,2098.4023875999846
ESQ,2103.114458199998,,Intrusive_response,3.0,Experience Sampling Questions,1,3014351,,Marker Started at 3,Reading Task
ESQ,2106.080165499996,,Self_response,3.0,Experience Sampling Questions,1,3014351,,Marker Started at 3,Reading Task
ESQ,2110.263366899977,,Absorption_response,2.900000000000009,Experience Sampling Questions,1,3014351,,Marker Started at 8,Reading Task
ESQ,2113.930214299995,,Other_response,10.0,Experience Sampling Questions,1,3014351,,Marker Started at 5,Reading Task
ESQ,2117.3459626999975,,Emotion_response,5.5,Experience Sampling Questions,1,3014351,,Marker Started at 3,Reading Task
ESQ,2120.4957491999958,,Modality_response,1.0,Experience Sampling Questions,1,3014351,,Marker Started at 4,Reading Task
ESQ,2124.663618999999,,Deliberate_response,1.9999999999999973,Experience Sampling Questions,1,3014351,,Marker Started at 5,Reading Task
ESQ,2128.564127699996,,Detailed_response,8.699999999999989,Experience Sampling Questions,1,3014351,,Marker Started at 4,Reading Task
ESQ,2133.2303166999773,,Distracting_response,8.499999999999998,Experience Sampling Questions,1,3014351,,Marker Started at 8,Reading Task
ESQ,2137.5626531999733,,Focus_response,7.499999999999993,Experience Sampling Questions,1,3014351,,Marker Started at 3,Reading Task
ESQ,2138.7129515999986,,Past_response,3.0,Experience Sampling Questions,1,3014351,,Marker Started at 3,Reading Task
ESQ,2143.3953998999787,,Future_response,2.8,Experience Sampling Questions,1,3014351,,Marker Started at 3,Reading Task
ESQ,2147.1131975999742,,Knowledge_response,3.4000000000000057,Experience Sampling Questions,1,3014351,,Marker Started at 7,Reading Task
ESQ,2148.145344699995,,Problem_response,10.0,Experience Sampling Questions,1,3014351,,Marker Started at 10,Reading Task
 
Runtime Mod,-9
EXPERIMENT DATA:,Movie Task
Start Time,2220.3376175999874
EXPERIMENT DATA:,Experience Sampling Questions
Start Time,2391.364356599981
ESQ,2402.337558999978,,Distracting_response,7.600000000000005,Experience Sampling Questions,1,3014351,,Marker Started at 9,Movie Task
ESQ,2406.504044499976,,Past_response,6.000000000000014,Experience Sampling Questions,1,3014351,,Marker Started at 10,Movie Task
ESQ,2410.0038617999817,,Emotion_response,10.0,Experience Sampling Questions,1,3014351,,Marker Started at 4,Movie Task
ESQ,2412.969658599992,,Problem_response,3.0,Experience Sampling Questions,1,3014351,,Marker Started at 3,Movie Task
ESQ,2416.4205334,,Knowledge_response,5.0,Experience Sampling Questions,1,3014351,,Marker Started at 5,Movie Task
ESQ,2419.486200799991,,Intrusive_response,4.500000000000018,Experience Sampling Questions,1,3014351,,Marker Started at 10,Movie Task
ESQ,2422.936569399986,,Self_response,4.100000000000017,Experience Sampling Questions,1,3014351,,Marker Started at 10,Movie Task
ESQ,2425.9024090999737,,Deliberate_response,3.0000000000000053,Experience Sampling Questions,1,3014351,,Marker Started at 7,Movie Task
ESQ,2430.2859801999875,,Other_response,4.0,Experience Sampling Questions,1,3014351,,Marker Started at 4,Movie Task
ESQ,2433.5867279999948,,Focus_response,6.6000000000000085,Experience Sampling Questions,1,3014351,,Marker Started at 9,Movie Task
ESQ,2437.169606999989,,Detailed_response,6.099999999999996,Experience Sampling Questions,1,3014351,,Marker Started at 5,Movie Task
ESQ,2440.685582999984,,Modality_response,1.0,Experience Sampling Questions,1,3014351,,Marker Started at 6,Movie Task
ESQ,2445.369166599994,,Future_response,8.0,Experience Sampling Questions,1,3014351,,Marker Started at 8,Movie Task
ESQ,2451.9682358999853,,Absorption_response,8.0,Experience Sampling Questions,1,3014351,,Marker Started at 8,Movie Task
 
Runtime Mod,-5
EXPERIMENT DATA:,Movie Task
Start Time,2451.982191999996
EXPERIMENT DATA:,Experience Sampling Questions
Start Time,2584.6611042000004
ESQ,2592.4478321999777,,Future_response,1.0,Experience Sampling Questions,1,3014351,,Marker Started at 2,Movie Task
ESQ,2596.2144515999826,,Detailed_response,10.0,Experience Sampling Questions,1,3014351,,Marker Started at 5,Movie Task
ESQ,2599.2302489999856,,Past_response,1.0,Experience Sampling Questions,1,3014351,,Marker Started at 5,Movie Task
ESQ,2603.0799355999916,,Emotion_response,2.0,Experience Sampling Questions,1,3014351,,Marker Started at 2,Movie Task
ESQ,2605.7803648999834,,Deliberate_response,7.0,Experience Sampling Questions,1,3014351,,Marker Started at 7,Movie Task
ESQ,2609.9633080999774,,Self_response,1.0,Experience Sampling Questions,1,3014351,,Marker Started at 10,Movie Task
ESQ,2613.2631005999865,,Absorption_response,10.0,Experience Sampling Questions,1,3014351,,Marker Started at 8,Movie Task
ESQ,2618.2459995999816,,Knowledge_response,2.0,Experience Sampling Questions,1,3014351,,Marker Started at 2,Movie Task
ESQ,2629.462977099989,,Intrusive_response,1.0,Experience Sampling Questions,1,3014351,,Marker Started at 10,Movie Task
ESQ,2636.945617099991,,Distracting_response,1.0,Experience Sampling Questions,1,3014351,,Marker Started at 7,Movie Task
ESQ,2641.4127458999865,,Other_response,1.7000000000000082,Experience Sampling Questions,1,3014351,,Marker Started at 8,Movie Task
ESQ,2644.9622734999866,,Modality_response,1.0,Experience Sampling Questions,1,3014351,,Marker Started at 3,Movie Task
ESQ,2649.74469349999,,Problem_response,1.0,Experience Sampling Questions,1,3014351,,Marker Started at 9,Movie Task
ESQ,2653.9119932999893,,Focus_response,1.4000000000000046,Experience Sampling Questions,1,3014351,,Marker Started at 7,Movie Task
 
Runtime Mod,-11
EXPERIMENT DATA:,Finger Tapping Task
Start Time,2736.8815721999854
EXPERIMENT DATA:,Experience Sampling Questions
Start Time,2833.5568541999965
ESQ,2844.5067627999815,,Emotion_response,7.699999999999994,Experience Sampling Questions,1,3014351,,Marker Started at 6,Finger Tapping Task
ESQ,2848.521821499977,,Deliberate_response,7.799999999999992,Experience Sampling Questions,1,3014351,,Marker Started at 3,Finger Tapping Task
ESQ,2851.989402099978,,Modality_response,5.0,Experience Sampling Questions,1,3014351,,Marker Started at 5,Finger Tapping Task
ESQ,2854.5889550999855,,Future_response,5.0,Experience Sampling Questions,1,3014351,,Marker Started at 5,Finger Tapping Task
ESQ,2857.338869899977,,Problem_response,2.0,Experience Sampling Questions,1,3014351,,Marker Started at 2,Finger Tapping Task
ESQ,2860.771774099994,,Absorption_response,8.799999999999994,Experience Sampling Questions,1,3014351,,Marker Started at 7,Finger Tapping Task
ESQ,2863.8220365000016,,Self_response,2.0,Experience Sampling Questions,1,3014351,,Marker Started at 2,Finger Tapping Task
ESQ,2869.1714755999856,,Focus_response,5.100000000000002,Experience Sampling Questions,1,3014351,,Marker Started at 2,Finger Tapping Task
ESQ,2874.5037034999987,,Other_response,5.300000000000013,Experience Sampling Questions,1,3014351,,Marker Started at 9,Finger Tapping Task
ESQ,2879.7379807999823,,Knowledge_response,3.0,Experience Sampling Questions,1,3014351,,Marker Started at 3,Finger Tapping Task
ESQ,2885.10365059998,,Distracting_response,4.9000000000000075,Experience Sampling Questions,1,3014351,,Marker Started at 7,Finger Tapping Task
ESQ,2894.6709408999886,,Past_response,1.0,Experience Sampling Questions,1,3014351,,Marker Started at 10,Finger Tapping Task
ESQ,2898.754524899996,,Detailed_response,2.0,Experience Sampling Questions,1,3014351,,Marker Started at 2,Finger Tapping Task
ESQ,2902.8196320999996,,Intrusive_response,6.300000000000013,Experience Sampling Questions,1,3014351,,Marker Started at 10,Finger Tapping Task
 
Runtime Mod,8
EXPERIMENT DATA:,Finger Tapping Task
Start Time,2902.8357885000005
EXPERIMENT DATA:,Experience Sampling Questions
Start Time,3012.6174591000017
ESQ,3021.449989799992,,Distracting_response,6.599999999999997,Experience Sampling Questions,1,3014351,,Marker Started at 2,Finger Tapping Task
ESQ,3024.0829550999915,,Self_response,3.2999999999999994,Experience Sampling Questions,1,3014351,,Marker Started at 4,Finger Tapping Task
ESQ,3026.8163435999886,,Focus_response,4.0,Experience Sampling Questions,1,3014351,,Marker Started at 4,Finger Tapping Task
ESQ,3029.599597099994,,Knowledge_response,6.3000000000000025,Experience Sampling Questions,1,3014351,,Marker Started at 7,Finger Tapping Task
ESQ,3032.4663400999852,,Other_response,2.0,Experience Sampling Questions,1,3014351,,Marker Started at 2,Finger Tapping Task
ESQ,3036.100040899997,,Deliberate_response,7.699999999999993,Experience Sampling Questions,1,3014351,,Marker Started at 2,Finger Tapping Task
ESQ,3039.3667094999983,,Modality_response,2.699999999999998,Experience Sampling Questions,1,3014351,,Marker Started at 5,Finger Tapping Task
ESQ,3043.065803799982,,Intrusive_response,4.900000000000018,Experience Sampling Questions,1,3014351,,Marker Started at 10,Finger Tapping Task
ESQ,3046.6662017999915,,Detailed_response,6.399999999999996,Experience Sampling Questions,1,3014351,,Marker Started at 4,Finger Tapping Task
ESQ,3050.4986194999947,,Past_response,4.900000000000002,Experience Sampling Questions,1,3014351,,Marker Started at 3,Finger Tapping Task
ESQ,3056.1660619999748,,Future_response,4.30000000000001,Experience Sampling Questions,1,3014351,,Marker Started at 8,Finger Tapping Task
ESQ,3059.5157739999995,,Absorption_response,8.399999999999995,Experience Sampling Questions,1,3014351,,Marker Started at 7,Finger Tapping Task
ESQ,3064.0328600999783,,Emotion_response,5.999999999999998,Experience Sampling Questions,1,3014351,,Marker Started at 3,Finger Tapping Task
ESQ,3068.4658108000003,,Problem_response,3.900000000000006,Experience Sampling Questions,1,3014351,,Marker Started at 7,Finger Tapping Task
 
Runtime Mod,12
EXPERIMENT DATA:,GoNoGo Task
Start Time,3068.4807522999763
EXPERIMENT DATA:,Experience Sampling Questions
Start Time,3192.2114535
ESQ,3198.1108211999817,,Self_response,6.6999999999999975,Experience Sampling Questions,1,3014351,,Marker Started at 6,GoNoGo Task
ESQ,3202.545142099989,,Absorption_response,5.700000000000015,Experience Sampling Questions,1,3014351,,Marker Started at 10,GoNoGo Task
ESQ,3206.927775999997,,Distracting_response,6.999999999999996,Experience Sampling Questions,1,3014351,,Marker Started at 2,GoNoGo Task
ESQ,3209.2775526999903,,Future_response,7.0,Experience Sampling Questions,1,3014351,,Marker Started at 7,GoNoGo Task
ESQ,3212.560757899977,,Focus_response,4.0,Experience Sampling Questions,1,3014351,,Marker Started at 4,GoNoGo Task
ESQ,3216.2928571999946,,Problem_response,2.6000000000000014,Experience Sampling Questions,1,3014351,,Marker Started at 6,GoNoGo Task
ESQ,3220.260148899979,,Other_response,6.899999999999996,Experience Sampling Questions,1,3014351,,Marker Started at 2,GoNoGo Task
ESQ,3224.427108099975,,Modality_response,1.0,Experience Sampling Questions,1,3014351,,Marker Started at 10,GoNoGo Task
ESQ,3227.2936157999793,,Deliberate_response,6.500000000000009,Experience Sampling Questions,1,3014351,,Marker Started at 9,GoNoGo Task
ESQ,3230.5931350999745,,Knowledge_response,6.0,Experience Sampling Questions,1,3014351,,Marker Started at 6,GoNoGo Task
ESQ,3234.276115799992,,Detailed_response,7.999999999999993,Experience Sampling Questions,1,3014351,,Marker Started at 6,GoNoGo Task
ESQ,3235.2939032999857,,Past_response,8.0,Experience Sampling Questions,1,3014351,,Marker Started at 8,GoNoGo Task
ESQ,3237.892669599998,,Emotion_response,4.100000000000003,Experience Sampling Questions,1,3014351,,Marker Started at 6,GoNoGo Task
ESQ,3243.2599045999814,,Intrusive_response,2.0,Experience Sampling Questions,1,3014351,,Marker Started at 2,GoNoGo Task
 
Runtime Mod,-15
EXPERIMENT DATA:,GoNoGo Task
Start Time,3243.2757417999965
EXPERIMENT DATA:,Experience Sampling Questions
Start Time,3324.1905008999747
ESQ,3332.173810499982,,Future_response,3.1000000000000125,Experience Sampling Questions,1,3014351,,Marker Started at 9,GoNoGo Task
ESQ,3335.4907870999887,,Past_response,7.999999999999991,Experience Sampling Questions,1,3014351,,Marker Started at 3,GoNoGo Task
ESQ,3338.6233471999876,,Distracting_response,9.099999999999985,Experience Sampling Questions,1,3014351,,Marker Started at 5,GoNoGo Task
ESQ,3341.7224671999866,,Modality_response,1.0,Experience Sampling Questions,1,3014351,,Marker Started at 3,GoNoGo Task
ESQ,3344.673430999974,,Intrusive_response,4.300000000000006,Experience Sampling Questions,1,3014351,,Marker Started at 7,GoNoGo Task
ESQ,3347.07341729998,,Self_response,10.0,Experience Sampling Questions,1,3014351,,Marker Started at 10,GoNoGo Task
ESQ,3350.305622899992,,Other_response,9.299999999999986,Experience Sampling Questions,1,3014351,,Marker Started at 4,GoNoGo Task
ESQ,3353.0718229999766,,Detailed_response,10.0,Experience Sampling Questions,1,3014351,,Marker Started at 8,GoNoGo Task
ESQ,3356.056869699998,,Deliberate_response,1.0,Experience Sampling Questions,1,3014351,,Marker Started at 5,GoNoGo Task
ESQ,3359.6720446999825,,Emotion_response,4.700000000000001,Experience Sampling Questions,1,3014351,,Marker Started at 3,GoNoGo Task
ESQ,3362.8723312999937,,Absorption_response,7.999999999999989,Experience Sampling Questions,1,3014351,,Marker Started at 5,GoNoGo Task
ESQ,3366.021558299981,,Knowledge_response,9.500000000000002,Experience Sampling Questions,1,3014351,,Marker Started at 10,GoNoGo Task
ESQ,3368.8216170999804,,Focus_response,8.0,Experience Sampling Questions,1,3014351,,Marker Started at 8,GoNoGo Task
ESQ,3371.5884793000005,,Problem_response,1.0999999999999994,Experience Sampling Questions,1,3014351,,Marker Started at 3,GoNoGo Task
 
Runtime Mod,-5
EXPERIMENT DATA:,One-Back Task
Start Time,3410.061661899992
EXPERIMENT DATA:,Experience Sampling Questions
Start Time,3534.9681664999807
ESQ,3542.766712599987,,Problem_response,1.1000000000000116,Experience Sampling Questions,1,3014351,,Marker Started at 9,One-Back Task
ESQ,3548.3661595000012,,Distracting_response,2.1000000000000116,Experience Sampling Questions,1,3014351,,Marker Started at 9,One-Back Task
ESQ,3550.8325522999803,,Emotion_response,7.0,Experience Sampling Questions,1,3014351,,Marker Started at 7,One-Back Task
ESQ,3555.316172599996,,Focus_response,2.800000000000005,Experience Sampling Questions,1,3014351,,Marker Started at 7,One-Back Task
ESQ,3558.599224899983,,Absorption_response,3.0,Experience Sampling Questions,1,3014351,,Marker Started at 3,One-Back Task
ESQ,3564.0989975999983,,Past_response,3.0000000000000018,Experience Sampling Questions,1,3014351,,Marker Started at 6,One-Back Task
ESQ,3569.3655300999817,,Modality_response,1.0,Experience Sampling Questions,1,3014351,,Marker Started at 10,One-Back Task
ESQ,3573.8319168999733,,Future_response,2.5000000000000084,Experience Sampling Questions,1,3014351,,Marker Started at 8,One-Back Task
ESQ,3578.1326057999977,,Other_response,2.9999999999999982,Experience Sampling Questions,1,3014351,,Marker Started at 5,One-Back Task
ESQ,3581.832582299976,,Deliberate_response,8.499999999999991,Experience Sampling Questions,1,3014351,,Marker Started at 6,One-Back Task
ESQ,3585.2650593,,Self_response,3.0,Experience Sampling Questions,1,3014351,,Marker Started at 3,One-Back Task
ESQ,3591.43183039999,,Detailed_response,6.999999999999995,Experience Sampling Questions,1,3014351,,Marker Started at 3,One-Back Task
ESQ,3598.881552899984,,Knowledge_response,7.500000000000009,Experience Sampling Questions,1,3014351,,Marker Started at 10,One-Back Task
ESQ,3602.547503699985,,Intrusive_response,4.900000000000018,Experience Sampling Questions,1,3014351,,Marker Started at 10,One-Back Task
 
Runtime Mod,-6
EXPERIMENT DATA:,One-Back Task
Start Time,3602.5609242999926
EXPERIMENT DATA:,Experience Sampling Questions
Start Time,3692.246247699979
ESQ,3698.1448568999767,,Self_response,3.8000000000000096,Experience Sampling Questions,1,3014351,,Marker Started at 8,One-Back Task
ESQ,3700.610536799999,,Other_response,4.100000000000007,Experience Sampling Questions,1,3014351,,Marker Started at 7,One-Back Task
ESQ,3703.0620987,,Problem_response,3.500000000000002,Experience Sampling Questions,1,3014351,,Marker Started at 6,One-Back Task
ESQ,3705.944028499973,,Modality_response,2.7000000000000086,Experience Sampling Questions,1,3014351,,Marker Started at 8,One-Back Task
ESQ,3708.8607346999925,,Emotion_response,5.5,Experience Sampling Questions,1,3014351,,Marker Started at 3,One-Back Task
ESQ,3711.3121092999936,,Focus_response,5.199999999999999,Experience Sampling Questions,1,3014351,,Marker Started at 5,One-Back Task
ESQ,3713.8610799999733,,Past_response,5.2,Experience Sampling Questions,1,3014351,,Marker Started at 4,One-Back Task
ESQ,3716.7272696,,Intrusive_response,3.3000000000000056,Experience Sampling Questions,1,3014351,,Marker Started at 7,One-Back Task
ESQ,3719.477686099999,,Knowledge_response,2.999999999999999,Experience Sampling Questions,1,3014351,,Marker Started at 4,One-Back Task
ESQ,3722.027145799977,,Deliberate_response,7.000000000000011,Experience Sampling Questions,1,3014351,,Marker Started at 10,One-Back Task
ESQ,3723.059768199979,,Future_response,9.0,Experience Sampling Questions,1,3014351,,Marker Started at 9,One-Back Task
ESQ,3728.094466199982,,Absorption_response,4.000000000000001,Experience Sampling Questions,1,3014351,,Marker Started at 3,One-Back Task
ESQ,3730.5771835999913,,Detailed_response,4.800000000000003,Experience Sampling Questions,1,3014351,,Marker Started at 6,One-Back Task
ESQ,3733.5937484999886,,Distracting_response,5.0,Experience Sampling Questions,1,3014351,,Marker Started at 5,One-Back Task
 
Runtime Mod,11
EXPERIMENT DATA:,Zero-Back Task
Start Time,3733.6210046999913
EXPERIMENT DATA:,Experience Sampling Questions
Start Time,3839.927029099985
ESQ,3845.2902132000017,,Intrusive_response,6.0,Experience Sampling Questions,1,3014351,,Marker Started at 6,Zero-Back Task
ESQ,3847.556420499983,,Modality_response,2.0,Experience Sampling Questions,1,3014351,,Marker Started at 2,Zero-Back Task
ESQ,3854.4059645999805,,Focus_response,4.500000000000002,Experience Sampling Questions,1,3014351,,Marker Started at 10,Zero-Back Task
ESQ,3857.606161599979,,Deliberate_response,6.600000000000012,Experience Sampling Questions,1,3014351,,Marker Started at 10,Zero-Back Task
ESQ,3862.2735175999987,,Future_response,3.5999999999999996,Experience Sampling Questions,1,3014351,,Marker Started at 4,Zero-Back Task
ESQ,3864.4892946999753,,Self_response,5.699999999999998,Experience Sampling Questions,1,3014351,,Marker Started at 4,Zero-Back Task
ESQ,3867.806339099974,,Emotion_response,6.799999999999994,Experience Sampling Questions,1,3014351,,Marker Started at 5,Zero-Back Task
ESQ,3870.555692099995,,Absorption_response,4.0,Experience Sampling Questions,1,3014351,,Marker Started at 4,Zero-Back Task
ESQ,3872.78861649998,,Problem_response,3.0,Experience Sampling Questions,1,3014351,,Marker Started at 3,Zero-Back Task
ESQ,3875.271338499995,,Past_response,8.0,Experience Sampling Questions,1,3014351,,Marker Started at 8,Zero-Back Task
ESQ,3878.4888225999894,,Other_response,7.699999999999993,Experience Sampling Questions,1,3014351,,Marker Started at 2,Zero-Back Task
ESQ,3880.5885128999944,,Knowledge_response,8.0,Experience Sampling Questions,1,3014351,,Marker Started at 8,Zero-Back Task
ESQ,3883.421324199997,,Detailed_response,5.0000000000000036,Experience Sampling Questions,1,3014351,,Marker Started at 6,Zero-Back Task
ESQ,3886.5713982000016,,Distracting_response,7.0,Experience Sampling Questions,1,3014351,,Marker Started at 7,Zero-Back Task
 
Runtime Mod,-11
EXPERIMENT DATA:,Zero-Back Task
Start Time,3886.585035999975
EXPERIMENT DATA:,Experience Sampling Questions
Start Time,3980.4052666999924
ESQ,3987.302575299982,,Focus_response,4.500000000000018,Experience Sampling Questions,1,3014351,,Marker Started at 10,Zero-Back Task
ESQ,3989.668865399988,,Emotion_response,7.0,Experience Sampling Questions,1,3014351,,Marker Started at 7,Zero-Back Task
ESQ,3992.2852419999836,,Knowledge_response,7.0,Experience Sampling Questions,1,3014351,,Marker Started at 7,Zero-Back Task
ESQ,3995.5852753999934,,Detailed_response,6.399999999999997,Experience Sampling Questions,1,3014351,,Marker Started at 3,Zero-Back Task
ESQ,3998.7008816999733,,Distracting_response,7.600000000000001,Experience Sampling Questions,1,3014351,,Marker Started at 8,Zero-Back Task
ESQ,4001.919671199983,,Absorption_response,7.0999999999999925,Experience Sampling Questions,1,3014351,,Marker Started at 5,Zero-Back Task
ESQ,4004.835056299984,,Intrusive_response,5.6000000000000085,Experience Sampling Questions,1,3014351,,Marker Started at 8,Zero-Back Task
ESQ,4008.1677913999883,,Modality_response,2.0000000000000115,Experience Sampling Questions,1,3014351,,Marker Started at 9,Zero-Back Task
ESQ,4012.3186900999863,,Future_response,3.0000000000000124,Experience Sampling Questions,1,3014351,,Marker Started at 9,Zero-Back Task
ESQ,4015.2847205,,Self_response,8.19999999999999,Experience Sampling Questions,1,3014351,,Marker Started at 3,Zero-Back Task
ESQ,4017.900706799992,,Past_response,8.199999999999996,Experience Sampling Questions,1,3014351,,Marker Started at 7,Zero-Back Task
ESQ,4020.5340267999854,,Deliberate_response,4.000000000000003,Experience Sampling Questions,1,3014351,,Marker Started at 6,Zero-Back Task
ESQ,4023.267727599974,,Other_response,7.499999999999993,Experience Sampling Questions,1,3014351,,Marker Started at 3,Zero-Back Task
ESQ,4026.250051699986,,Problem_response,3.100000000000002,Experience Sampling Questions,1,3014351,,Marker Started at 6,Zero-Back Task
 
Runtime Mod,12
EXPERIMENT DATA:,Friend Task
Start Time,4031.276856899989
EXPERIMENT DATA:,Experience Sampling Questions
Start Time,4139.987782899989
ESQ,4146.130435200001,,Absorption_response,3.200000000000002,Experience Sampling Questions,1,3014351,,Marker Started at 6,Friend Task
ESQ,4149.2129992999835,,Intrusive_response,4.700000000000017,Experience Sampling Questions,1,3014351,,Marker Started at 10,Friend Task
ESQ,4151.747083800001,,Other_response,6.799999999999995,Experience Sampling Questions,1,3014351,,Marker Started at 3,Friend Task
ESQ,4154.196064899996,,Problem_response,2.799999999999999,Experience Sampling Questions,1,3014351,,Marker Started at 4,Friend Task
ESQ,4156.212754399981,,Deliberate_response,4.0,Experience Sampling Questions,1,3014351,,Marker Started at 4,Friend Task
ESQ,4158.830173099996,,Past_response,3.5999999999999988,Experience Sampling Questions,1,3014351,,Marker Started at 5,Friend Task
ESQ,4161.680201499985,,Self_response,10.0,Experience Sampling Questions,1,3014351,,Marker Started at 10,Friend Task
ESQ,4163.7136513000005,,Knowledge_response,4.500000000000014,Experience Sampling Questions,1,3014351,,Marker Started at 9,Friend Task
ESQ,4167.395766799978,,Detailed_response,3.7000000000000015,Experience Sampling Questions,1,3014351,,Marker Started at 2,Friend Task
ESQ,4169.530139499984,,Emotion_response,5.0,Experience Sampling Questions,1,3014351,,Marker Started at 5,Friend Task
ESQ,4174.19517359999,,Modality_response,1.0,Experience Sampling Questions,1,3014351,,Marker Started at 10,Friend Task
ESQ,4176.995039199974,,Distracting_response,8.0,Experience Sampling Questions,1,3014351,,Marker Started at 8,Friend Task
ESQ,4179.330005199998,,Focus_response,5.0,Experience Sampling Questions,1,3014351,,Marker Started at 5,Friend Task
ESQ,4182.461790199974,,Future_response,2.5999999999999988,Experience Sampling Questions,1,3014351,,Marker Started at 4,Friend Task
 
Runtime Mod,-7
EXPERIMENT DATA:,Friend Task
Start Time,4182.477029099973
EXPERIMENT DATA:,Experience Sampling Questions
Start Time,4272.783856099995
ESQ,4277.075459299987,,Absorption_response,6.0,Experience Sampling Questions,1,3014351,,Marker Started at 6,Friend Task
ESQ,4280.892877099977,,Modality_response,1.0,Experience Sampling Questions,1,3014351,,Marker Started at 9,Friend Task
ESQ,4283.942608799989,,Self_response,6.10000000000001,Experience Sampling Questions,1,3014351,,Marker Started at 9,Friend Task
ESQ,4286.9756760999735,,Distracting_response,8.100000000000007,Experience Sampling Questions,1,3014351,,Marker Started at 10,Friend Task
ESQ,4290.375623799977,,Other_response,7.699999999999991,Experience Sampling Questions,1,3014351,,Marker Started at 4,Friend Task
ESQ,4292.5922704999975,,Problem_response,2.0,Experience Sampling Questions,1,3014351,,Marker Started at 2,Friend Task
ESQ,4294.875479999988,,Knowledge_response,8.0,Experience Sampling Questions,1,3014351,,Marker Started at 8,Friend Task
ESQ,4299.375502399984,,Future_response,3.8000000000000167,Experience Sampling Questions,1,3014351,,Marker Started at 10,Friend Task
ESQ,4301.7749931,,Deliberate_response,2.0,Experience Sampling Questions,1,3014351,,Marker Started at 2,Friend Task
ESQ,4304.057608299976,,Emotion_response,6.0,Experience Sampling Questions,1,3014351,,Marker Started at 6,Friend Task
ESQ,4307.3247135999845,,Focus_response,6.000000000000011,Experience Sampling Questions,1,3014351,,Marker Started at 9,Friend Task
ESQ,4309.99129559999,,Detailed_response,7.0,Experience Sampling Questions,1,3014351,,Marker Started at 7,Friend Task
ESQ,4312.642394499999,,Past_response,3.0,Experience Sampling Questions,1,3014351,,Marker Started at 3,Friend Task
ESQ,4315.924314199976,,Intrusive_response,4.10000000000001,Experience Sampling Questions,1,3014351,,Marker Started at 8,Friend Task
 
Runtime Mod,10
EXPERIMENT DATA:,You Task
Start Time,4315.949142699974
EXPERIMENT DATA:,Experience Sampling Questions
Start Time,4420.945241299982
ESQ,4427.637774199975,,Absorption_response,8.499999999999991,Experience Sampling Questions,1,3014351,,Marker Started at 6,You Task
ESQ,4429.98835639999,,Emotion_response,8.0,Experience Sampling Questions,1,3014351,,Marker Started at 8,You Task
ESQ,4433.9207025999785,,Other_response,1.0,Experience Sampling Questions,1,3014351,,Marker Started at 9,You Task
ESQ,4436.204006899992,,Problem_response,3.0,Experience Sampling Questions,1,3014351,,Marker Started at 3,You Task
ESQ,4439.603729199996,,Focus_response,4.0,Experience Sampling Questions,1,3014351,,Marker Started at 4,You Task
ESQ,4443.370684299996,,Modality_response,1.0,Experience Sampling Questions,1,3014351,,Marker Started at 3,You Task
ESQ,4447.320196699991,,Deliberate_response,10.0,Experience Sampling Questions,1,3014351,,Marker Started at 10,You Task
ESQ,4451.503617899987,,Self_response,10.0,Experience Sampling Questions,1,3014351,,Marker Started at 4,You Task
ESQ,4453.6871258999745,,Intrusive_response,8.0,Experience Sampling Questions,1,3014351,,Marker Started at 8,You Task
ESQ,4456.586590599996,,Past_response,3.1999999999999984,Experience Sampling Questions,1,3014351,,Marker Started at 5,You Task
ESQ,4460.619756799977,,Distracting_response,3.9000000000000132,Experience Sampling Questions,1,3014351,,Marker Started at 9,You Task
ESQ,4463.753718199994,,Detailed_response,6.399999999999997,Experience Sampling Questions,1,3014351,,Marker Started at 3,You Task
ESQ,4467.2706705999735,,Knowledge_response,4.600000000000014,Experience Sampling Questions,1,3014351,,Marker Started at 9,You Task
ESQ,4469.436331899982,,Future_response,8.0,Experience Sampling Questions,1,3014351,,Marker Started at 8,You Task
 
Runtime Mod,-15
EXPERIMENT DATA:,You Task
Start Time,4469.446905399993
EXPERIMENT DATA:,Experience Sampling Questions
Start Time,4548.407427899976
ESQ,4553.068042699975,,Future_response,5.10000000000001,Experience Sampling Questions,1,3014351,,Marker Started at 8,You Task
ESQ,4555.233409499982,,Problem_response,2.699999999999999,Experience Sampling Questions,1,3014351,,Marker Started at 4,You Task
ESQ,4557.3329380999785,,Intrusive_response,3.0,Experience Sampling Questions,1,3014351,,Marker Started at 3,You Task
ESQ,4559.415609499993,,Knowledge_response,9.0,Experience Sampling Questions,1,3014351,,Marker Started at 9,You Task
ESQ,4562.284443899989,,Emotion_response,7.199999999999992,Experience Sampling Questions,1,3014351,,Marker Started at 5,You Task
ESQ,4564.0832555999805,,Past_response,6.0,Experience Sampling Questions,1,3014351,,Marker Started at 6,You Task
ESQ,4566.633270799997,,Distracting_response,3.0,Experience Sampling Questions,1,3014351,,Marker Started at 3,You Task
ESQ,4569.70031309998,,Self_response,7.399999999999992,Experience Sampling Questions,1,3014351,,Marker Started at 4,You Task
ESQ,4572.583227199997,,Absorption_response,7.299999999999994,Experience Sampling Questions,1,3014351,,Marker Started at 3,You Task
ESQ,4575.732443399989,,Modality_response,2.2000000000000046,Experience Sampling Questions,1,3014351,,Marker Started at 7,You Task
ESQ,4578.233217399975,,Other_response,3.0,Experience Sampling Questions,1,3014351,,Marker Started at 3,You Task
ESQ,4580.032525999995,,Focus_response,3.0,Experience Sampling Questions,1,3014351,,Marker Started at 3,You Task
ESQ,4584.182383399981,,Deliberate_response,7.599999999999991,Experience Sampling Questions,1,3014351,,Marker Started at 5,You Task
ESQ,4587.298752099974,,Detailed_response,7.399999999999992,Experience Sampling Questions,1,3014351,,Marker Started at 4,You Task
