METADATA:
Block Runtime,Experiment Seed,Subject
90,2006626,subject009
Time after setup,1502.0520345999976
Timepoint,Time,Is_correct,Experience Sampling Question,Experience Sampling Response,Task,Task Iteration,Participant ID,Response_Key,Auxillary Data,Assoc Task
 
Runtime Mod,-6
EXPERIMENT DATA:,You Task
Start Time,1584.6454136999964
EXPERIMENT DATA:,Experience Sampling Questions
Start Time,1730.1348540999898
ESQ,1782.1952280999976,,Intrusive_response,1.7999999999999998,Experience Sampling Questions,1,2006626,,Marker Started at 10,You Task
ESQ,1796.9614921999892,,Deliberate_response,10.0,Experience Sampling Questions,1,2006626,,Marker Started at 8,You Task
ESQ,1820.6926009000017,,Focus_response,8.29999999999999,Experience Sampling Questions,1,2006626,,Marker Started at 3,You Task
ESQ,1821.7254006000003,,Past_response,7.0,Experience Sampling Questions,1,2006626,,Marker Started at 7,You Task
ESQ,1836.3590842999984,,Future_response,1.0,Experience Sampling Questions,1,2006626,,Marker Started at 7,You Task
ESQ,1837.3923745999928,,Detailed_response,8.0,Experience Sampling Questions,1,2006626,,Marker Started at 8,You Task
ESQ,1849.5429099999892,,Emotion_response,8.000000000000007,Experience Sampling Questions,1,2006626,,Marker Started at 10,You Task
ESQ,1855.391732499993,,Other_response,10.0,Experience Sampling Questions,1,2006626,,Marker Started at 3,You Task
ESQ,1860.5579984999931,,Self_response,10.0,Experience Sampling Questions,1,2006626,,Marker Started at 3,You Task
ESQ,1873.9751564999897,,Problem_response,6.400000000000013,Experience Sampling Questions,1,2006626,,Marker Started at 10,You Task
ESQ,1875.0075589999906,,Knowledge_response,2.0,Experience Sampling Questions,1,2006626,,Marker Started at 2,You Task
ESQ,1888.0576476999995,,Absorption_response,2.2000000000000153,Experience Sampling Questions,1,2006626,,Marker Started at 10,You Task
ESQ,1899.8069101,,Modality_response,2.0,Experience Sampling Questions,1,2006626,,Marker Started at 2,You Task
ESQ,1908.223572899995,,Distracting_response,1.0,Experience Sampling Questions,1,2006626,,Marker Started at 6,You Task
 
Runtime Mod,-10
EXPERIMENT DATA:,You Task
Start Time,1908.2478074999963
EXPERIMENT DATA:,Experience Sampling Questions
Start Time,2017.1094012999965
ESQ,2031.919119600003,,Intrusive_response,1.9000000000000044,Experience Sampling Questions,1,2006626,,Marker Started at 7,You Task
ESQ,2037.3525710999966,,Self_response,10.0,Experience Sampling Questions,1,2006626,,Marker Started at 5,You Task
ESQ,2047.8697660000034,,Emotion_response,7.499999999999993,Experience Sampling Questions,1,2006626,,Marker Started at 3,You Task
ESQ,2057.119303899992,,Future_response,2.1999999999999975,Experience Sampling Questions,1,2006626,,Marker Started at 5,You Task
ESQ,2063.9857579999953,,Detailed_response,8.899999999999988,Experience Sampling Questions,1,2006626,,Marker Started at 2,You Task
ESQ,2073.3350053999893,,Distracting_response,1.0,Experience Sampling Questions,1,2006626,,Marker Started at 9,You Task
ESQ,2081.3345989999943,,Absorption_response,1.0,Experience Sampling Questions,1,2006626,,Marker Started at 5,You Task
ESQ,2156.5999863000034,,Focus_response,1.0,Experience Sampling Questions,1,2006626,,Marker Started at 10,You Task
ESQ,2170.449138199998,,Modality_response,2.400000000000005,Experience Sampling Questions,1,2006626,,Marker Started at 7,You Task
ESQ,2179.7992094999936,,Knowledge_response,10.0,Experience Sampling Questions,1,2006626,,Marker Started at 8,You Task
ESQ,2185.365037900003,,Deliberate_response,10.0,Experience Sampling Questions,1,2006626,,Marker Started at 4,You Task
ESQ,2190.7659887999907,,Past_response,10.0,Experience Sampling Questions,1,2006626,,Marker Started at 7,You Task
ESQ,2200.549091699999,,Other_response,9.000000000000004,Experience Sampling Questions,1,2006626,,Marker Started at 8,You Task
ESQ,2201.580959400002,,Problem_response,2.0,Experience Sampling Questions,1,2006626,,Marker Started at 2,You Task
 
Runtime Mod,11
EXPERIMENT DATA:,Friend Task
Start Time,2201.6008607999975
EXPERIMENT DATA:,Experience Sampling Questions
Start Time,2365.6836945999967
ESQ,2375.1085765000025,,Distracting_response,1.0,Experience Sampling Questions,1,2006626,,Marker Started at 10,Friend Task
ESQ,2376.1251795999997,,Intrusive_response,3.0,Experience Sampling Questions,1,2006626,,Marker Started at 3,Friend Task
ESQ,2391.7764833999972,,Self_response,5.899999999999998,Experience Sampling Questions,1,2006626,,Marker Started at 4,Friend Task
ESQ,2401.892750999992,,Future_response,1.0,Experience Sampling Questions,1,2006626,,Marker Started at 2,Friend Task
ESQ,2406.025992499999,,Deliberate_response,10.0,Experience Sampling Questions,1,2006626,,Marker Started at 8,Friend Task
ESQ,2419.9073952999897,,Absorption_response,9.000000000000004,Experience Sampling Questions,1,2006626,,Marker Started at 10,Friend Task
ESQ,2431.0076355999918,,Knowledge_response,10.0,Experience Sampling Questions,1,2006626,,Marker Started at 2,Friend Task
ESQ,2438.9912286999897,,Detailed_response,10.0,Experience Sampling Questions,1,2006626,,Marker Started at 4,Friend Task
ESQ,2451.2416955999943,,Problem_response,5.0,Experience Sampling Questions,1,2006626,,Marker Started at 5,Friend Task
ESQ,2458.224296100001,,Focus_response,1.0,Experience Sampling Questions,1,2006626,,Marker Started at 6,Friend Task
ESQ,2465.6560457000014,,Emotion_response,8.599999999999994,Experience Sampling Questions,1,2006626,,Marker Started at 7,Friend Task
ESQ,2471.6403240999934,,Past_response,10.0,Experience Sampling Questions,1,2006626,,Marker Started at 4,Friend Task
ESQ,2477.7404187999928,,Modality_response,1.0,Experience Sampling Questions,1,2006626,,Marker Started at 6,Friend Task
ESQ,2482.1393876999937,,Other_response,10.0,Experience Sampling Questions,1,2006626,,Marker Started at 7,Friend Task
 
Runtime Mod,-7
EXPERIMENT DATA:,Friend Task
Start Time,2482.154164599997
EXPERIMENT DATA:,Experience Sampling Questions
Start Time,2605.708970499996
ESQ,2615.6349787999934,,Detailed_response,10.0,Experience Sampling Questions,1,2006626,,Marker Started at 10,Friend Task
ESQ,2625.0513464999967,,Modality_response,2.100000000000015,Experience Sampling Questions,1,2006626,,Marker Started at 10,Friend Task
ESQ,2630.834282399999,,Absorption_response,8.200000000000006,Experience Sampling Questions,1,2006626,,Marker Started at 10,Friend Task
ESQ,2637.4678907999914,,Other_response,10.0,Experience Sampling Questions,1,2006626,,Marker Started at 2,Friend Task
ESQ,2644.085097099989,,Knowledge_response,10.0,Experience Sampling Questions,1,2006626,,Marker Started at 9,Friend Task
ESQ,2650.818339499994,,Intrusive_response,1.4000000000000117,Experience Sampling Questions,1,2006626,,Marker Started at 9,Friend Task
ESQ,2666.251177099999,,Problem_response,2.9000000000000052,Experience Sampling Questions,1,2006626,,Marker Started at 7,Friend Task
ESQ,2671.416737899999,,Self_response,9.299999999999988,Experience Sampling Questions,1,2006626,,Marker Started at 6,Friend Task
ESQ,2678.300069799996,,Distracting_response,1.0,Experience Sampling Questions,1,2006626,,Marker Started at 5,Friend Task
ESQ,2688.1665535999928,,Focus_response,1.0,Experience Sampling Questions,1,2006626,,Marker Started at 6,Friend Task
ESQ,2700.0326990999893,,Deliberate_response,10.0,Experience Sampling Questions,1,2006626,,Marker Started at 7,Friend Task
ESQ,2708.081947300001,,Past_response,10.0,Experience Sampling Questions,1,2006626,,Marker Started at 2,Friend Task
ESQ,2713.4490941999975,,Future_response,1.0,Experience Sampling Questions,1,2006626,,Marker Started at 7,Friend Task
ESQ,2730.4817643999995,,Emotion_response,8.699999999999989,Experience Sampling Questions,1,2006626,,Marker Started at 4,Friend Task
 
Runtime Mod,-12
EXPERIMENT DATA:,Movie Task
Start Time,2821.364612999998
EXPERIMENT DATA:,Experience Sampling Questions
Start Time,3021.6783005999896
ESQ,3045.571430900003,,Past_response,1.0,Experience Sampling Questions,1,2006626,,Marker Started at 3,Movie Task
ESQ,3050.571251100002,,Problem_response,2.3,Experience Sampling Questions,1,2006626,,Marker Started at 5,Movie Task
ESQ,3055.8214150999993,,Modality_response,1.0,Experience Sampling Questions,1,2006626,,Marker Started at 2,Movie Task
ESQ,3061.6713824999897,,Future_response,8.0,Experience Sampling Questions,1,2006626,,Marker Started at 8,Movie Task
ESQ,3073.2717462,,Distracting_response,4.000000000000006,Experience Sampling Questions,1,2006626,,Marker Started at 7,Movie Task
ESQ,3084.837501499991,,Intrusive_response,2.900000000000016,Experience Sampling Questions,1,2006626,,Marker Started at 10,Movie Task
ESQ,3090.7203044999915,,Other_response,1.4000000000000152,Experience Sampling Questions,1,2006626,,Marker Started at 10,Movie Task
ESQ,3107.63649189999,,Absorption_response,2.3000000000000154,Experience Sampling Questions,1,2006626,,Marker Started at 10,Movie Task
ESQ,3113.5203051999997,,Knowledge_response,1.700000000000001,Experience Sampling Questions,1,2006626,,Marker Started at 6,Movie Task
ESQ,3135.2021939999977,,Focus_response,6.200000000000006,Experience Sampling Questions,1,2006626,,Marker Started at 8,Movie Task
ESQ,3171.3837380999903,,Deliberate_response,4.30000000000001,Experience Sampling Questions,1,2006626,,Marker Started at 8,Movie Task
ESQ,3176.5180352000025,,Emotion_response,5.2,Experience Sampling Questions,1,2006626,,Marker Started at 4,Movie Task
ESQ,3194.483716799994,,Self_response,1.5999999999999983,Experience Sampling Questions,1,2006626,,Marker Started at 4,Movie Task
ESQ,3200.3841888000024,,Detailed_response,7.0000000000000036,Experience Sampling Questions,1,2006626,,Marker Started at 8,Movie Task
 
Runtime Mod,-10
EXPERIMENT DATA:,Movie Task
Start Time,3200.398106599998
EXPERIMENT DATA:,Experience Sampling Questions
Start Time,3311.3186145999935
ESQ,3328.013558099992,,Detailed_response,6.499999999999995,Experience Sampling Questions,1,2006626,,Marker Started at 5,Movie Task
ESQ,3339.9796143999993,,Absorption_response,7.3000000000000025,Experience Sampling Questions,1,2006626,,Marker Started at 8,Movie Task
ESQ,3352.845904899994,,Focus_response,1.2,Experience Sampling Questions,1,2006626,,Marker Started at 5,Movie Task
ESQ,3387.0943299999926,,Deliberate_response,4.000000000000002,Experience Sampling Questions,1,2006626,,Marker Started at 3,Movie Task
ESQ,3399.6942786,,Other_response,7.499999999999992,Experience Sampling Questions,1,2006626,,Marker Started at 4,Movie Task
ESQ,3405.7444023999997,,Emotion_response,7.100000000000003,Experience Sampling Questions,1,2006626,,Marker Started at 8,Movie Task
ESQ,3410.127273399994,,Knowledge_response,6.399999999999995,Experience Sampling Questions,1,2006626,,Marker Started at 5,Movie Task
ESQ,3417.360264899995,,Intrusive_response,1.4000000000000046,Experience Sampling Questions,1,2006626,,Marker Started at 7,Movie Task
ESQ,3428.0600618000026,,Modality_response,1.3,Experience Sampling Questions,1,2006626,,Marker Started at 7,Movie Task
ESQ,3436.293280999991,,Problem_response,1.3999999999999986,Experience Sampling Questions,1,2006626,,Marker Started at 4,Movie Task
ESQ,3456.792547399993,,Past_response,8.900000000000004,Experience Sampling Questions,1,2006626,,Marker Started at 2,Movie Task
ESQ,3465.442523299993,,Distracting_response,1.700000000000001,Experience Sampling Questions,1,2006626,,Marker Started at 6,Movie Task
ESQ,3474.2917959999904,,Future_response,6.400000000000009,Experience Sampling Questions,1,2006626,,Marker Started at 9,Movie Task
ESQ,3493.3912491999945,,Self_response,6.399999999999997,Experience Sampling Questions,1,2006626,,Marker Started at 3,Movie Task
 
Runtime Mod,-14
EXPERIMENT DATA:,Reading Task
Start Time,3503.989240900002
EXPERIMENT DATA:,Experience Sampling Questions
Start Time,3597.8889547
ESQ,3610.287549899993,,Intrusive_response,2.2000000000000117,Experience Sampling Questions,1,2006626,,Marker Started at 9,Reading Task
ESQ,3619.9709603999945,,Detailed_response,4.100000000000017,Experience Sampling Questions,1,2006626,,Marker Started at 10,Reading Task
ESQ,3628.7037095999985,,Deliberate_response,5.800000000000015,Experience Sampling Questions,1,2006626,,Marker Started at 10,Reading Task
ESQ,3635.170688600003,,Self_response,1.5,Experience Sampling Questions,1,2006626,,Marker Started at 2,Reading Task
ESQ,3640.786142099998,,Distracting_response,1.9999999999999982,Experience Sampling Questions,1,2006626,,Marker Started at 4,Reading Task
ESQ,3649.00363549999,,Other_response,5.9000000000000075,Experience Sampling Questions,1,2006626,,Marker Started at 8,Reading Task
ESQ,3655.8531988999894,,Modality_response,1.0,Experience Sampling Questions,1,2006626,,Marker Started at 2,Reading Task
ESQ,3662.852666699997,,Problem_response,6.700000000000012,Experience Sampling Questions,1,2006626,,Marker Started at 10,Reading Task
ESQ,3670.452537099991,,Past_response,4.200000000000017,Experience Sampling Questions,1,2006626,,Marker Started at 10,Reading Task
ESQ,3679.0850498999935,,Focus_response,2.800000000000016,Experience Sampling Questions,1,2006626,,Marker Started at 10,Reading Task
ESQ,3685.834967899995,,Absorption_response,5.700000000000005,Experience Sampling Questions,1,2006626,,Marker Started at 7,Reading Task
ESQ,3693.818027699992,,Knowledge_response,7.499999999999993,Experience Sampling Questions,1,2006626,,Marker Started at 2,Reading Task
ESQ,3699.18491679999,,Emotion_response,6.100000000000007,Experience Sampling Questions,1,2006626,,Marker Started at 8,Reading Task
ESQ,3710.1849604000017,,Future_response,1.2000000000000153,Experience Sampling Questions,1,2006626,,Marker Started at 10,Reading Task
 
Runtime Mod,-15
EXPERIMENT DATA:,Reading Task
Start Time,3710.2004483999917
EXPERIMENT DATA:,Experience Sampling Questions
Start Time,3813.034563699999
ESQ,3828.4975837999955,,Absorption_response,2.5999999999999996,Experience Sampling Questions,1,2006626,,Marker Started at 3,Reading Task
ESQ,3833.8800927999982,,Self_response,1.7000000000000002,Experience Sampling Questions,1,2006626,,Marker Started at 2,Reading Task
ESQ,3834.898252599989,,Intrusive_response,9.0,Experience Sampling Questions,1,2006626,,Marker Started at 9,Reading Task
ESQ,3840.2468892000034,,Problem_response,3.999999999999999,Experience Sampling Questions,1,2006626,,Marker Started at 5,Reading Task
ESQ,3843.64726849999,,Modality_response,1.0,Experience Sampling Questions,1,2006626,,Marker Started at 2,Reading Task
ESQ,3844.680339899991,,Knowledge_response,2.0,Experience Sampling Questions,1,2006626,,Marker Started at 2,Reading Task
ESQ,3851.3299727999984,,Future_response,1.0,Experience Sampling Questions,1,2006626,,Marker Started at 10,Reading Task
ESQ,3857.180086399996,,Past_response,5.200000000000017,Experience Sampling Questions,1,2006626,,Marker Started at 10,Reading Task
ESQ,3861.6132500999956,,Deliberate_response,4.600000000000014,Experience Sampling Questions,1,2006626,,Marker Started at 9,Reading Task
ESQ,3872.1301098999975,,Detailed_response,2.0999999999999974,Experience Sampling Questions,1,2006626,,Marker Started at 5,Reading Task
ESQ,3880.4962490999897,,Focus_response,8.000000000000004,Experience Sampling Questions,1,2006626,,Marker Started at 9,Reading Task
ESQ,3886.4626722999965,,Distracting_response,7.000000000000007,Experience Sampling Questions,1,2006626,,Marker Started at 9,Reading Task
ESQ,3891.7123797999957,,Emotion_response,6.399999999999997,Experience Sampling Questions,1,2006626,,Marker Started at 3,Reading Task
ESQ,3897.994988199993,,Other_response,2.8,Experience Sampling Questions,1,2006626,,Marker Started at 3,Reading Task
 
Runtime Mod,-13
EXPERIMENT DATA:,Memory Task
Start Time,3898.0128411999904
EXPERIMENT DATA:,Experience Sampling Questions
Start Time,3989.8635215999966
ESQ,4002.8916893999994,,Modality_response,1.0,Experience Sampling Questions,1,2006626,,Marker Started at 10,Memory Task
ESQ,4013.441735200002,,Future_response,2.1999999999999984,Experience Sampling Questions,1,2006626,,Marker Started at 4,Memory Task
ESQ,4025.974932099998,,Absorption_response,2.0,Experience Sampling Questions,1,2006626,,Marker Started at 2,Memory Task
ESQ,4034.108116599993,,Emotion_response,3.6000000000000005,Experience Sampling Questions,1,2006626,,Marker Started at 3,Memory Task
ESQ,4074.7725069000007,,Self_response,7.20000000000001,Experience Sampling Questions,1,2006626,,Marker Started at 5,Memory Task
ESQ,4081.1231416999944,,Deliberate_response,6.700000000000001,Experience Sampling Questions,1,2006626,,Marker Started at 7,Memory Task
ESQ,4085.206204499991,,Other_response,8.0,Experience Sampling Questions,1,2006626,,Marker Started at 8,Memory Task
ESQ,4092.7394356000004,,Distracting_response,1.900000000000008,Experience Sampling Questions,1,2006626,,Marker Started at 8,Memory Task
ESQ,4119.838732999997,,Focus_response,2.100000000000015,Experience Sampling Questions,1,2006626,,Marker Started at 7,Memory Task
ESQ,4134.471969599996,,Past_response,10.0,Experience Sampling Questions,1,2006626,,Marker Started at 2,Memory Task
ESQ,4138.771423500002,,Intrusive_response,2.599999999999998,Experience Sampling Questions,1,2006626,,Marker Started at 5,Memory Task
ESQ,4145.704357399998,,Detailed_response,4.3000000000000025,Experience Sampling Questions,1,2006626,,Marker Started at 2,Memory Task
ESQ,4154.970246099998,,Knowledge_response,10.0,Experience Sampling Questions,1,2006626,,Marker Started at 5,Memory Task
ESQ,4160.670954100002,,Problem_response,3.6000000000000014,Experience Sampling Questions,1,2006626,,Marker Started at 2,Memory Task
 
Runtime Mod,15
EXPERIMENT DATA:,Memory Task
Start Time,4160.685559299993
EXPERIMENT DATA:,Experience Sampling Questions
Start Time,4258.9886983999895
ESQ,4265.817381999994,,Intrusive_response,2.300000000000001,Experience Sampling Questions,1,2006626,,Marker Started at 6,Memory Task
ESQ,4270.83411299999,,Past_response,10.0,Experience Sampling Questions,1,2006626,,Marker Started at 10,Memory Task
ESQ,4277.384231399992,,Problem_response,1.0,Experience Sampling Questions,1,2006626,,Marker Started at 7,Memory Task
ESQ,4282.716033599994,,Absorption_response,7.500000000000009,Experience Sampling Questions,1,2006626,,Marker Started at 7,Memory Task
ESQ,4288.5338968,,Emotion_response,10.0,Experience Sampling Questions,1,2006626,,Marker Started at 7,Memory Task
ESQ,4292.349856200002,,Future_response,1.0,Experience Sampling Questions,1,2006626,,Marker Started at 3,Memory Task
ESQ,4298.365965699995,,Detailed_response,7.6000000000000085,Experience Sampling Questions,1,2006626,,Marker Started at 10,Memory Task
ESQ,4309.466002000001,,Focus_response,1.0,Experience Sampling Questions,1,2006626,,Marker Started at 6,Memory Task
ESQ,4322.632539500002,,Other_response,10.0,Experience Sampling Questions,1,2006626,,Marker Started at 10,Memory Task
ESQ,4331.3488919999945,,Knowledge_response,9.999999999999984,Experience Sampling Questions,1,2006626,,Marker Started at 4,Memory Task
ESQ,4337.614843000003,,Self_response,3.8000000000000167,Experience Sampling Questions,1,2006626,,Marker Started at 2,Memory Task
ESQ,4345.4147521999985,,Deliberate_response,3.0,Experience Sampling Questions,1,2006626,,Marker Started at 3,Memory Task
ESQ,4349.697888499999,,Modality_response,1.0,Experience Sampling Questions,1,2006626,,Marker Started at 9,Memory Task
ESQ,4364.664476599995,,Distracting_response,2.2,Experience Sampling Questions,1,2006626,,Marker Started at 3,Memory Task
 
Runtime Mod,-10
EXPERIMENT DATA:,Zero-Back Task
Start Time,4370.583652799993
EXPERIMENT DATA:,Experience Sampling Questions
Start Time,4505.194457799997
ESQ,4518.9762507999985,,Emotion_response,2.9999999999999982,Experience Sampling Questions,1,2006626,,Marker Started at 5,Zero-Back Task
ESQ,4524.458440399991,,Knowledge_response,1.0,Experience Sampling Questions,1,2006626,,Marker Started at 10,Zero-Back Task
ESQ,4529.525987200002,,Intrusive_response,8.999999999999988,Experience Sampling Questions,1,2006626,,Marker Started at 3,Zero-Back Task
ESQ,4537.226343499991,,Problem_response,5.300000000000013,Experience Sampling Questions,1,2006626,,Marker Started at 9,Zero-Back Task
ESQ,4540.708337699994,,Deliberate_response,1.0,Experience Sampling Questions,1,2006626,,Marker Started at 4,Zero-Back Task
ESQ,4549.175312099993,,Detailed_response,2.5999999999999996,Experience Sampling Questions,1,2006626,,Marker Started at 3,Zero-Back Task
ESQ,4603.056700699992,,Distracting_response,1.0,Experience Sampling Questions,1,2006626,,Marker Started at 7,Zero-Back Task
ESQ,4608.106670399997,,Self_response,1.0,Experience Sampling Questions,1,2006626,,Marker Started at 4,Zero-Back Task
ESQ,4611.940872899999,,Other_response,1.0,Experience Sampling Questions,1,2006626,,Marker Started at 4,Zero-Back Task
ESQ,4617.923394400001,,Focus_response,1.0,Experience Sampling Questions,1,2006626,,Marker Started at 7,Zero-Back Task
ESQ,4624.522943299991,,Past_response,2.9000000000000004,Experience Sampling Questions,1,2006626,,Marker Started at 6,Zero-Back Task
ESQ,4629.656277100003,,Future_response,1.0,Experience Sampling Questions,1,2006626,,Marker Started at 3,Zero-Back Task
ESQ,4635.255835699994,,Modality_response,1.0,Experience Sampling Questions,1,2006626,,Marker Started at 2,Zero-Back Task
ESQ,4643.4057895000005,,Absorption_response,8.399999999999995,Experience Sampling Questions,1,2006626,,Marker Started at 7,Zero-Back Task
 
Runtime Mod,-12
EXPERIMENT DATA:,Zero-Back Task
Start Time,4643.419974499993
EXPERIMENT DATA:,Experience Sampling Questions
Start Time,4744.056559199991
ESQ,4754.519250199999,,Absorption_response,3.1,Experience Sampling Questions,1,2006626,,Marker Started at 3,Zero-Back Task
ESQ,4760.351609599995,,Problem_response,4.099999999999999,Experience Sampling Questions,1,2006626,,Marker Started at 5,Zero-Back Task
ESQ,4761.535843399994,,Deliberate_response,5.0,Experience Sampling Questions,1,2006626,,Marker Started at 5,Zero-Back Task
ESQ,4769.967610499996,,Future_response,2.500000000000005,Experience Sampling Questions,1,2006626,,Marker Started at 7,Zero-Back Task
ESQ,4773.318718800001,,Intrusive_response,7.0,Experience Sampling Questions,1,2006626,,Marker Started at 7,Zero-Back Task
ESQ,4778.302027099999,,Emotion_response,4.100000000000007,Experience Sampling Questions,1,2006626,,Marker Started at 7,Zero-Back Task
ESQ,4781.318509399993,,Self_response,1.0,Experience Sampling Questions,1,2006626,,Marker Started at 4,Zero-Back Task
ESQ,4785.084487100001,,Modality_response,1.0,Experience Sampling Questions,1,2006626,,Marker Started at 5,Zero-Back Task
ESQ,4791.3173700999905,,Distracting_response,8.09999999999999,Experience Sampling Questions,1,2006626,,Marker Started at 2,Zero-Back Task
ESQ,4795.134005100001,,Other_response,1.2000000000000046,Experience Sampling Questions,1,2006626,,Marker Started at 7,Zero-Back Task
ESQ,4820.867297499994,,Knowledge_response,1.0,Experience Sampling Questions,1,2006626,,Marker Started at 10,Zero-Back Task
ESQ,4826.0336886000005,,Detailed_response,1.9,Experience Sampling Questions,1,2006626,,Marker Started at 7,Zero-Back Task
ESQ,4831.217355599991,,Past_response,1.4000000000000117,Experience Sampling Questions,1,2006626,,Marker Started at 9,Zero-Back Task
ESQ,4836.7002457999915,,Focus_response,3.8000000000000007,Experience Sampling Questions,1,2006626,,Marker Started at 3,Zero-Back Task
 
Runtime Mod,10
EXPERIMENT DATA:,One-Back Task
Start Time,4836.717654299995
EXPERIMENT DATA:,Experience Sampling Questions
Start Time,4952.497545099992
ESQ,4958.44617309999,,Modality_response,1.0,Experience Sampling Questions,1,2006626,,Marker Started at 6,One-Back Task
ESQ,4962.979953999995,,Intrusive_response,6.599999999999994,Experience Sampling Questions,1,2006626,,Marker Started at 5,One-Back Task
ESQ,4968.761908200002,,Past_response,1.0,Experience Sampling Questions,1,2006626,,Marker Started at 7,One-Back Task
ESQ,4974.412232699993,,Focus_response,8.29999999999999,Experience Sampling Questions,1,2006626,,Marker Started at 7,One-Back Task
ESQ,4981.861859299999,,Detailed_response,1.0,Experience Sampling Questions,1,2006626,,Marker Started at 3,One-Back Task
ESQ,4992.32785799999,,Knowledge_response,1.0,Experience Sampling Questions,1,2006626,,Marker Started at 2,One-Back Task
ESQ,5000.961326199991,,Problem_response,4.900000000000015,Experience Sampling Questions,1,2006626,,Marker Started at 9,One-Back Task
ESQ,5002.061247999998,,Deliberate_response,4.0,Experience Sampling Questions,1,2006626,,Marker Started at 4,One-Back Task
ESQ,5011.46090179999,,Distracting_response,1.7000000000000117,Experience Sampling Questions,1,2006626,,Marker Started at 9,One-Back Task
ESQ,5015.044300199996,,Other_response,1.0,Experience Sampling Questions,1,2006626,,Marker Started at 3,One-Back Task
ESQ,5019.410896599991,,Absorption_response,6.400000000000009,Experience Sampling Questions,1,2006626,,Marker Started at 9,One-Back Task
ESQ,5022.860906000002,,Future_response,1.0,Experience Sampling Questions,1,2006626,,Marker Started at 6,One-Back Task
ESQ,5034.060561399994,,Self_response,1.0,Experience Sampling Questions,1,2006626,,Marker Started at 9,One-Back Task
ESQ,5042.4108098,,Emotion_response,5.100000000000003,Experience Sampling Questions,1,2006626,,Marker Started at 6,One-Back Task
 
Runtime Mod,-5
EXPERIMENT DATA:,One-Back Task
Start Time,5042.42445749999
EXPERIMENT DATA:,Experience Sampling Questions
Start Time,5138.662074599997
ESQ,5147.756673700002,,Problem_response,5.600000000000005,Experience Sampling Questions,1,2006626,,Marker Started at 7,One-Back Task
ESQ,5151.0068035,,Other_response,1.0,Experience Sampling Questions,1,2006626,,Marker Started at 9,One-Back Task
ESQ,5154.540664899992,,Deliberate_response,1.7999999999999976,Experience Sampling Questions,1,2006626,,Marker Started at 5,One-Back Task
ESQ,5158.44006139999,,Emotion_response,6.400000000000009,Experience Sampling Questions,1,2006626,,Marker Started at 9,One-Back Task
ESQ,5161.922547399998,,Focus_response,2.4000000000000004,Experience Sampling Questions,1,2006626,,Marker Started at 5,One-Back Task
ESQ,5165.223039199991,,Future_response,1.0,Experience Sampling Questions,1,2006626,,Marker Started at 4,One-Back Task
ESQ,5169.856620499995,,Intrusive_response,3.8,Experience Sampling Questions,1,2006626,,Marker Started at 4,One-Back Task
ESQ,5173.055849800003,,Distracting_response,1.7999999999999994,Experience Sampling Questions,1,2006626,,Marker Started at 3,One-Back Task
ESQ,5176.772746199989,,Knowledge_response,7.300000000000006,Experience Sampling Questions,1,2006626,,Marker Started at 9,One-Back Task
ESQ,5182.321975300001,,Self_response,1.0,Experience Sampling Questions,1,2006626,,Marker Started at 4,One-Back Task
ESQ,5187.338307400001,,Detailed_response,4.2000000000000135,Experience Sampling Questions,1,2006626,,Marker Started at 9,One-Back Task
ESQ,5191.921564599994,,Past_response,6.4999999999999964,Experience Sampling Questions,1,2006626,,Marker Started at 5,One-Back Task
ESQ,5195.721614599999,,Modality_response,1.0,Experience Sampling Questions,1,2006626,,Marker Started at 6,One-Back Task
ESQ,5204.489306499992,,Absorption_response,1.0,Experience Sampling Questions,1,2006626,,Marker Started at 2,One-Back Task
 
Runtime Mod,-15
EXPERIMENT DATA:,Finger Tapping Task
Start Time,5222.963725599999
EXPERIMENT DATA:,Experience Sampling Questions
Start Time,5326.520738299994
ESQ,5336.366931199998,,Future_response,1.0,Experience Sampling Questions,1,2006626,,Marker Started at 3,Finger Tapping Task
ESQ,5339.5347282,,Past_response,1.0,Experience Sampling Questions,1,2006626,,Marker Started at 9,Finger Tapping Task
ESQ,5343.7173836,,Emotion_response,1.6000000000000116,Experience Sampling Questions,1,2006626,,Marker Started at 9,Finger Tapping Task
ESQ,5347.468024100002,,Detailed_response,1.0,Experience Sampling Questions,1,2006626,,Marker Started at 2,Finger Tapping Task
ESQ,5350.267187199992,,Intrusive_response,8.399999999999991,Experience Sampling Questions,1,2006626,,Marker Started at 6,Finger Tapping Task
ESQ,5353.150984399996,,Problem_response,1.0,Experience Sampling Questions,1,2006626,,Marker Started at 2,Finger Tapping Task
ESQ,5357.950190599993,,Distracting_response,1.8000000000000116,Experience Sampling Questions,1,2006626,,Marker Started at 9,Finger Tapping Task
ESQ,5360.400144599989,,Absorption_response,1.8999999999999984,Experience Sampling Questions,1,2006626,,Marker Started at 4,Finger Tapping Task
ESQ,5362.966617699989,,Modality_response,1.0,Experience Sampling Questions,1,2006626,,Marker Started at 2,Finger Tapping Task
ESQ,5366.93378359999,,Focus_response,3.6000000000000165,Experience Sampling Questions,1,2006626,,Marker Started at 10,Finger Tapping Task
ESQ,5371.3829531999945,,Other_response,1.0,Experience Sampling Questions,1,2006626,,Marker Started at 9,Finger Tapping Task
ESQ,5382.1994777999935,,Knowledge_response,1.0,Experience Sampling Questions,1,2006626,,Marker Started at 8,Finger Tapping Task
ESQ,5385.5499213,,Self_response,1.200000000000001,Experience Sampling Questions,1,2006626,,Marker Started at 6,Finger Tapping Task
ESQ,5388.265986999992,,Deliberate_response,1.7999999999999994,Experience Sampling Questions,1,2006626,,Marker Started at 3,Finger Tapping Task
 
Runtime Mod,12
EXPERIMENT DATA:,Finger Tapping Task
Start Time,5388.281875000001
EXPERIMENT DATA:,Experience Sampling Questions
Start Time,5503.8293595
ESQ,5515.144912899996,,Detailed_response,1.0,Experience Sampling Questions,1,2006626,,Marker Started at 7,Finger Tapping Task
ESQ,5518.061419099991,,Future_response,1.2000000000000046,Experience Sampling Questions,1,2006626,,Marker Started at 7,Finger Tapping Task
ESQ,5519.479083999991,,Intrusive_response,3.099999999999999,Experience Sampling Questions,1,2006626,,Marker Started at 4,Finger Tapping Task
ESQ,5523.112058600003,,Past_response,1.0,Experience Sampling Questions,1,2006626,,Marker Started at 8,Finger Tapping Task
ESQ,5528.428500399998,,Emotion_response,2.3000000000000083,Experience Sampling Questions,1,2006626,,Marker Started at 8,Finger Tapping Task
ESQ,5531.994678999996,,Knowledge_response,3.9000000000000012,Experience Sampling Questions,1,2006626,,Marker Started at 3,Finger Tapping Task
ESQ,5536.144904300003,,Distracting_response,7.000000000000011,Experience Sampling Questions,1,2006626,,Marker Started at 10,Finger Tapping Task
ESQ,5538.7286547999975,,Deliberate_response,1.0,Experience Sampling Questions,1,2006626,,Marker Started at 2,Finger Tapping Task
ESQ,5542.610724099999,,Absorption_response,2.3999999999999995,Experience Sampling Questions,1,2006626,,Marker Started at 3,Finger Tapping Task
ESQ,5545.294113600001,,Problem_response,1.0999999999999985,Experience Sampling Questions,1,2006626,,Marker Started at 4,Finger Tapping Task
ESQ,5548.444507599997,,Modality_response,1.0,Experience Sampling Questions,1,2006626,,Marker Started at 6,Finger Tapping Task
ESQ,5551.994016800003,,Focus_response,2.7000000000000086,Experience Sampling Questions,1,2006626,,Marker Started at 8,Finger Tapping Task
ESQ,5556.843654800003,,Other_response,1.0,Experience Sampling Questions,1,2006626,,Marker Started at 5,Finger Tapping Task
ESQ,5560.393685799994,,Self_response,1.0,Experience Sampling Questions,1,2006626,,Marker Started at 8,Finger Tapping Task
 
Runtime Mod,11
EXPERIMENT DATA:,GoNoGo Task
Start Time,5560.409144799996
EXPERIMENT DATA:,Experience Sampling Questions
Start Time,5689.356893199991
ESQ,5697.440059300003,,Modality_response,1.0,Experience Sampling Questions,1,2006626,,Marker Started at 3,GoNoGo Task
ESQ,5701.105960300003,,Past_response,1.0,Experience Sampling Questions,1,2006626,,Marker Started at 6,GoNoGo Task
ESQ,5703.840192799995,,Future_response,1.0,Experience Sampling Questions,1,2006626,,Marker Started at 7,GoNoGo Task
ESQ,5708.806220099999,,Emotion_response,2.000000000000015,Experience Sampling Questions,1,2006626,,Marker Started at 10,GoNoGo Task
ESQ,5711.606125999999,,Problem_response,1.6999999999999993,Experience Sampling Questions,1,2006626,,Marker Started at 3,GoNoGo Task
ESQ,5713.7559229000035,,Intrusive_response,7.500000000000009,Experience Sampling Questions,1,2006626,,Marker Started at 10,GoNoGo Task
ESQ,5716.939486599993,,Other_response,1.0,Experience Sampling Questions,1,2006626,,Marker Started at 8,GoNoGo Task
ESQ,5720.622484699998,,Detailed_response,3.000000000000009,Experience Sampling Questions,1,2006626,,Marker Started at 8,GoNoGo Task
ESQ,5724.489157499993,,Focus_response,1.2999999999999976,Experience Sampling Questions,1,2006626,,Marker Started at 5,GoNoGo Task
ESQ,5729.222000199996,,Absorption_response,2.2000000000000117,Experience Sampling Questions,1,2006626,,Marker Started at 9,GoNoGo Task
ESQ,5732.1717068,,Self_response,1.0,Experience Sampling Questions,1,2006626,,Marker Started at 6,GoNoGo Task
ESQ,5735.621525099996,,Deliberate_response,1.0,Experience Sampling Questions,1,2006626,,Marker Started at 10,GoNoGo Task
ESQ,5753.121125899997,,Distracting_response,1.0,Experience Sampling Questions,1,2006626,,Marker Started at 5,GoNoGo Task
ESQ,5760.30452179999,,Knowledge_response,1.0,Experience Sampling Questions,1,2006626,,Marker Started at 10,GoNoGo Task
 
Runtime Mod,-12
EXPERIMENT DATA:,GoNoGo Task
Start Time,5760.321179299994
EXPERIMENT DATA:,Experience Sampling Questions
Start Time,5868.9687791999895
ESQ,5877.900609899996,,Past_response,1.0,Experience Sampling Questions,1,2006626,,Marker Started at 8,GoNoGo Task
ESQ,5882.767187299993,,Distracting_response,2.7,Experience Sampling Questions,1,2006626,,Marker Started at 4,GoNoGo Task
ESQ,5889.800068500001,,Deliberate_response,3.500000000000001,Experience Sampling Questions,1,2006626,,Marker Started at 8,GoNoGo Task
ESQ,5892.633557499998,,Self_response,1.0,Experience Sampling Questions,1,2006626,,Marker Started at 2,GoNoGo Task
ESQ,5895.350028399989,,Future_response,1.400000000000001,Experience Sampling Questions,1,2006626,,Marker Started at 6,GoNoGo Task
ESQ,5898.733580100001,,Intrusive_response,7.199999999999994,Experience Sampling Questions,1,2006626,,Marker Started at 4,GoNoGo Task
ESQ,5903.832399199993,,Knowledge_response,2.0999999999999996,Experience Sampling Questions,1,2006626,,Marker Started at 2,GoNoGo Task
ESQ,5906.549790599995,,Other_response,1.0,Experience Sampling Questions,1,2006626,,Marker Started at 2,GoNoGo Task
ESQ,5909.933932699991,,Problem_response,1.0,Experience Sampling Questions,1,2006626,,Marker Started at 7,GoNoGo Task
ESQ,5913.015982299999,,Focus_response,6.499999999999995,Experience Sampling Questions,1,2006626,,Marker Started at 5,GoNoGo Task
ESQ,5946.048805400002,,Detailed_response,1.0,Experience Sampling Questions,1,2006626,,Marker Started at 4,GoNoGo Task
ESQ,5952.381867299991,,Emotion_response,1.0,Experience Sampling Questions,1,2006626,,Marker Started at 10,GoNoGo Task
ESQ,5955.814867099994,,Absorption_response,2.9000000000000123,Experience Sampling Questions,1,2006626,,Marker Started at 9,GoNoGo Task
ESQ,5959.798374699996,,Modality_response,1.0,Experience Sampling Questions,1,2006626,,Marker Started at 4,GoNoGo Task
 
Runtime Mod,-5
EXPERIMENT DATA:,Hard Math Task
Start Time,5968.734586499995
EXPERIMENT DATA:,Experience Sampling Questions
Start Time,6074.0997134999925
ESQ,6079.545439199996,,Detailed_response,8.699999999999989,Experience Sampling Questions,1,2006626,,Marker Started at 4,Hard Math Task
ESQ,6080.578041000001,,Intrusive_response,8.0,Experience Sampling Questions,1,2006626,,Marker Started at 8,Hard Math Task
ESQ,6084.678470899991,,Emotion_response,6.9999999999999964,Experience Sampling Questions,1,2006626,,Marker Started at 6,Hard Math Task
ESQ,6090.394907199996,,Deliberate_response,8.19999999999999,Experience Sampling Questions,1,2006626,,Marker Started at 4,Hard Math Task
ESQ,6094.977230899996,,Absorption_response,7.2999999999999945,Experience Sampling Questions,1,2006626,,Marker Started at 2,Hard Math Task
ESQ,6101.344037899995,,Distracting_response,1.0,Experience Sampling Questions,1,2006626,,Marker Started at 7,Hard Math Task
ESQ,6104.72721859999,,Focus_response,1.0,Experience Sampling Questions,1,2006626,,Marker Started at 2,Hard Math Task
ESQ,6114.760546899997,,Problem_response,2.0,Experience Sampling Questions,1,2006626,,Marker Started at 5,Hard Math Task
ESQ,6155.942055699998,,Modality_response,5.000000000000002,Experience Sampling Questions,1,2006626,,Marker Started at 2,Hard Math Task
ESQ,6164.542040899993,,Knowledge_response,10.0,Experience Sampling Questions,1,2006626,,Marker Started at 7,Hard Math Task
ESQ,6170.825050899992,,Past_response,6.299999999999998,Experience Sampling Questions,1,2006626,,Marker Started at 2,Hard Math Task
ESQ,6174.559059099993,,Self_response,1.0,Experience Sampling Questions,1,2006626,,Marker Started at 4,Hard Math Task
ESQ,6177.8242029999965,,Future_response,1.0,Experience Sampling Questions,1,2006626,,Marker Started at 5,Hard Math Task
ESQ,6180.824024100002,,Other_response,1.0,Experience Sampling Questions,1,2006626,,Marker Started at 8,Hard Math Task
 
Runtime Mod,14
EXPERIMENT DATA:,Hard Math Task
Start Time,6180.8386406999925
EXPERIMENT DATA:,Experience Sampling Questions
Start Time,6314.525420299993
ESQ,6331.0037094,,Modality_response,4.800000000000003,Experience Sampling Questions,1,2006626,,Marker Started at 6,Hard Math Task
ESQ,6336.086485299995,,Absorption_response,6.200000000000003,Experience Sampling Questions,1,2006626,,Marker Started at 7,Hard Math Task
ESQ,6340.503465299989,,Emotion_response,5.199999999999999,Experience Sampling Questions,1,2006626,,Marker Started at 5,Hard Math Task
ESQ,6344.886221499997,,Knowledge_response,9.0,Experience Sampling Questions,1,2006626,,Marker Started at 9,Hard Math Task
ESQ,6348.2704753,,Deliberate_response,9.0,Experience Sampling Questions,1,2006626,,Marker Started at 9,Hard Math Task
ESQ,6353.136297999998,,Intrusive_response,5.10000000000001,Experience Sampling Questions,1,2006626,,Marker Started at 8,Hard Math Task
ESQ,6359.2864176,,Distracting_response,2.0,Experience Sampling Questions,1,2006626,,Marker Started at 2,Hard Math Task
ESQ,6363.269334299999,,Focus_response,1.6000000000000116,Experience Sampling Questions,1,2006626,,Marker Started at 9,Hard Math Task
ESQ,6366.336216099997,,Other_response,1.0,Experience Sampling Questions,1,2006626,,Marker Started at 7,Hard Math Task
ESQ,6369.135391799995,,Future_response,1.0,Experience Sampling Questions,1,2006626,,Marker Started at 6,Hard Math Task
ESQ,6374.101905599993,,Problem_response,10.0,Experience Sampling Questions,1,2006626,,Marker Started at 10,Hard Math Task
ESQ,6377.8527426999935,,Detailed_response,7.69999999999999,Experience Sampling Questions,1,2006626,,Marker Started at 5,Hard Math Task
ESQ,6380.1850465000025,,Self_response,1.0,Experience Sampling Questions,1,2006626,,Marker Started at 2,Hard Math Task
ESQ,6384.718090399998,,Past_response,3.0000000000000004,Experience Sampling Questions,1,2006626,,Marker Started at 3,Hard Math Task
 
Runtime Mod,7
EXPERIMENT DATA:,Easy Math Task
Start Time,6384.742291899995
EXPERIMENT DATA:,Experience Sampling Questions
Start Time,6493.3861479999905
ESQ,6499.864985199994,,Deliberate_response,10.0,Experience Sampling Questions,1,2006626,,Marker Started at 10,Easy Math Task
ESQ,6503.480753999989,,Problem_response,10.0,Experience Sampling Questions,1,2006626,,Marker Started at 9,Easy Math Task
ESQ,6506.766047099998,,Past_response,1.0,Experience Sampling Questions,1,2006626,,Marker Started at 7,Easy Math Task
ESQ,6513.5137558999995,,Knowledge_response,10.0,Experience Sampling Questions,1,2006626,,Marker Started at 9,Easy Math Task
ESQ,6517.664748700001,,Emotion_response,6.299999999999997,Experience Sampling Questions,1,2006626,,Marker Started at 3,Easy Math Task
ESQ,6522.148069899995,,Distracting_response,3.0,Experience Sampling Questions,1,2006626,,Marker Started at 3,Easy Math Task
ESQ,6524.6311293000035,,Intrusive_response,2.0,Experience Sampling Questions,1,2006626,,Marker Started at 2,Easy Math Task
ESQ,6528.5468234,,Other_response,1.0,Experience Sampling Questions,1,2006626,,Marker Started at 7,Easy Math Task
ESQ,6531.830931599994,,Modality_response,5.0,Experience Sampling Questions,1,2006626,,Marker Started at 5,Easy Math Task
ESQ,6545.6468120999925,,Absorption_response,1.0,Experience Sampling Questions,1,2006626,,Marker Started at 9,Easy Math Task
ESQ,6550.212833400001,,Self_response,1.0,Experience Sampling Questions,1,2006626,,Marker Started at 8,Easy Math Task
ESQ,6555.28021099999,,Focus_response,1.6,Experience Sampling Questions,1,2006626,,Marker Started at 10,Easy Math Task
ESQ,6559.712887699992,,Detailed_response,9.999999999999986,Experience Sampling Questions,1,2006626,,Marker Started at 6,Easy Math Task
ESQ,6563.897192199991,,Future_response,1.0,Experience Sampling Questions,1,2006626,,Marker Started at 5,Easy Math Task
 
Runtime Mod,10
EXPERIMENT DATA:,Easy Math Task
Start Time,6563.911751099993
EXPERIMENT DATA:,Experience Sampling Questions
Start Time,6686.662161799992
ESQ,6692.809400500002,,Intrusive_response,7.0,Experience Sampling Questions,1,2006626,,Marker Started at 7,Easy Math Task
ESQ,6700.476350600002,,Absorption_response,3.9000000000000017,Experience Sampling Questions,1,2006626,,Marker Started at 2,Easy Math Task
ESQ,6702.942631400001,,Past_response,1.0,Experience Sampling Questions,1,2006626,,Marker Started at 3,Easy Math Task
ESQ,6706.208367899992,,Focus_response,1.2999999999999976,Experience Sampling Questions,1,2006626,,Marker Started at 5,Easy Math Task
ESQ,6711.359324999998,,Modality_response,5.300000000000001,Experience Sampling Questions,1,2006626,,Marker Started at 3,Easy Math Task
ESQ,6715.507926099992,,Future_response,1.0,Experience Sampling Questions,1,2006626,,Marker Started at 9,Easy Math Task
ESQ,6719.508520099989,,Self_response,1.0,Experience Sampling Questions,1,2006626,,Marker Started at 10,Easy Math Task
ESQ,6723.5742629000015,,Problem_response,10.0,Experience Sampling Questions,1,2006626,,Marker Started at 5,Easy Math Task
ESQ,6727.608263100003,,Detailed_response,10.0,Experience Sampling Questions,1,2006626,,Marker Started at 7,Easy Math Task
ESQ,6730.657447299993,,Emotion_response,5.600000000000012,Experience Sampling Questions,1,2006626,,Marker Started at 9,Easy Math Task
ESQ,6733.924401099997,,Distracting_response,1.600000000000001,Experience Sampling Questions,1,2006626,,Marker Started at 6,Easy Math Task
ESQ,6736.974230499996,,Deliberate_response,10.0,Experience Sampling Questions,1,2006626,,Marker Started at 8,Easy Math Task
ESQ,6741.241224400001,,Other_response,1.0,Experience Sampling Questions,1,2006626,,Marker Started at 6,Easy Math Task
ESQ,6743.8576575999905,,Knowledge_response,10.0,Experience Sampling Questions,1,2006626,,Marker Started at 6,Easy Math Task
