METADATA:
Block Runtime,Experiment Seed,Subject
90,7746827,subject022
Time after setup,851.2592250000453
Timepoint,Time,Is_correct,Experience Sampling Question,Experience Sampling Response,Task,Task Iteration,Participant ID,Response_Key,Auxillary Data,Assoc Task
 
Runtime Mod,-12
EXPERIMENT DATA:,Zero-Back Task
Start Time,901.646925500012
EXPERIMENT DATA:,Experience Sampling Questions
Start Time,1094.5495460999664
ESQ,1107.038735399954,,Other_response,5.699999999999999,Experience Sampling Questions,1,7746827,,Marker Started at 3,Zero-Back Task
ESQ,1108.1065881999675,,Future_response,4.0,Experience Sampling Questions,1,7746827,,Marker Started at 4,Zero-Back Task
ESQ,1119.9731332999654,,Absorption_response,6.500000000000009,Experience Sampling Questions,1,7746827,,Marker Started at 9,Zero-Back Task
ESQ,1126.5890899000224,,Focus_response,2.899999999999998,Experience Sampling Questions,1,7746827,,Marker Started at 5,Zero-Back Task
ESQ,1130.4719824000495,,Problem_response,1.1,Experience Sampling Questions,1,7746827,,Marker Started at 2,Zero-Back Task
ESQ,1136.1382476999424,,Deliberate_response,3.500000000000002,Experience Sampling Questions,1,7746827,,Marker Started at 6,Zero-Back Task
ESQ,1147.3038933000062,,Modality_response,3.3999999999999995,Experience Sampling Questions,1,7746827,,Marker Started at 4,Zero-Back Task
ESQ,1155.055037699989,,Knowledge_response,7.200000000000003,Experience Sampling Questions,1,7746827,,Marker Started at 8,Zero-Back Task
ESQ,1159.770932400017,,Distracting_response,4.400000000000001,Experience Sampling Questions,1,7746827,,Marker Started at 3,Zero-Back Task
ESQ,1160.803697800031,,Emotion_response,3.0,Experience Sampling Questions,1,7746827,,Marker Started at 3,Zero-Back Task
ESQ,1163.703674999997,,Past_response,10.0,Experience Sampling Questions,1,7746827,,Marker Started at 10,Zero-Back Task
ESQ,1164.7207036999753,,Detailed_response,10.0,Experience Sampling Questions,1,7746827,,Marker Started at 10,Zero-Back Task
ESQ,1170.9370630000485,,Intrusive_response,2.200000000000001,Experience Sampling Questions,1,7746827,,Marker Started at 6,Zero-Back Task
ESQ,1175.1536332999822,,Self_response,10.0,Experience Sampling Questions,1,7746827,,Marker Started at 5,Zero-Back Task
 
Runtime Mod,6
EXPERIMENT DATA:,Zero-Back Task
Start Time,1175.1716250999598
EXPERIMENT DATA:,Experience Sampling Questions
Start Time,1330.8020318000345
ESQ,1339.114824200049,,Deliberate_response,2.800000000000016,Experience Sampling Questions,1,7746827,,Marker Started at 10,Zero-Back Task
ESQ,1344.197314399993,,Knowledge_response,10.0,Experience Sampling Questions,1,7746827,,Marker Started at 5,Zero-Back Task
ESQ,1348.4652578999521,,Future_response,5.1000000000000005,Experience Sampling Questions,1,7746827,,Marker Started at 4,Zero-Back Task
ESQ,1353.713377899956,,Focus_response,3.1000000000000054,Experience Sampling Questions,1,7746827,,Marker Started at 7,Zero-Back Task
ESQ,1360.59797969996,,Intrusive_response,6.199999999999996,Experience Sampling Questions,1,7746827,,Marker Started at 5,Zero-Back Task
ESQ,1364.1972495999653,,Other_response,2.699999999999998,Experience Sampling Questions,1,7746827,,Marker Started at 5,Zero-Back Task
ESQ,1368.9808914000168,,Self_response,10.0,Experience Sampling Questions,1,7746827,,Marker Started at 6,Zero-Back Task
ESQ,1373.7307632999728,,Modality_response,4.300000000000001,Experience Sampling Questions,1,7746827,,Marker Started at 3,Zero-Back Task
ESQ,1380.096153200022,,Problem_response,6.699999999999994,Experience Sampling Questions,1,7746827,,Marker Started at 5,Zero-Back Task
ESQ,1382.9967169000302,,Emotion_response,8.0,Experience Sampling Questions,1,7746827,,Marker Started at 8,Zero-Back Task
ESQ,1389.1129550000187,,Detailed_response,4.900000000000002,Experience Sampling Questions,1,7746827,,Marker Started at 3,Zero-Back Task
ESQ,1393.1460349999834,,Absorption_response,8.200000000000006,Experience Sampling Questions,1,7746827,,Marker Started at 10,Zero-Back Task
ESQ,1402.529082300025,,Distracting_response,4.400000000000001,Experience Sampling Questions,1,7746827,,Marker Started at 3,Zero-Back Task
ESQ,1415.3276757999556,,Past_response,2.5000000000000084,Experience Sampling Questions,1,7746827,,Marker Started at 8,Zero-Back Task
 
Runtime Mod,13
EXPERIMENT DATA:,One-Back Task
Start Time,1415.3452727999538
EXPERIMENT DATA:,Experience Sampling Questions
Start Time,1554.0266355000203
ESQ,1564.2405876000412,,Past_response,1.0,Experience Sampling Questions,1,7746827,,Marker Started at 3,One-Back Task
ESQ,1570.638895399985,,Modality_response,1.0,Experience Sampling Questions,1,7746827,,Marker Started at 5,One-Back Task
ESQ,1573.356312799966,,Detailed_response,10.0,Experience Sampling Questions,1,7746827,,Marker Started at 10,One-Back Task
ESQ,1596.5886859999737,,Distracting_response,1.6999999999999997,Experience Sampling Questions,1,7746827,,Marker Started at 6,One-Back Task
ESQ,1600.8215186999878,,Emotion_response,6.699999999999997,Experience Sampling Questions,1,7746827,,Marker Started at 2,One-Back Task
ESQ,1605.1385857999558,,Deliberate_response,2.0,Experience Sampling Questions,1,7746827,,Marker Started at 2,One-Back Task
ESQ,1609.3385157999583,,Self_response,1.600000000000008,Experience Sampling Questions,1,7746827,,Marker Started at 8,One-Back Task
ESQ,1614.4047626999673,,Absorption_response,2.2000000000000046,Experience Sampling Questions,1,7746827,,Marker Started at 7,One-Back Task
ESQ,1619.020862299949,,Future_response,2.4000000000000083,Experience Sampling Questions,1,7746827,,Marker Started at 8,One-Back Task
ESQ,1623.4711744999513,,Other_response,1.5999999999999974,Experience Sampling Questions,1,7746827,,Marker Started at 5,One-Back Task
ESQ,1626.6038779000519,,Problem_response,6.0,Experience Sampling Questions,1,7746827,,Marker Started at 6,One-Back Task
ESQ,1639.0884338000324,,Knowledge_response,3.0000000000000053,Experience Sampling Questions,1,7746827,,Marker Started at 7,One-Back Task
ESQ,1644.3865425999975,,Focus_response,1.4000000000000081,Experience Sampling Questions,1,7746827,,Marker Started at 8,One-Back Task
ESQ,1649.6210351999616,,Intrusive_response,2.300000000000001,Experience Sampling Questions,1,7746827,,Marker Started at 6,One-Back Task
 
Runtime Mod,11
EXPERIMENT DATA:,One-Back Task
Start Time,1649.635249300045
EXPERIMENT DATA:,Experience Sampling Questions
Start Time,1785.6852086000144
ESQ,1791.9149781999877,,Emotion_response,10.0,Experience Sampling Questions,1,7746827,,Marker Started at 10,One-Back Task
ESQ,1795.5658589999657,,Past_response,3.000000000000016,Experience Sampling Questions,1,7746827,,Marker Started at 10,One-Back Task
ESQ,1798.9983156999806,,Deliberate_response,9.099999999999993,Experience Sampling Questions,1,7746827,,Marker Started at 7,One-Back Task
ESQ,1802.9650194999995,,Other_response,2.6000000000000085,Experience Sampling Questions,1,7746827,,Marker Started at 8,One-Back Task
ESQ,1806.2989517999813,,Self_response,3.9000000000000026,Experience Sampling Questions,1,7746827,,Marker Started at 6,One-Back Task
ESQ,1810.3983133999864,,Absorption_response,9.399999999999995,Experience Sampling Questions,1,7746827,,Marker Started at 8,One-Back Task
ESQ,1815.9641032000072,,Future_response,1.0,Experience Sampling Questions,1,7746827,,Marker Started at 5,One-Back Task
ESQ,1818.3639272999717,,Detailed_response,10.0,Experience Sampling Questions,1,7746827,,Marker Started at 10,One-Back Task
ESQ,1823.797353400034,,Problem_response,1.5000000000000009,Experience Sampling Questions,1,7746827,,Marker Started at 6,One-Back Task
ESQ,1827.9640110000037,,Knowledge_response,2.6000000000000014,Experience Sampling Questions,1,7746827,,Marker Started at 6,One-Back Task
ESQ,1833.1479261999484,,Focus_response,1.0,Experience Sampling Questions,1,7746827,,Marker Started at 6,One-Back Task
ESQ,1837.6137398999417,,Modality_response,2.600000000000005,Experience Sampling Questions,1,7746827,,Marker Started at 7,One-Back Task
ESQ,1844.1298212000402,,Intrusive_response,3.200000000000009,Experience Sampling Questions,1,7746827,,Marker Started at 8,One-Back Task
ESQ,1849.2973207000177,,Distracting_response,1.0,Experience Sampling Questions,1,7746827,,Marker Started at 3,One-Back Task
 
Runtime Mod,-6
EXPERIMENT DATA:,Hard Math Task
Start Time,1877.48553299997
EXPERIMENT DATA:,Experience Sampling Questions
Start Time,1989.1426917000208
ESQ,1996.208578699967,,Focus_response,1.0,Experience Sampling Questions,1,7746827,,Marker Started at 8,Hard Math Task
ESQ,1999.992175900028,,Emotion_response,10.0,Experience Sampling Questions,1,7746827,,Marker Started at 8,Hard Math Task
ESQ,2003.6242767999647,,Intrusive_response,1.7000000000000082,Experience Sampling Questions,1,7746827,,Marker Started at 8,Hard Math Task
ESQ,2007.191015199991,,Future_response,1.1000000000000116,Experience Sampling Questions,1,7746827,,Marker Started at 9,Hard Math Task
ESQ,2010.174859300023,,Self_response,1.0,Experience Sampling Questions,1,7746827,,Marker Started at 2,Hard Math Task
ESQ,2014.6581580999773,,Modality_response,9.499999999999988,Experience Sampling Questions,1,7746827,,Marker Started at 2,Hard Math Task
ESQ,2018.3236324000172,,Distracting_response,1.0,Experience Sampling Questions,1,7746827,,Marker Started at 8,Hard Math Task
ESQ,2022.489877999993,,Problem_response,10.0,Experience Sampling Questions,1,7746827,,Marker Started at 5,Hard Math Task
ESQ,2027.8246108000167,,Past_response,3.5000000000000093,Experience Sampling Questions,1,7746827,,Marker Started at 8,Hard Math Task
ESQ,2032.8897297000512,,Deliberate_response,8.499999999999995,Experience Sampling Questions,1,7746827,,Marker Started at 7,Hard Math Task
ESQ,2038.6226654000347,,Knowledge_response,7.999999999999991,Experience Sampling Questions,1,7746827,,Marker Started at 3,Hard Math Task
ESQ,2045.2723565000342,,Absorption_response,8.8,Experience Sampling Questions,1,7746827,,Marker Started at 9,Hard Math Task
ESQ,2049.255862500053,,Detailed_response,8.29999999999999,Experience Sampling Questions,1,7746827,,Marker Started at 3,Hard Math Task
ESQ,2053.490076899994,,Other_response,1.0,Experience Sampling Questions,1,7746827,,Marker Started at 9,Hard Math Task
 
Runtime Mod,15
EXPERIMENT DATA:,Hard Math Task
Start Time,2053.504537699977
EXPERIMENT DATA:,Experience Sampling Questions
Start Time,2171.4883325999836
ESQ,2177.619002799969,,Detailed_response,10.0,Experience Sampling Questions,1,7746827,,Marker Started at 4,Hard Math Task
ESQ,2185.202237199992,,Other_response,1.0,Experience Sampling Questions,1,7746827,,Marker Started at 6,Hard Math Task
ESQ,2187.9846529000206,,Intrusive_response,1.4999999999999976,Experience Sampling Questions,1,7746827,,Marker Started at 5,Hard Math Task
ESQ,2190.9674400000367,,Deliberate_response,10.0,Experience Sampling Questions,1,7746827,,Marker Started at 8,Hard Math Task
ESQ,2193.71778289997,,Distracting_response,1.0,Experience Sampling Questions,1,7746827,,Marker Started at 2,Hard Math Task
ESQ,2197.6670742999995,,Knowledge_response,9.199999999999985,Experience Sampling Questions,1,7746827,,Marker Started at 5,Hard Math Task
ESQ,2201.3010281999595,,Modality_response,8.699999999999989,Experience Sampling Questions,1,7746827,,Marker Started at 3,Hard Math Task
ESQ,2204.85125279997,,Emotion_response,5.300000000000013,Experience Sampling Questions,1,7746827,,Marker Started at 9,Hard Math Task
ESQ,2209.450035799993,,Absorption_response,7.599999999999993,Experience Sampling Questions,1,7746827,,Marker Started at 2,Hard Math Task
ESQ,2214.7011381000048,,Problem_response,10.0,Experience Sampling Questions,1,7746827,,Marker Started at 3,Hard Math Task
ESQ,2220.467934999964,,Focus_response,1.0,Experience Sampling Questions,1,7746827,,Marker Started at 10,Hard Math Task
ESQ,2225.1666014000075,,Past_response,1.0,Experience Sampling Questions,1,7746827,,Marker Started at 5,Hard Math Task
ESQ,2228.683062999975,,Future_response,1.0,Experience Sampling Questions,1,7746827,,Marker Started at 2,Hard Math Task
ESQ,2232.3166552999755,,Self_response,3.900000000000017,Experience Sampling Questions,1,7746827,,Marker Started at 10,Hard Math Task
 
Runtime Mod,15
EXPERIMENT DATA:,Easy Math Task
Start Time,2232.3371622000122
EXPERIMENT DATA:,Experience Sampling Questions
Start Time,2343.382776799961
ESQ,2352.178610599949,,Knowledge_response,3.700000000000013,Experience Sampling Questions,1,7746827,,Marker Started at 9,Easy Math Task
ESQ,2356.6293577000033,,Deliberate_response,9.099999999999996,Experience Sampling Questions,1,7746827,,Marker Started at 8,Easy Math Task
ESQ,2360.495187600027,,Emotion_response,10.0,Experience Sampling Questions,1,7746827,,Marker Started at 6,Easy Math Task
ESQ,2364.4957104000496,,Future_response,7.799999999999992,Experience Sampling Questions,1,7746827,,Marker Started at 3,Easy Math Task
ESQ,2367.744674699963,,Intrusive_response,8.199999999999989,Experience Sampling Questions,1,7746827,,Marker Started at 4,Easy Math Task
ESQ,2374.8778251999756,,Other_response,2.799999999999999,Experience Sampling Questions,1,7746827,,Marker Started at 4,Easy Math Task
ESQ,2379.8778132000007,,Self_response,10.0,Experience Sampling Questions,1,7746827,,Marker Started at 6,Easy Math Task
ESQ,2383.9443822000176,,Problem_response,2.4000000000000083,Experience Sampling Questions,1,7746827,,Marker Started at 8,Easy Math Task
ESQ,2387.8614125000313,,Focus_response,7.299999999999993,Experience Sampling Questions,1,7746827,,Marker Started at 4,Easy Math Task
ESQ,2390.8936935999664,,Absorption_response,6.999999999999994,Experience Sampling Questions,1,7746827,,Marker Started at 4,Easy Math Task
ESQ,2394.0282557000173,,Distracting_response,3.100000000000002,Experience Sampling Questions,1,7746827,,Marker Started at 6,Easy Math Task
ESQ,2397.677234899951,,Detailed_response,1.6999999999999993,Experience Sampling Questions,1,7746827,,Marker Started at 3,Easy Math Task
ESQ,2401.877068800037,,Past_response,2.000000000000015,Experience Sampling Questions,1,7746827,,Marker Started at 10,Easy Math Task
ESQ,2413.7434504999546,,Modality_response,5.000000000000001,Experience Sampling Questions,1,7746827,,Marker Started at 4,Easy Math Task
 
Runtime Mod,-15
EXPERIMENT DATA:,Easy Math Task
Start Time,2413.7583521000342
EXPERIMENT DATA:,Experience Sampling Questions
Start Time,2500.327126399963
ESQ,2508.006198100047,,Other_response,8.29999999999999,Experience Sampling Questions,1,7746827,,Marker Started at 4,Easy Math Task
ESQ,2511.156538799987,,Absorption_response,8.89999999999999,Experience Sampling Questions,1,7746827,,Marker Started at 6,Easy Math Task
ESQ,2515.1727276999736,,Distracting_response,4.500000000000007,Experience Sampling Questions,1,7746827,,Marker Started at 7,Easy Math Task
ESQ,2519.7392182999756,,Knowledge_response,2.0999999999999983,Experience Sampling Questions,1,7746827,,Marker Started at 4,Easy Math Task
ESQ,2524.8892098000506,,Modality_response,8.599999999999987,Experience Sampling Questions,1,7746827,,Marker Started at 5,Easy Math Task
ESQ,2530.4391004999634,,Focus_response,8.399999999999995,Experience Sampling Questions,1,7746827,,Marker Started at 7,Easy Math Task
ESQ,2533.2555450999644,,Deliberate_response,9.0,Experience Sampling Questions,1,7746827,,Marker Started at 9,Easy Math Task
ESQ,2538.3716602999484,,Emotion_response,7.69999999999999,Experience Sampling Questions,1,7746827,,Marker Started at 5,Easy Math Task
ESQ,2553.8391698000487,,Detailed_response,2.7000000000000015,Experience Sampling Questions,1,7746827,,Marker Started at 6,Easy Math Task
ESQ,2556.7382183000445,,Future_response,10.0,Experience Sampling Questions,1,7746827,,Marker Started at 10,Easy Math Task
ESQ,2559.421371500008,,Past_response,1.800000000000001,Experience Sampling Questions,1,7746827,,Marker Started at 6,Easy Math Task
ESQ,2563.30569920002,,Problem_response,1.1,Experience Sampling Questions,1,7746827,,Marker Started at 2,Easy Math Task
ESQ,2565.6882444999646,,Intrusive_response,1.7999999999999994,Experience Sampling Questions,1,7746827,,Marker Started at 3,Easy Math Task
ESQ,2573.3037470999407,,Self_response,10.0,Experience Sampling Questions,1,7746827,,Marker Started at 2,Easy Math Task
 
Runtime Mod,-9
EXPERIMENT DATA:,Finger Tapping Task
Start Time,2629.8396489999723
EXPERIMENT DATA:,Experience Sampling Questions
Start Time,2771.8644909999566
ESQ,2781.6293456000276,,Other_response,3.200000000000009,Experience Sampling Questions,1,7746827,,Marker Started at 8,Finger Tapping Task
ESQ,2784.930935799959,,Knowledge_response,6.900000000000011,Experience Sampling Questions,1,7746827,,Marker Started at 10,Finger Tapping Task
ESQ,2789.9126904000295,,Focus_response,10.0,Experience Sampling Questions,1,7746827,,Marker Started at 2,Finger Tapping Task
ESQ,2795.5629734999966,,Emotion_response,8.99999999999999,Experience Sampling Questions,1,7746827,,Marker Started at 6,Finger Tapping Task
ESQ,2800.1122122999514,,Past_response,2.5000000000000155,Experience Sampling Questions,1,7746827,,Marker Started at 10,Finger Tapping Task
ESQ,2803.2629454999696,,Intrusive_response,1.6999999999999984,Experience Sampling Questions,1,7746827,,Marker Started at 4,Finger Tapping Task
ESQ,2809.595311300014,,Detailed_response,6.999999999999995,Experience Sampling Questions,1,7746827,,Marker Started at 2,Finger Tapping Task
ESQ,2814.2284010000294,,Future_response,8.500000000000005,Experience Sampling Questions,1,7746827,,Marker Started at 10,Finger Tapping Task
ESQ,2818.928604500019,,Deliberate_response,3.8000000000000025,Experience Sampling Questions,1,7746827,,Marker Started at 6,Finger Tapping Task
ESQ,2828.3779755999567,,Problem_response,3.2,Experience Sampling Questions,1,7746827,,Marker Started at 6,Finger Tapping Task
ESQ,2836.6954541000305,,Distracting_response,10.0,Experience Sampling Questions,1,7746827,,Marker Started at 3,Finger Tapping Task
ESQ,2840.494660699973,,Self_response,10.0,Experience Sampling Questions,1,7746827,,Marker Started at 5,Finger Tapping Task
ESQ,2847.545878099976,,Absorption_response,10.0,Experience Sampling Questions,1,7746827,,Marker Started at 6,Finger Tapping Task
ESQ,2852.1436503999867,,Modality_response,10.0,Experience Sampling Questions,1,7746827,,Marker Started at 7,Finger Tapping Task
 
Runtime Mod,-13
EXPERIMENT DATA:,Finger Tapping Task
Start Time,2852.159754900029
EXPERIMENT DATA:,Experience Sampling Questions
Start Time,2945.2081207999727
ESQ,2952.7240984999808,,Modality_response,8.699999999999989,Experience Sampling Questions,1,7746827,,Marker Started at 3,Finger Tapping Task
ESQ,2956.5070510000223,,Self_response,10.0,Experience Sampling Questions,1,7746827,,Marker Started at 8,Finger Tapping Task
ESQ,2961.206542699947,,Distracting_response,10.0,Experience Sampling Questions,1,7746827,,Marker Started at 3,Finger Tapping Task
ESQ,2965.389747499954,,Deliberate_response,4.10000000000001,Experience Sampling Questions,1,7746827,,Marker Started at 8,Finger Tapping Task
ESQ,2969.37450419995,,Future_response,8.09999999999999,Experience Sampling Questions,1,7746827,,Marker Started at 4,Finger Tapping Task
ESQ,2974.2072002999485,,Problem_response,1.0,Experience Sampling Questions,1,7746827,,Marker Started at 2,Finger Tapping Task
ESQ,2979.9896205000114,,Emotion_response,10.0,Experience Sampling Questions,1,7746827,,Marker Started at 3,Finger Tapping Task
ESQ,2987.5561889000237,,Intrusive_response,1.8999999999999984,Experience Sampling Questions,1,7746827,,Marker Started at 4,Finger Tapping Task
ESQ,2992.022387200035,,Other_response,1.0,Experience Sampling Questions,1,7746827,,Marker Started at 6,Finger Tapping Task
ESQ,2996.505984700052,,Knowledge_response,3.1000000000000125,Experience Sampling Questions,1,7746827,,Marker Started at 9,Finger Tapping Task
ESQ,3008.855519899982,,Focus_response,7.799999999999991,Experience Sampling Questions,1,7746827,,Marker Started at 4,Finger Tapping Task
ESQ,3013.471418799949,,Past_response,1.0,Experience Sampling Questions,1,7746827,,Marker Started at 8,Finger Tapping Task
ESQ,3019.488375999965,,Absorption_response,10.0,Experience Sampling Questions,1,7746827,,Marker Started at 9,Finger Tapping Task
ESQ,3028.8381222999888,,Detailed_response,5.500000000000009,Experience Sampling Questions,1,7746827,,Marker Started at 8,Finger Tapping Task
 
Runtime Mod,-7
EXPERIMENT DATA:,GoNoGo Task
Start Time,3028.8531389000127
EXPERIMENT DATA:,Experience Sampling Questions
Start Time,3140.901044899947
ESQ,3149.7833072999492,,Self_response,10.0,Experience Sampling Questions,1,7746827,,Marker Started at 5,GoNoGo Task
ESQ,3153.116067099967,,Future_response,9.499999999999984,Experience Sampling Questions,1,7746827,,Marker Started at 5,GoNoGo Task
ESQ,3155.3344791999552,,Intrusive_response,3.0,Experience Sampling Questions,1,7746827,,Marker Started at 3,GoNoGo Task
ESQ,3158.63364549994,,Distracting_response,8.899999999999988,Experience Sampling Questions,1,7746827,,Marker Started at 3,GoNoGo Task
ESQ,3163.3164345000405,,Past_response,1.800000000000008,Experience Sampling Questions,1,7746827,,Marker Started at 8,GoNoGo Task
ESQ,3166.5994657999836,,Emotion_response,10.0,Experience Sampling Questions,1,7746827,,Marker Started at 6,GoNoGo Task
ESQ,3171.249373400002,,Absorption_response,10.0,Experience Sampling Questions,1,7746827,,Marker Started at 4,GoNoGo Task
ESQ,3174.249767499976,,Other_response,1.0,Experience Sampling Questions,1,7746827,,Marker Started at 3,GoNoGo Task
ESQ,3177.5323808999965,,Knowledge_response,1.700000000000001,Experience Sampling Questions,1,7746827,,Marker Started at 6,GoNoGo Task
ESQ,3183.199296899955,,Problem_response,4.700000000000003,Experience Sampling Questions,1,7746827,,Marker Started at 2,GoNoGo Task
ESQ,3189.148798499955,,Deliberate_response,5.000000000000003,Experience Sampling Questions,1,7746827,,Marker Started at 2,GoNoGo Task
ESQ,3192.381550400052,,Focus_response,10.0,Experience Sampling Questions,1,7746827,,Marker Started at 10,GoNoGo Task
ESQ,3196.74884939997,,Modality_response,8.599999999999989,Experience Sampling Questions,1,7746827,,Marker Started at 3,GoNoGo Task
ESQ,3204.6329029999906,,Detailed_response,8.29999999999999,Experience Sampling Questions,1,7746827,,Marker Started at 4,GoNoGo Task
 
Runtime Mod,14
EXPERIMENT DATA:,GoNoGo Task
Start Time,3204.647873900016
EXPERIMENT DATA:,Experience Sampling Questions
Start Time,3314.761403099983
ESQ,3321.6105898000533,,Intrusive_response,1.0,Experience Sampling Questions,1,7746827,,Marker Started at 5,GoNoGo Task
ESQ,3326.111670400016,,Focus_response,9.500000000000002,Experience Sampling Questions,1,7746827,,Marker Started at 10,GoNoGo Task
ESQ,3328.7107716000173,,Emotion_response,10.0,Experience Sampling Questions,1,7746827,,Marker Started at 10,GoNoGo Task
ESQ,3331.8436211999506,,Deliberate_response,6.499999999999997,Experience Sampling Questions,1,7746827,,Marker Started at 2,GoNoGo Task
ESQ,3335.1769164999714,,Problem_response,4.400000000000014,Experience Sampling Questions,1,7746827,,Marker Started at 9,GoNoGo Task
ESQ,3338.476737000048,,Modality_response,9.199999999999989,Experience Sampling Questions,1,7746827,,Marker Started at 6,GoNoGo Task
ESQ,3344.5762975000544,,Future_response,8.29999999999999,Experience Sampling Questions,1,7746827,,Marker Started at 3,GoNoGo Task
ESQ,3347.9094504000386,,Knowledge_response,4.10000000000001,Experience Sampling Questions,1,7746827,,Marker Started at 8,GoNoGo Task
ESQ,3350.9926547999494,,Absorption_response,10.0,Experience Sampling Questions,1,7746827,,Marker Started at 7,GoNoGo Task
ESQ,3356.226145899971,,Past_response,2.1999999999999984,Experience Sampling Questions,1,7746827,,Marker Started at 4,GoNoGo Task
ESQ,3360.409338199999,,Distracting_response,10.0,Experience Sampling Questions,1,7746827,,Marker Started at 4,GoNoGo Task
ESQ,3363.892365399981,,Detailed_response,7.499999999999992,Experience Sampling Questions,1,7746827,,Marker Started at 4,GoNoGo Task
ESQ,3370.0424638999393,,Other_response,1.0,Experience Sampling Questions,1,7746827,,Marker Started at 8,GoNoGo Task
ESQ,3373.576582700014,,Self_response,10.0,Experience Sampling Questions,1,7746827,,Marker Started at 4,GoNoGo Task
 
Runtime Mod,-11
EXPERIMENT DATA:,Memory Task
Start Time,3432.8076239000075
EXPERIMENT DATA:,Experience Sampling Questions
Start Time,3474.1592038000235
ESQ,3482.955190000008,,Emotion_response,10.0,Experience Sampling Questions,1,7746827,,Marker Started at 4,Memory Task
ESQ,3488.37224669999,,Focus_response,1.0,Experience Sampling Questions,1,7746827,,Marker Started at 6,Memory Task
ESQ,3492.1722663999535,,Other_response,10.0,Experience Sampling Questions,1,7746827,,Marker Started at 6,Memory Task
ESQ,3496.6214846000075,,Problem_response,1.0,Experience Sampling Questions,1,7746827,,Marker Started at 10,Memory Task
ESQ,3500.737902199966,,Past_response,10.0,Experience Sampling Questions,1,7746827,,Marker Started at 2,Memory Task
ESQ,3505.521113499999,,Distracting_response,1.800000000000008,Experience Sampling Questions,1,7746827,,Marker Started at 8,Memory Task
ESQ,3509.637048000004,,Deliberate_response,10.0,Experience Sampling Questions,1,7746827,,Marker Started at 8,Memory Task
ESQ,3514.303542800015,,Modality_response,4.100000000000014,Experience Sampling Questions,1,7746827,,Marker Started at 9,Memory Task
ESQ,3517.719718200038,,Absorption_response,10.0,Experience Sampling Questions,1,7746827,,Marker Started at 6,Memory Task
ESQ,3521.019145600032,,Self_response,10.0,Experience Sampling Questions,1,7746827,,Marker Started at 7,Memory Task
ESQ,3524.3358458000002,,Detailed_response,10.0,Experience Sampling Questions,1,7746827,,Marker Started at 9,Memory Task
ESQ,3528.4200876000104,,Intrusive_response,1.2000000000000117,Experience Sampling Questions,1,7746827,,Marker Started at 9,Memory Task
ESQ,3532.6240446999436,,Knowledge_response,10.0,Experience Sampling Questions,1,7746827,,Marker Started at 2,Memory Task
ESQ,3535.420112099964,,Future_response,2.0,Experience Sampling Questions,1,7746827,,Marker Started at 2,Memory Task
 
Runtime Mod,-10
EXPERIMENT DATA:,Memory Task
Start Time,3535.4335504999617
EXPERIMENT DATA:,Experience Sampling Questions
Start Time,3582.3731296999613
ESQ,3589.2680753000313,,Focus_response,1.0,Experience Sampling Questions,1,7746827,,Marker Started at 8,Memory Task
ESQ,3591.485561099951,,Absorption_response,10.0,Experience Sampling Questions,1,7746827,,Marker Started at 10,Memory Task
ESQ,3594.017373700044,,Deliberate_response,10.0,Experience Sampling Questions,1,7746827,,Marker Started at 8,Memory Task
ESQ,3597.5176480000373,,Knowledge_response,10.0,Experience Sampling Questions,1,7746827,,Marker Started at 4,Memory Task
ESQ,3600.4507270000177,,Other_response,9.899999999999997,Experience Sampling Questions,1,7746827,,Marker Started at 9,Memory Task
ESQ,3604.634182199952,,Emotion_response,9.299999999999988,Experience Sampling Questions,1,7746827,,Marker Started at 2,Memory Task
ESQ,3608.1677738999715,,Problem_response,1.0,Experience Sampling Questions,1,7746827,,Marker Started at 9,Memory Task
ESQ,3612.6678331999574,,Intrusive_response,1.7000000000000082,Experience Sampling Questions,1,7746827,,Marker Started at 8,Memory Task
ESQ,3617.5500969999703,,Distracting_response,1.0,Experience Sampling Questions,1,7746827,,Marker Started at 7,Memory Task
ESQ,3621.3169154999778,,Self_response,10.0,Experience Sampling Questions,1,7746827,,Marker Started at 2,Memory Task
ESQ,3626.916229699971,,Modality_response,1.9000000000000008,Experience Sampling Questions,1,7746827,,Marker Started at 6,Memory Task
ESQ,3630.3497878999915,,Past_response,10.0,Experience Sampling Questions,1,7746827,,Marker Started at 4,Memory Task
ESQ,3632.650102899992,,Detailed_response,10.0,Experience Sampling Questions,1,7746827,,Marker Started at 10,Memory Task
ESQ,3638.132487999974,,Future_response,1.0,Experience Sampling Questions,1,7746827,,Marker Started at 8,Memory Task
 
Runtime Mod,11
EXPERIMENT DATA:,Reading Task
Start Time,3638.159303499968
EXPERIMENT DATA:,Experience Sampling Questions
Start Time,3745.349377300008
ESQ,3755.229205199983,,Past_response,1.0,Experience Sampling Questions,1,7746827,,Marker Started at 8,Reading Task
ESQ,3802.2270589000545,,Distracting_response,7.599999999999993,Experience Sampling Questions,1,7746827,,Marker Started at 2,Reading Task
ESQ,3805.84298159997,,Other_response,2.2999999999999985,Experience Sampling Questions,1,7746827,,Marker Started at 4,Reading Task
ESQ,3809.6602174999425,,Focus_response,10.0,Experience Sampling Questions,1,7746827,,Marker Started at 6,Reading Task
ESQ,3814.660094999941,,Deliberate_response,3.0000000000000124,Experience Sampling Questions,1,7746827,,Marker Started at 9,Reading Task
ESQ,3819.709269999992,,Future_response,9.79999999999999,Experience Sampling Questions,1,7746827,,Marker Started at 7,Reading Task
ESQ,3823.110127700027,,Intrusive_response,3.000000000000009,Experience Sampling Questions,1,7746827,,Marker Started at 8,Reading Task
ESQ,3826.5932185000274,,Detailed_response,6.099999999999999,Experience Sampling Questions,1,7746827,,Marker Started at 2,Reading Task
ESQ,3830.2260199999437,,Absorption_response,9.399999999999986,Experience Sampling Questions,1,7746827,,Marker Started at 4,Reading Task
ESQ,3833.558741900022,,Knowledge_response,3.6000000000000165,Experience Sampling Questions,1,7746827,,Marker Started at 10,Reading Task
ESQ,3836.708433300024,,Problem_response,2.4999999999999973,Experience Sampling Questions,1,7746827,,Marker Started at 5,Reading Task
ESQ,3839.67516470002,,Modality_response,9.0,Experience Sampling Questions,1,7746827,,Marker Started at 9,Reading Task
ESQ,3846.791267500026,,Self_response,10.0,Experience Sampling Questions,1,7746827,,Marker Started at 2,Reading Task
ESQ,3849.242784800008,,Emotion_response,10.0,Experience Sampling Questions,1,7746827,,Marker Started at 10,Reading Task
 
Runtime Mod,-15
EXPERIMENT DATA:,Reading Task
Start Time,3849.2580316000385
EXPERIMENT DATA:,Experience Sampling Questions
Start Time,3940.759113900014
ESQ,3947.905212500016,,Future_response,10.0,Experience Sampling Questions,1,7746827,,Marker Started at 10,Reading Task
ESQ,3951.5212919999612,,Knowledge_response,1.9000000000000044,Experience Sampling Questions,1,7746827,,Marker Started at 7,Reading Task
ESQ,3953.9711098000407,,Deliberate_response,10.0,Experience Sampling Questions,1,7746827,,Marker Started at 10,Reading Task
ESQ,3956.8876174000325,,Past_response,1.0,Experience Sampling Questions,1,7746827,,Marker Started at 6,Reading Task
ESQ,3960.271516900044,,Absorption_response,10.0,Experience Sampling Questions,1,7746827,,Marker Started at 6,Reading Task
ESQ,3963.73884799995,,Focus_response,10.0,Experience Sampling Questions,1,7746827,,Marker Started at 9,Reading Task
ESQ,3966.704403199954,,Modality_response,10.0,Experience Sampling Questions,1,7746827,,Marker Started at 6,Reading Task
ESQ,3969.7538135000505,,Problem_response,3.100000000000002,Experience Sampling Questions,1,7746827,,Marker Started at 6,Reading Task
ESQ,3973.588284699945,,Other_response,3.9000000000000097,Experience Sampling Questions,1,7746827,,Marker Started at 8,Reading Task
ESQ,3977.670650199987,,Self_response,9.599999999999985,Experience Sampling Questions,1,7746827,,Marker Started at 4,Reading Task
ESQ,3980.7539384999545,,Detailed_response,9.499999999999988,Experience Sampling Questions,1,7746827,,Marker Started at 6,Reading Task
ESQ,3986.904648500029,,Emotion_response,10.0,Experience Sampling Questions,1,7746827,,Marker Started at 10,Reading Task
ESQ,3991.553226600052,,Intrusive_response,3.4000000000000163,Experience Sampling Questions,1,7746827,,Marker Started at 10,Reading Task
ESQ,3996.8195169999963,,Distracting_response,10.0,Experience Sampling Questions,1,7746827,,Marker Started at 6,Reading Task
 
Runtime Mod,-7
EXPERIMENT DATA:,Movie Task
Start Time,4000.0649035000242
EXPERIMENT DATA:,Experience Sampling Questions
Start Time,4152.769071000046
ESQ,4167.963880200055,,Modality_response,1.5,Experience Sampling Questions,1,7746827,,Marker Started at 2,Movie Task
ESQ,4175.979485600023,,Focus_response,10.0,Experience Sampling Questions,1,7746827,,Marker Started at 8,Movie Task
ESQ,4180.1966994999675,,Past_response,2.7,Experience Sampling Questions,1,7746827,,Marker Started at 4,Movie Task
ESQ,4183.6293883000035,,Problem_response,1.0,Experience Sampling Questions,1,7746827,,Marker Started at 3,Movie Task
ESQ,4189.479640400037,,Deliberate_response,8.399999999999991,Experience Sampling Questions,1,7746827,,Marker Started at 6,Movie Task
ESQ,4197.763473600033,,Detailed_response,8.799999999999986,Experience Sampling Questions,1,7746827,,Marker Started at 5,Movie Task
ESQ,4201.812636499992,,Self_response,10.0,Experience Sampling Questions,1,7746827,,Marker Started at 3,Movie Task
ESQ,4205.161914099939,,Distracting_response,10.0,Experience Sampling Questions,1,7746827,,Marker Started at 8,Movie Task
ESQ,4209.628807900008,,Future_response,3.5000000000000164,Experience Sampling Questions,1,7746827,,Marker Started at 10,Movie Task
ESQ,4212.328401300008,,Absorption_response,10.0,Experience Sampling Questions,1,7746827,,Marker Started at 7,Movie Task
ESQ,4217.129533799947,,Other_response,3.4000000000000057,Experience Sampling Questions,1,7746827,,Marker Started at 7,Movie Task
ESQ,4223.362341400003,,Emotion_response,8.79999999999999,Experience Sampling Questions,1,7746827,,Marker Started at 6,Movie Task
ESQ,4232.377592399949,,Intrusive_response,3.1999999999999993,Experience Sampling Questions,1,7746827,,Marker Started at 4,Movie Task
ESQ,4237.877420100034,,Knowledge_response,4.400000000000002,Experience Sampling Questions,1,7746827,,Marker Started at 2,Movie Task
 
Runtime Mod,-15
EXPERIMENT DATA:,Movie Task
Start Time,4237.888776600012
EXPERIMENT DATA:,Experience Sampling Questions
Start Time,4347.11264539999
ESQ,4354.974766399944,,Future_response,9.0,Experience Sampling Questions,1,7746827,,Marker Started at 9,Movie Task
ESQ,4358.656636000029,,Intrusive_response,1.0,Experience Sampling Questions,1,7746827,,Marker Started at 2,Movie Task
ESQ,4363.122925500036,,Distracting_response,10.0,Experience Sampling Questions,1,7746827,,Marker Started at 4,Movie Task
ESQ,4366.956700099981,,Modality_response,1.9999999999999991,Experience Sampling Questions,1,7746827,,Marker Started at 3,Movie Task
ESQ,4369.7387385000475,,Deliberate_response,4.400000000000001,Experience Sampling Questions,1,7746827,,Marker Started at 3,Movie Task
ESQ,4372.506726899999,,Absorption_response,10.0,Experience Sampling Questions,1,7746827,,Marker Started at 5,Movie Task
ESQ,4375.739375200006,,Problem_response,1.4999999999999984,Experience Sampling Questions,1,7746827,,Marker Started at 4,Movie Task
ESQ,4382.1058127,,Knowledge_response,4.400000000000002,Experience Sampling Questions,1,7746827,,Marker Started at 4,Movie Task
ESQ,4386.138790900004,,Focus_response,10.0,Experience Sampling Questions,1,7746827,,Marker Started at 10,Movie Task
ESQ,4389.622519899975,,Past_response,3.7000000000000015,Experience Sampling Questions,1,7746827,,Marker Started at 2,Movie Task
ESQ,4393.638541699969,,Detailed_response,2.800000000000005,Experience Sampling Questions,1,7746827,,Marker Started at 7,Movie Task
ESQ,4397.5716057999525,,Emotion_response,4.600000000000003,Experience Sampling Questions,1,7746827,,Marker Started at 6,Movie Task
ESQ,4403.188519399962,,Other_response,7.099999999999994,Experience Sampling Questions,1,7746827,,Marker Started at 3,Movie Task
ESQ,4405.78983439994,,Self_response,10.0,Experience Sampling Questions,1,7746827,,Marker Started at 8,Movie Task
 
Runtime Mod,-11
EXPERIMENT DATA:,Friend Task
Start Time,4411.511756399996
EXPERIMENT DATA:,Experience Sampling Questions
Start Time,4502.058936799993
ESQ,4511.118206099956,,Intrusive_response,3.5000000000000164,Experience Sampling Questions,1,7746827,,Marker Started at 10,Friend Task
ESQ,4516.283935699961,,Past_response,10.0,Experience Sampling Questions,1,7746827,,Marker Started at 6,Friend Task
ESQ,4519.53395740001,,Focus_response,5.900000000000015,Experience Sampling Questions,1,7746827,,Marker Started at 10,Friend Task
ESQ,4522.717167599942,,Problem_response,1.3000000000000083,Experience Sampling Questions,1,7746827,,Marker Started at 8,Friend Task
ESQ,4524.883897199994,,Future_response,10.0,Experience Sampling Questions,1,7746827,,Marker Started at 10,Friend Task
ESQ,4527.86815720005,,Deliberate_response,3.500000000000013,Experience Sampling Questions,1,7746827,,Marker Started at 9,Friend Task
ESQ,4532.0334634999745,,Other_response,9.899999999999984,Experience Sampling Questions,1,7746827,,Marker Started at 3,Friend Task
ESQ,4535.249560400029,,Distracting_response,2.000000000000008,Experience Sampling Questions,1,7746827,,Marker Started at 8,Friend Task
ESQ,4540.834817399969,,Modality_response,10.0,Experience Sampling Questions,1,7746827,,Marker Started at 2,Friend Task
ESQ,4545.1005040999735,,Emotion_response,10.0,Experience Sampling Questions,1,7746827,,Marker Started at 3,Friend Task
ESQ,4548.3667753000045,,Absorption_response,10.0,Experience Sampling Questions,1,7746827,,Marker Started at 5,Friend Task
ESQ,4552.383238299983,,Self_response,7.199999999999995,Experience Sampling Questions,1,7746827,,Marker Started at 2,Friend Task
ESQ,4556.965477199992,,Detailed_response,10.0,Experience Sampling Questions,1,7746827,,Marker Started at 5,Friend Task
ESQ,4561.56623909995,,Knowledge_response,10.0,Experience Sampling Questions,1,7746827,,Marker Started at 9,Friend Task
 
Runtime Mod,5
EXPERIMENT DATA:,Friend Task
Start Time,4561.5804973000195
EXPERIMENT DATA:,Experience Sampling Questions
Start Time,4667.587252099998
ESQ,4674.595535599976,,Self_response,1.0,Experience Sampling Questions,1,7746827,,Marker Started at 3,Friend Task
ESQ,4677.612651600037,,Future_response,4.500000000000014,Experience Sampling Questions,1,7746827,,Marker Started at 9,Friend Task
ESQ,4680.7115265999455,,Modality_response,10.0,Experience Sampling Questions,1,7746827,,Marker Started at 10,Friend Task
ESQ,4686.444499299978,,Distracting_response,1.8999999999999984,Experience Sampling Questions,1,7746827,,Marker Started at 4,Friend Task
ESQ,4690.244833500008,,Detailed_response,7.0,Experience Sampling Questions,1,7746827,,Marker Started at 7,Friend Task
ESQ,4693.461357200053,,Past_response,6.0,Experience Sampling Questions,1,7746827,,Marker Started at 6,Friend Task
ESQ,4697.461437799968,,Absorption_response,10.0,Experience Sampling Questions,1,7746827,,Marker Started at 2,Friend Task
ESQ,4700.4115840999875,,Other_response,10.0,Experience Sampling Questions,1,7746827,,Marker Started at 6,Friend Task
ESQ,4702.843869499979,,Intrusive_response,1.4999999999999984,Experience Sampling Questions,1,7746827,,Marker Started at 4,Friend Task
ESQ,4705.943276699982,,Knowledge_response,9.0,Experience Sampling Questions,1,7746827,,Marker Started at 9,Friend Task
ESQ,4708.077302800026,,Emotion_response,10.0,Experience Sampling Questions,1,7746827,,Marker Started at 10,Friend Task
ESQ,4710.477328900015,,Focus_response,3.0,Experience Sampling Questions,1,7746827,,Marker Started at 3,Friend Task
ESQ,4714.860012799967,,Deliberate_response,9.0,Experience Sampling Questions,1,7746827,,Marker Started at 9,Friend Task
ESQ,4717.92645369994,,Problem_response,1.0,Experience Sampling Questions,1,7746827,,Marker Started at 2,Friend Task
 
Runtime Mod,10
EXPERIMENT DATA:,You Task
Start Time,4717.949286799994
EXPERIMENT DATA:,Experience Sampling Questions
Start Time,4824.797119199997
ESQ,4829.9730092999525,,Modality_response,9.099999999999987,Experience Sampling Questions,1,7746827,,Marker Started at 3,You Task
ESQ,4832.705732099945,,Self_response,10.0,Experience Sampling Questions,1,7746827,,Marker Started at 8,You Task
ESQ,4835.706363699981,,Distracting_response,8.09999999999999,Experience Sampling Questions,1,7746827,,Marker Started at 3,You Task
ESQ,4838.855603200034,,Deliberate_response,8.599999999999998,Experience Sampling Questions,1,7746827,,Marker Started at 8,You Task
ESQ,4841.372739000013,,Future_response,1.0,Experience Sampling Questions,1,7746827,,Marker Started at 4,You Task
ESQ,4843.638492399943,,Problem_response,1.0,Experience Sampling Questions,1,7746827,,Marker Started at 2,You Task
ESQ,4847.073132100049,,Emotion_response,10.0,Experience Sampling Questions,1,7746827,,Marker Started at 3,You Task
ESQ,4849.08850199997,,Intrusive_response,2.0999999999999983,Experience Sampling Questions,1,7746827,,Marker Started at 4,You Task
ESQ,4852.089308899944,,Other_response,1.0,Experience Sampling Questions,1,7746827,,Marker Started at 6,You Task
ESQ,4854.388431399944,,Knowledge_response,10.0,Experience Sampling Questions,1,7746827,,Marker Started at 9,You Task
ESQ,4857.521811099956,,Focus_response,1.4999999999999984,Experience Sampling Questions,1,7746827,,Marker Started at 4,You Task
ESQ,4860.505356700043,,Past_response,9.399999999999995,Experience Sampling Questions,1,7746827,,Marker Started at 8,You Task
ESQ,4862.672245400026,,Absorption_response,10.0,Experience Sampling Questions,1,7746827,,Marker Started at 9,You Task
ESQ,4864.755132199964,,Detailed_response,10.0,Experience Sampling Questions,1,7746827,,Marker Started at 8,You Task
 
Runtime Mod,-7
EXPERIMENT DATA:,You Task
Start Time,4864.769482500036
EXPERIMENT DATA:,Experience Sampling Questions
Start Time,4952.426922500017
ESQ,4956.550918400055,,Knowledge_response,10.0,Experience Sampling Questions,1,7746827,,Marker Started at 10,You Task
ESQ,4959.702180800028,,Focus_response,1.7000000000000117,Experience Sampling Questions,1,7746827,,Marker Started at 9,You Task
ESQ,4962.01822139998,,Future_response,9.000000000000004,Experience Sampling Questions,1,7746827,,Marker Started at 10,You Task
ESQ,4963.918987200013,,Self_response,7.10000000000001,Experience Sampling Questions,1,7746827,,Marker Started at 10,You Task
ESQ,4967.601175599964,,Detailed_response,2.699999999999999,Experience Sampling Questions,1,7746827,,Marker Started at 4,You Task
ESQ,4970.434135399992,,Problem_response,2.4000000000000155,Experience Sampling Questions,1,7746827,,Marker Started at 10,You Task
ESQ,4973.25106629997,,Modality_response,2.900000000000016,Experience Sampling Questions,1,7746827,,Marker Started at 10,You Task
ESQ,4976.8840356,,Absorption_response,9.799999999999986,Experience Sampling Questions,1,7746827,,Marker Started at 2,You Task
ESQ,4979.784883999964,,Other_response,1.0,Experience Sampling Questions,1,7746827,,Marker Started at 7,You Task
ESQ,4982.484207300004,,Intrusive_response,4.100000000000007,Experience Sampling Questions,1,7746827,,Marker Started at 7,You Task
ESQ,4984.583710300038,,Emotion_response,10.0,Experience Sampling Questions,1,7746827,,Marker Started at 10,You Task
ESQ,4987.151150899939,,Distracting_response,10.0,Experience Sampling Questions,1,7746827,,Marker Started at 10,You Task
ESQ,4990.78408230003,,Past_response,9.199999999999987,Experience Sampling Questions,1,7746827,,Marker Started at 3,You Task
ESQ,4993.133270199993,,Deliberate_response,6.500000000000009,Experience Sampling Questions,1,7746827,,Marker Started at 9,You Task
