METADATA:
Block Runtime,Experiment Seed,Subject
90,211516,subject025
Time after setup,1050.387735299999
Timepoint,Time,Is_correct,Experience Sampling Question,Experience Sampling Response,Task,Task Iteration,Participant ID,Response_Key,Auxillary Data,Assoc Task
 
Runtime Mod,8
EXPERIMENT DATA:,Movie Task
Start Time,1108.6649048000108
EXPERIMENT DATA:,Experience Sampling Questions
Start Time,1286.4586131999968
ESQ,1317.6015355999116,,Detailed_response,3.3999999999999995,Experience Sampling Questions,1,211516,,Marker Started at 4,Movie Task
ESQ,1324.6851529999403,,Knowledge_response,6.799999999999997,Experience Sampling Questions,1,211516,,Marker Started at 6,Movie Task
ESQ,1329.418345700018,,Other_response,8.399999999999991,Experience Sampling Questions,1,211516,,Marker Started at 6,Movie Task
ESQ,1341.5013246999588,,Intrusive_response,5.600000000000005,Experience Sampling Questions,1,211516,,Marker Started at 7,Movie Task
ESQ,1350.6176185999066,,Emotion_response,6.799999999999994,Experience Sampling Questions,1,211516,,Marker Started at 5,Movie Task
ESQ,1355.184157999931,,Future_response,3.900000000000006,Experience Sampling Questions,1,211516,,Marker Started at 7,Movie Task
ESQ,1365.5493698999053,,Absorption_response,4.199999999999999,Experience Sampling Questions,1,211516,,Marker Started at 5,Movie Task
ESQ,1372.4657785999589,,Distracting_response,6.800000000000008,Experience Sampling Questions,1,211516,,Marker Started at 9,Movie Task
ESQ,1377.1333212999161,,Self_response,2.599999999999998,Experience Sampling Questions,1,211516,,Marker Started at 5,Movie Task
ESQ,1385.7493179999292,,Modality_response,4.000000000000003,Experience Sampling Questions,1,211516,,Marker Started at 6,Movie Task
ESQ,1394.283108899952,,Problem_response,4.000000000000003,Experience Sampling Questions,1,211516,,Marker Started at 6,Movie Task
ESQ,1400.2320945999818,,Past_response,7.0,Experience Sampling Questions,1,211516,,Marker Started at 7,Movie Task
ESQ,1405.498962600017,,Deliberate_response,7.799999999999992,Experience Sampling Questions,1,211516,,Marker Started at 3,Movie Task
ESQ,1412.5819121999666,,Focus_response,4.0,Experience Sampling Questions,1,211516,,Marker Started at 4,Movie Task
 
Runtime Mod,9
EXPERIMENT DATA:,Movie Task
Start Time,1412.6058227999602
EXPERIMENT DATA:,Experience Sampling Questions
Start Time,1562.1981063999701
ESQ,1576.4592716000043,,Emotion_response,6.3000000000000025,Experience Sampling Questions,1,211516,,Marker Started at 7,Movie Task
ESQ,1585.176041699946,,Distracting_response,4.700000000000017,Experience Sampling Questions,1,211516,,Marker Started at 10,Movie Task
ESQ,1589.7583852999378,,Past_response,3.899999999999999,Experience Sampling Questions,1,211516,,Marker Started at 5,Movie Task
ESQ,1593.4922258999432,,Modality_response,7.099999999999994,Experience Sampling Questions,1,211516,,Marker Started at 3,Movie Task
ESQ,1598.992196099949,,Other_response,7.0,Experience Sampling Questions,1,211516,,Marker Started at 7,Movie Task
ESQ,1603.8420492999721,,Detailed_response,4.100000000000001,Experience Sampling Questions,1,211516,,Marker Started at 2,Movie Task
ESQ,1614.02516379999,,Deliberate_response,4.1,Experience Sampling Questions,1,211516,,Marker Started at 5,Movie Task
ESQ,1617.2744995999383,,Self_response,4.700000000000003,Experience Sampling Questions,1,211516,,Marker Started at 6,Movie Task
ESQ,1620.107385099982,,Problem_response,4.0,Experience Sampling Questions,1,211516,,Marker Started at 4,Movie Task
ESQ,1626.3417862999486,,Focus_response,4.500000000000011,Experience Sampling Questions,1,211516,,Marker Started at 8,Movie Task
ESQ,1633.757316299947,,Knowledge_response,3.8000000000000016,Experience Sampling Questions,1,211516,,Marker Started at 2,Movie Task
ESQ,1644.6569668999873,,Intrusive_response,4.0,Experience Sampling Questions,1,211516,,Marker Started at 4,Movie Task
ESQ,1651.2739349999465,,Absorption_response,6.800000000000011,Experience Sampling Questions,1,211516,,Marker Started at 10,Movie Task
ESQ,1658.4897737000138,,Future_response,4.600000000000003,Experience Sampling Questions,1,211516,,Marker Started at 6,Movie Task
 
Runtime Mod,-9
EXPERIMENT DATA:,Friend Task
Start Time,1805.8968705999432
EXPERIMENT DATA:,Experience Sampling Questions
Start Time,1912.5050140999956
ESQ,1927.780668099993,,Self_response,3.100000000000009,Experience Sampling Questions,1,211516,,Marker Started at 8,Friend Task
ESQ,1932.9297278999584,,Focus_response,6.6999999999999975,Experience Sampling Questions,1,211516,,Marker Started at 6,Friend Task
ESQ,1938.4796898999484,,Other_response,7.499999999999991,Experience Sampling Questions,1,211516,,Marker Started at 5,Friend Task
ESQ,1942.3126835000003,,Problem_response,3.5999999999999988,Experience Sampling Questions,1,211516,,Marker Started at 5,Friend Task
ESQ,1950.7623338999692,,Past_response,7.800000000000001,Experience Sampling Questions,1,211516,,Marker Started at 8,Friend Task
ESQ,1954.4297014999902,,Future_response,3.0,Experience Sampling Questions,1,211516,,Marker Started at 3,Friend Task
ESQ,1960.4451615000144,,Detailed_response,5.400000000000016,Experience Sampling Questions,1,211516,,Marker Started at 10,Friend Task
ESQ,1966.594702799921,,Emotion_response,6.399999999999996,Experience Sampling Questions,1,211516,,Marker Started at 4,Friend Task
ESQ,1971.662770499941,,Absorption_response,6.799999999999994,Experience Sampling Questions,1,211516,,Marker Started at 5,Friend Task
ESQ,1978.4945841999725,,Modality_response,4.000000000000001,Experience Sampling Questions,1,211516,,Marker Started at 3,Friend Task
ESQ,1982.5783336999593,,Intrusive_response,2.2000000000000117,Experience Sampling Questions,1,211516,,Marker Started at 9,Friend Task
ESQ,1991.6270199000137,,Knowledge_response,7.399999999999992,Experience Sampling Questions,1,211516,,Marker Started at 4,Friend Task
ESQ,2019.7434333999408,,Deliberate_response,2.999999999999999,Experience Sampling Questions,1,211516,,Marker Started at 4,Friend Task
ESQ,2024.1432159999385,,Distracting_response,3.4000000000000057,Experience Sampling Questions,1,211516,,Marker Started at 7,Friend Task
 
Runtime Mod,13
EXPERIMENT DATA:,Friend Task
Start Time,2024.1574138000142
EXPERIMENT DATA:,Experience Sampling Questions
Start Time,2148.2641374999657
ESQ,2173.5210410999134,,Emotion_response,5.3999999999999995,Experience Sampling Questions,1,211516,,Marker Started at 4,Friend Task
ESQ,2177.9876326000085,,Absorption_response,7.200000000000003,Experience Sampling Questions,1,211516,,Marker Started at 8,Friend Task
ESQ,2181.903965699952,,Intrusive_response,4.500000000000014,Experience Sampling Questions,1,211516,,Marker Started at 9,Friend Task
ESQ,2190.8537878999487,,Deliberate_response,6.599999999999995,Experience Sampling Questions,1,211516,,Marker Started at 4,Friend Task
ESQ,2194.9200322999386,,Other_response,7.199999999999993,Experience Sampling Questions,1,211516,,Marker Started at 4,Friend Task
ESQ,2199.986152499914,,Problem_response,4.300000000000013,Experience Sampling Questions,1,211516,,Marker Started at 9,Friend Task
ESQ,2203.1044361999957,,Self_response,3.0,Experience Sampling Questions,1,211516,,Marker Started at 3,Friend Task
ESQ,2209.9867976999376,,Knowledge_response,6.799999999999995,Experience Sampling Questions,1,211516,,Marker Started at 3,Friend Task
ESQ,2214.535516700009,,Modality_response,6.800000000000011,Experience Sampling Questions,1,211516,,Marker Started at 10,Friend Task
ESQ,2220.819459699909,,Future_response,3.100000000000009,Experience Sampling Questions,1,211516,,Marker Started at 8,Friend Task
ESQ,2228.118325999938,,Focus_response,4.100000000000003,Experience Sampling Questions,1,211516,,Marker Started at 6,Friend Task
ESQ,2233.769204000011,,Distracting_response,4.000000000000013,Experience Sampling Questions,1,211516,,Marker Started at 9,Friend Task
ESQ,2245.468205599929,,Detailed_response,3.099999999999999,Experience Sampling Questions,1,211516,,Marker Started at 4,Friend Task
ESQ,2254.668208399904,,Past_response,3.7000000000000095,Experience Sampling Questions,1,211516,,Marker Started at 8,Friend Task
 
Runtime Mod,-6
EXPERIMENT DATA:,You Task
Start Time,2254.6824126999127
EXPERIMENT DATA:,Experience Sampling Questions
Start Time,2375.7035257999087
ESQ,2384.2135928999633,,Distracting_response,2.8000000000000123,Experience Sampling Questions,1,211516,,Marker Started at 9,You Task
ESQ,2388.5971302000107,,Other_response,2.5999999999999988,Experience Sampling Questions,1,211516,,Marker Started at 4,You Task
ESQ,2392.079791199998,,Detailed_response,6.800000000000011,Experience Sampling Questions,1,211516,,Marker Started at 10,You Task
ESQ,2396.662546799984,,Focus_response,8.599999999999989,Experience Sampling Questions,1,211516,,Marker Started at 3,You Task
ESQ,2402.479087100015,,Knowledge_response,3.3000000000000127,Experience Sampling Questions,1,211516,,Marker Started at 9,You Task
ESQ,2406.429439999978,,Past_response,6.9999999999999964,Experience Sampling Questions,1,211516,,Marker Started at 6,You Task
ESQ,2410.1464604999637,,Problem_response,2.5000000000000155,Experience Sampling Questions,1,211516,,Marker Started at 10,You Task
ESQ,2413.978911299957,,Intrusive_response,3.6000000000000023,Experience Sampling Questions,1,211516,,Marker Started at 6,You Task
ESQ,2430.161661499995,,Future_response,2.500000000000005,Experience Sampling Questions,1,211516,,Marker Started at 7,You Task
ESQ,2437.2287645000033,,Emotion_response,6.800000000000011,Experience Sampling Questions,1,211516,,Marker Started at 10,You Task
ESQ,2450.811259099981,,Modality_response,6.599999999999996,Experience Sampling Questions,1,211516,,Marker Started at 3,You Task
ESQ,2457.8784381999867,,Absorption_response,6.100000000000007,Experience Sampling Questions,1,211516,,Marker Started at 8,You Task
ESQ,2483.510324999923,,Self_response,6.999999999999995,Experience Sampling Questions,1,211516,,Marker Started at 3,You Task
ESQ,2490.9932863999857,,Deliberate_response,6.200000000000003,Experience Sampling Questions,1,211516,,Marker Started at 7,You Task
 
Runtime Mod,14
EXPERIMENT DATA:,You Task
Start Time,2491.0080060999608
EXPERIMENT DATA:,Experience Sampling Questions
Start Time,2649.044685199973
ESQ,2661.00340409996,,Emotion_response,7.499999999999992,Experience Sampling Questions,1,211516,,Marker Started at 4,You Task
ESQ,2665.0696340999566,,Intrusive_response,4.8000000000000105,Experience Sampling Questions,1,211516,,Marker Started at 8,You Task
ESQ,2668.119589900016,,Deliberate_response,3.2999999999999994,Experience Sampling Questions,1,211516,,Marker Started at 4,You Task
ESQ,2671.819301099982,,Knowledge_response,6.799999999999995,Experience Sampling Questions,1,211516,,Marker Started at 3,You Task
ESQ,2678.986318900017,,Detailed_response,4.0,Experience Sampling Questions,1,211516,,Marker Started at 4,You Task
ESQ,2687.9862420000136,,Past_response,4.0,Experience Sampling Questions,1,211516,,Marker Started at 4,You Task
ESQ,2690.7689927999163,,Problem_response,7.9999999999999964,Experience Sampling Questions,1,211516,,Marker Started at 7,You Task
ESQ,2697.7023185999133,,Future_response,4.000000000000001,Experience Sampling Questions,1,211516,,Marker Started at 3,You Task
ESQ,2707.7018067999743,,Focus_response,6.599999999999996,Experience Sampling Questions,1,211516,,Marker Started at 3,You Task
ESQ,2712.351103699999,,Distracting_response,3.1999999999999984,Experience Sampling Questions,1,211516,,Marker Started at 5,You Task
ESQ,2717.134439599933,,Absorption_response,4.800000000000007,Experience Sampling Questions,1,211516,,Marker Started at 7,You Task
ESQ,2720.584373699967,,Self_response,7.700000000000008,Experience Sampling Questions,1,211516,,Marker Started at 10,You Task
ESQ,2723.5677332999185,,Other_response,2.899999999999999,Experience Sampling Questions,1,211516,,Marker Started at 4,You Task
ESQ,2727.5181626999984,,Modality_response,3.4000000000000092,Experience Sampling Questions,1,211516,,Marker Started at 8,You Task
 
Runtime Mod,10
EXPERIMENT DATA:,Hard Math Task
Start Time,2806.9929016999668
EXPERIMENT DATA:,Experience Sampling Questions
Start Time,2930.431249999907
ESQ,2937.6771314999787,,Emotion_response,3.1999999999999993,Experience Sampling Questions,1,211516,,Marker Started at 4,Hard Math Task
ESQ,2942.043045499944,,Past_response,3.0,Experience Sampling Questions,1,211516,,Marker Started at 3,Hard Math Task
ESQ,2945.4922025999986,,Focus_response,7.100000000000003,Experience Sampling Questions,1,211516,,Marker Started at 8,Hard Math Task
ESQ,2949.4090578999603,,Absorption_response,4.400000000000003,Experience Sampling Questions,1,211516,,Marker Started at 6,Hard Math Task
ESQ,2952.5101261999225,,Other_response,3.3000000000000127,Experience Sampling Questions,1,211516,,Marker Started at 9,Hard Math Task
ESQ,2955.9593396999408,,Deliberate_response,6.600000000000005,Experience Sampling Questions,1,211516,,Marker Started at 8,Hard Math Task
ESQ,2959.2099105999805,,Distracting_response,3.1999999999999984,Experience Sampling Questions,1,211516,,Marker Started at 5,Hard Math Task
ESQ,2962.292091600015,,Future_response,3.0,Experience Sampling Questions,1,211516,,Marker Started at 3,Hard Math Task
ESQ,2969.4084269999294,,Intrusive_response,3.1999999999999984,Experience Sampling Questions,1,211516,,Marker Started at 5,Hard Math Task
ESQ,2974.2919643999776,,Modality_response,6.500000000000012,Experience Sampling Questions,1,211516,,Marker Started at 10,Hard Math Task
ESQ,2981.941290799994,,Self_response,7.6000000000000085,Experience Sampling Questions,1,211516,,Marker Started at 10,Hard Math Task
ESQ,3052.739531399915,,Knowledge_response,6.200000000000006,Experience Sampling Questions,1,211516,,Marker Started at 8,Hard Math Task
ESQ,3059.1225011999486,,Detailed_response,4.600000000000017,Experience Sampling Questions,1,211516,,Marker Started at 10,Hard Math Task
ESQ,3063.5886762000155,,Problem_response,8.299999999999988,Experience Sampling Questions,1,211516,,Marker Started at 5,Hard Math Task
 
Runtime Mod,10
EXPERIMENT DATA:,Hard Math Task
Start Time,3063.602969600004
EXPERIMENT DATA:,Experience Sampling Questions
Start Time,3178.8052130999276
ESQ,3190.4010233000154,,Other_response,3.0,Experience Sampling Questions,1,211516,,Marker Started at 3,Hard Math Task
ESQ,3193.201030299999,,Past_response,2.0,Experience Sampling Questions,1,211516,,Marker Started at 2,Hard Math Task
ESQ,3196.7171477999073,,Distracting_response,2.7000000000000015,Experience Sampling Questions,1,211516,,Marker Started at 6,Hard Math Task
ESQ,3201.1336856000125,,Knowledge_response,7.200000000000006,Experience Sampling Questions,1,211516,,Marker Started at 9,Hard Math Task
ESQ,3205.5503099999623,,Modality_response,6.399999999999997,Experience Sampling Questions,1,211516,,Marker Started at 3,Hard Math Task
ESQ,3209.6837754999287,,Focus_response,7.69999999999999,Experience Sampling Questions,1,211516,,Marker Started at 5,Hard Math Task
ESQ,3222.7163619999774,,Future_response,2.9000000000000017,Experience Sampling Questions,1,211516,,Marker Started at 6,Hard Math Task
ESQ,3228.498893299955,,Detailed_response,3.300000000000002,Experience Sampling Questions,1,211516,,Marker Started at 6,Hard Math Task
ESQ,3235.865906299907,,Deliberate_response,3.200000000000002,Experience Sampling Questions,1,211516,,Marker Started at 6,Hard Math Task
ESQ,3239.932734599919,,Self_response,3.100000000000016,Experience Sampling Questions,1,211516,,Marker Started at 10,Hard Math Task
ESQ,3245.2825738999527,,Emotion_response,6.300000000000006,Experience Sampling Questions,1,211516,,Marker Started at 8,Hard Math Task
ESQ,3248.2322579999454,,Intrusive_response,2.599999999999998,Experience Sampling Questions,1,211516,,Marker Started at 5,Hard Math Task
ESQ,3259.4146180999232,,Absorption_response,3.100000000000016,Experience Sampling Questions,1,211516,,Marker Started at 10,Hard Math Task
ESQ,3267.6806288999505,,Problem_response,3.100000000000001,Experience Sampling Questions,1,211516,,Marker Started at 2,Hard Math Task
 
Runtime Mod,-5
EXPERIMENT DATA:,Easy Math Task
Start Time,3267.6949544999516
EXPERIMENT DATA:,Experience Sampling Questions
Start Time,3357.779674099991
ESQ,3364.8113726999145,,Intrusive_response,2.799999999999998,Experience Sampling Questions,1,211516,,Marker Started at 5,Easy Math Task
ESQ,3372.1103739999235,,Focus_response,3.000000000000009,Experience Sampling Questions,1,211516,,Marker Started at 8,Easy Math Task
ESQ,3377.9279559999704,,Other_response,2.499999999999998,Experience Sampling Questions,1,211516,,Marker Started at 5,Easy Math Task
ESQ,3382.8441221999237,,Self_response,3.9000000000000026,Experience Sampling Questions,1,211516,,Marker Started at 6,Easy Math Task
ESQ,3388.07667999994,,Problem_response,3.4999999999999987,Experience Sampling Questions,1,211516,,Marker Started at 5,Easy Math Task
ESQ,3392.759873599978,,Distracting_response,8.0,Experience Sampling Questions,1,211516,,Marker Started at 8,Easy Math Task
ESQ,3399.543249499984,,Knowledge_response,6.899999999999993,Experience Sampling Questions,1,211516,,Marker Started at 5,Easy Math Task
ESQ,3410.4919874999905,,Deliberate_response,3.7000000000000024,Experience Sampling Questions,1,211516,,Marker Started at 6,Easy Math Task
ESQ,3432.3417664999142,,Past_response,3.9000000000000132,Experience Sampling Questions,1,211516,,Marker Started at 9,Easy Math Task
ESQ,3440.0247362999944,,Detailed_response,4.000000000000003,Experience Sampling Questions,1,211516,,Marker Started at 6,Easy Math Task
ESQ,3443.692405299982,,Absorption_response,7.3000000000000025,Experience Sampling Questions,1,211516,,Marker Started at 8,Easy Math Task
ESQ,3446.6081577999284,,Modality_response,4.100000000000001,Experience Sampling Questions,1,211516,,Marker Started at 3,Easy Math Task
ESQ,3449.941604499938,,Future_response,3.800000000000013,Experience Sampling Questions,1,211516,,Marker Started at 9,Easy Math Task
ESQ,3457.4075475999853,,Emotion_response,6.899999999999996,Experience Sampling Questions,1,211516,,Marker Started at 2,Easy Math Task
 
Runtime Mod,-9
EXPERIMENT DATA:,Easy Math Task
Start Time,3457.4221710999263
EXPERIMENT DATA:,Experience Sampling Questions
Start Time,3548.892532899976
ESQ,3559.5543163999682,,Emotion_response,5.10000000000001,Experience Sampling Questions,1,211516,,Marker Started at 8,Easy Math Task
ESQ,3564.53658439999,,Modality_response,4.300000000000017,Experience Sampling Questions,1,211516,,Marker Started at 10,Easy Math Task
ESQ,3567.636760199908,,Detailed_response,7.199999999999992,Experience Sampling Questions,1,211516,,Marker Started at 5,Easy Math Task
ESQ,3570.870237199939,,Distracting_response,7.199999999999994,Experience Sampling Questions,1,211516,,Marker Started at 3,Easy Math Task
ESQ,3573.4199875999475,,Problem_response,4.400000000000014,Experience Sampling Questions,1,211516,,Marker Started at 9,Easy Math Task
ESQ,3575.7866519999225,,Intrusive_response,6.999999999999995,Experience Sampling Questions,1,211516,,Marker Started at 3,Easy Math Task
ESQ,3578.2194265999133,,Knowledge_response,4.300000000000006,Experience Sampling Questions,1,211516,,Marker Started at 7,Easy Math Task
ESQ,3582.3192476999247,,Focus_response,3.2999999999999985,Experience Sampling Questions,1,211516,,Marker Started at 5,Easy Math Task
ESQ,3585.7362565000076,,Future_response,4.300000000000006,Experience Sampling Questions,1,211516,,Marker Started at 7,Easy Math Task
ESQ,3588.503297599964,,Past_response,7.000000000000007,Experience Sampling Questions,1,211516,,Marker Started at 9,Easy Math Task
ESQ,3591.4032791999634,,Absorption_response,6.700000000000005,Experience Sampling Questions,1,211516,,Marker Started at 8,Easy Math Task
ESQ,3593.6367625999264,,Self_response,2.8,Experience Sampling Questions,1,211516,,Marker Started at 3,Easy Math Task
ESQ,3596.519533499959,,Deliberate_response,2.3000000000000154,Experience Sampling Questions,1,211516,,Marker Started at 10,Easy Math Task
ESQ,3599.0358648999827,,Other_response,8.29999999999999,Experience Sampling Questions,1,211516,,Marker Started at 2,Easy Math Task
 
Runtime Mod,5
EXPERIMENT DATA:,Reading Task
Start Time,3634.019163799938
EXPERIMENT DATA:,Experience Sampling Questions
Start Time,3767.584693099954
ESQ,3789.92831629992,,Other_response,6.699999999999995,Experience Sampling Questions,1,211516,,Marker Started at 4,Reading Task
ESQ,3793.2123228999553,,Self_response,4.500000000000018,Experience Sampling Questions,1,211516,,Marker Started at 10,Reading Task
ESQ,3798.0284831000026,,Modality_response,5.400000000000009,Experience Sampling Questions,1,211516,,Marker Started at 8,Reading Task
ESQ,3827.511015499942,,Past_response,3.0,Experience Sampling Questions,1,211516,,Marker Started at 3,Reading Task
ESQ,3832.044342799927,,Emotion_response,6.800000000000008,Experience Sampling Questions,1,211516,,Marker Started at 9,Reading Task
ESQ,3834.793573200004,,Distracting_response,7.400000000000009,Experience Sampling Questions,1,211516,,Marker Started at 10,Reading Task
ESQ,3837.727835699916,,Intrusive_response,6.199999999999996,Experience Sampling Questions,1,211516,,Marker Started at 5,Reading Task
ESQ,3841.527006099932,,Knowledge_response,8.0,Experience Sampling Questions,1,211516,,Marker Started at 8,Reading Task
ESQ,3850.827088999911,,Problem_response,3.9000000000000026,Experience Sampling Questions,1,211516,,Marker Started at 6,Reading Task
ESQ,3853.7271847999655,,Absorption_response,8.0,Experience Sampling Questions,1,211516,,Marker Started at 8,Reading Task
ESQ,3859.309874199913,,Deliberate_response,4.20000000000001,Experience Sampling Questions,1,211516,,Marker Started at 8,Reading Task
ESQ,3864.792931700009,,Future_response,4.400000000000014,Experience Sampling Questions,1,211516,,Marker Started at 9,Reading Task
ESQ,3869.3930969999637,,Focus_response,6.900000000000011,Experience Sampling Questions,1,211516,,Marker Started at 10,Reading Task
ESQ,3872.3262477999087,,Detailed_response,7.199999999999992,Experience Sampling Questions,1,211516,,Marker Started at 5,Reading Task
 
Runtime Mod,6
EXPERIMENT DATA:,Reading Task
Start Time,3872.3403654999565
EXPERIMENT DATA:,Experience Sampling Questions
Start Time,3980.6591042999644
ESQ,3997.7214778999332,,Knowledge_response,4.199999999999999,Experience Sampling Questions,1,211516,,Marker Started at 5,Reading Task
ESQ,4000.5213489999296,,Future_response,4.500000000000011,Experience Sampling Questions,1,211516,,Marker Started at 8,Reading Task
ESQ,4002.105528599932,,Self_response,8.499999999999995,Experience Sampling Questions,1,211516,,Marker Started at 7,Reading Task
ESQ,4004.504302999936,,Distracting_response,3.600000000000013,Experience Sampling Questions,1,211516,,Marker Started at 9,Reading Task
ESQ,4006.8713137999875,,Past_response,7.399999999999992,Experience Sampling Questions,1,211516,,Marker Started at 4,Reading Task
ESQ,4010.353934500017,,Absorption_response,6.699999999999995,Experience Sampling Questions,1,211516,,Marker Started at 4,Reading Task
ESQ,4013.222309999983,,Detailed_response,4.400000000000001,Experience Sampling Questions,1,211516,,Marker Started at 3,Reading Task
ESQ,4015.5538685999345,,Other_response,3.6000000000000023,Experience Sampling Questions,1,211516,,Marker Started at 6,Reading Task
ESQ,4017.803996999981,,Intrusive_response,6.399999999999995,Experience Sampling Questions,1,211516,,Marker Started at 5,Reading Task
ESQ,4021.521294599981,,Emotion_response,4.2,Experience Sampling Questions,1,211516,,Marker Started at 4,Reading Task
ESQ,4024.320250299992,,Problem_response,4.100000000000003,Experience Sampling Questions,1,211516,,Marker Started at 6,Reading Task
ESQ,4027.3712686999934,,Deliberate_response,2.900000000000009,Experience Sampling Questions,1,211516,,Marker Started at 8,Reading Task
ESQ,4030.5872266999213,,Focus_response,3.4000000000000004,Experience Sampling Questions,1,211516,,Marker Started at 3,Reading Task
ESQ,4033.2199869999895,,Modality_response,3.799999999999999,Experience Sampling Questions,1,211516,,Marker Started at 5,Reading Task
 
Runtime Mod,11
EXPERIMENT DATA:,Memory Task
Start Time,4033.233316299971
EXPERIMENT DATA:,Experience Sampling Questions
Start Time,4119.450920699979
ESQ,4129.899682399933,,Knowledge_response,7.100000000000003,Experience Sampling Questions,1,211516,,Marker Started at 8,Memory Task
ESQ,4139.232647500001,,Absorption_response,7.199999999999995,Experience Sampling Questions,1,211516,,Marker Started at 2,Memory Task
ESQ,4141.949736899929,,Modality_response,3.5999999999999988,Experience Sampling Questions,1,211516,,Marker Started at 5,Memory Task
ESQ,4144.5995668999385,,Detailed_response,7.9000000000000075,Experience Sampling Questions,1,211516,,Marker Started at 10,Memory Task
ESQ,4158.648716799915,,Deliberate_response,7.200000000000006,Experience Sampling Questions,1,211516,,Marker Started at 9,Memory Task
ESQ,4167.348476700019,,Focus_response,4.800000000000018,Experience Sampling Questions,1,211516,,Marker Started at 10,Memory Task
ESQ,4170.965812499984,,Future_response,3.9000000000000132,Experience Sampling Questions,1,211516,,Marker Started at 9,Memory Task
ESQ,4174.215314399917,,Past_response,9.99999999999999,Experience Sampling Questions,1,211516,,Marker Started at 7,Memory Task
ESQ,4177.131685099914,,Emotion_response,9.0,Experience Sampling Questions,1,211516,,Marker Started at 9,Memory Task
ESQ,4181.1643830999965,,Distracting_response,4.3000000000000025,Experience Sampling Questions,1,211516,,Marker Started at 6,Memory Task
ESQ,4183.898140799953,,Other_response,2.8000000000000007,Experience Sampling Questions,1,211516,,Marker Started at 2,Memory Task
ESQ,4187.8476739999605,,Self_response,6.599999999999995,Experience Sampling Questions,1,211516,,Marker Started at 4,Memory Task
ESQ,4190.981129299966,,Problem_response,3.2000000000000055,Experience Sampling Questions,1,211516,,Marker Started at 7,Memory Task
ESQ,4193.531171599985,,Intrusive_response,3.3999999999999995,Experience Sampling Questions,1,211516,,Marker Started at 4,Memory Task
 
Runtime Mod,-8
EXPERIMENT DATA:,Memory Task
Start Time,4193.544895899948
EXPERIMENT DATA:,Experience Sampling Questions
Start Time,4234.951182599994
ESQ,4261.829009599984,,Intrusive_response,6.600000000000012,Experience Sampling Questions,1,211516,,Marker Started at 10,Memory Task
ESQ,4267.39562039997,,Past_response,6.599999999999997,Experience Sampling Questions,1,211516,,Marker Started at 2,Memory Task
ESQ,4270.745191199938,,Modality_response,4.70000000000001,Experience Sampling Questions,1,211516,,Marker Started at 8,Memory Task
ESQ,4274.0449171999935,,Distracting_response,6.6999999999999975,Experience Sampling Questions,1,211516,,Marker Started at 6,Memory Task
ESQ,4278.660455000005,,Emotion_response,6.099999999999996,Experience Sampling Questions,1,211516,,Marker Started at 5,Memory Task
ESQ,4283.593937599915,,Focus_response,4.400000000000001,Experience Sampling Questions,1,211516,,Marker Started at 3,Memory Task
ESQ,4297.577878199983,,Detailed_response,4.2000000000000135,Experience Sampling Questions,1,211516,,Marker Started at 9,Memory Task
ESQ,4300.409985699924,,Absorption_response,6.799999999999997,Experience Sampling Questions,1,211516,,Marker Started at 6,Memory Task
ESQ,4303.243958099978,,Problem_response,3.999999999999999,Experience Sampling Questions,1,211516,,Marker Started at 5,Memory Task
ESQ,4306.076629599906,,Deliberate_response,3.000000000000001,Experience Sampling Questions,1,211516,,Marker Started at 2,Memory Task
ESQ,4309.109858699958,,Self_response,7.300000000000006,Experience Sampling Questions,1,211516,,Marker Started at 9,Memory Task
ESQ,4314.492973899934,,Future_response,7.100000000000003,Experience Sampling Questions,1,211516,,Marker Started at 8,Memory Task
ESQ,4321.159715799964,,Knowledge_response,7.299999999999992,Experience Sampling Questions,1,211516,,Marker Started at 5,Memory Task
ESQ,4323.743729299982,,Other_response,3.699999999999999,Experience Sampling Questions,1,211516,,Marker Started at 5,Memory Task
 
Runtime Mod,5
EXPERIMENT DATA:,Zero-Back Task
Start Time,4342.463776999968
EXPERIMENT DATA:,Experience Sampling Questions
Start Time,4486.3080175999785
ESQ,4496.5697994999355,,Detailed_response,6.599999999999995,Experience Sampling Questions,1,211516,,Marker Started at 4,Zero-Back Task
ESQ,4499.885702200001,,Problem_response,7.000000000000011,Experience Sampling Questions,1,211516,,Marker Started at 10,Zero-Back Task
ESQ,4502.435847599991,,Other_response,7.100000000000003,Experience Sampling Questions,1,211516,,Marker Started at 8,Zero-Back Task
ESQ,4505.069017099915,,Past_response,3.600000000000013,Experience Sampling Questions,1,211516,,Marker Started at 9,Zero-Back Task
ESQ,4507.420262099942,,Deliberate_response,6.9000000000000075,Experience Sampling Questions,1,211516,,Marker Started at 9,Zero-Back Task
ESQ,4510.053090599948,,Absorption_response,8.300000000000006,Experience Sampling Questions,1,211516,,Marker Started at 10,Zero-Back Task
ESQ,4512.303069499903,,Self_response,3.0999999999999983,Experience Sampling Questions,1,211516,,Marker Started at 5,Zero-Back Task
ESQ,4515.402084999951,,Focus_response,3.5000000000000013,Experience Sampling Questions,1,211516,,Marker Started at 2,Zero-Back Task
ESQ,4518.551968600019,,Knowledge_response,3.0,Experience Sampling Questions,1,211516,,Marker Started at 3,Zero-Back Task
ESQ,4521.4685789999785,,Distracting_response,7.999999999999993,Experience Sampling Questions,1,211516,,Marker Started at 6,Zero-Back Task
ESQ,4525.485309000011,,Intrusive_response,2.2999999999999994,Experience Sampling Questions,1,211516,,Marker Started at 3,Zero-Back Task
ESQ,4529.15157909994,,Emotion_response,7.0,Experience Sampling Questions,1,211516,,Marker Started at 7,Zero-Back Task
ESQ,4537.151171899983,,Future_response,2.9000000000000017,Experience Sampling Questions,1,211516,,Marker Started at 6,Zero-Back Task
ESQ,4540.1687772999285,,Modality_response,3.7000000000000015,Experience Sampling Questions,1,211516,,Marker Started at 2,Zero-Back Task
 
Runtime Mod,-9
EXPERIMENT DATA:,Zero-Back Task
Start Time,4540.182621399988
EXPERIMENT DATA:,Experience Sampling Questions
Start Time,4641.165583299939
ESQ,4649.714507299941,,Other_response,4.800000000000003,Experience Sampling Questions,1,211516,,Marker Started at 6,Zero-Back Task
ESQ,4652.464293199941,,Distracting_response,7.299999999999993,Experience Sampling Questions,1,211516,,Marker Started at 4,Zero-Back Task
ESQ,4655.5982670999365,,Intrusive_response,6.199999999999996,Experience Sampling Questions,1,211516,,Marker Started at 5,Zero-Back Task
ESQ,4658.214205899974,,Absorption_response,8.0,Experience Sampling Questions,1,211516,,Marker Started at 8,Zero-Back Task
ESQ,4669.480276699993,,Knowledge_response,6.9000000000000075,Experience Sampling Questions,1,211516,,Marker Started at 9,Zero-Back Task
ESQ,4678.214041400002,,Detailed_response,6.800000000000004,Experience Sampling Questions,1,211516,,Marker Started at 8,Zero-Back Task
ESQ,4684.247144699912,,Modality_response,4.400000000000001,Experience Sampling Questions,1,211516,,Marker Started at 3,Zero-Back Task
ESQ,4690.729357399978,,Emotion_response,7.299999999999992,Experience Sampling Questions,1,211516,,Marker Started at 5,Zero-Back Task
ESQ,4709.279388399911,,Future_response,3.800000000000006,Experience Sampling Questions,1,211516,,Marker Started at 7,Zero-Back Task
ESQ,4712.513159999973,,Past_response,7.0,Experience Sampling Questions,1,211516,,Marker Started at 7,Zero-Back Task
ESQ,4718.878091899911,,Self_response,7.100000000000007,Experience Sampling Questions,1,211516,,Marker Started at 9,Zero-Back Task
ESQ,4720.828413699986,,Problem_response,2.0,Experience Sampling Questions,1,211516,,Marker Started at 2,Zero-Back Task
ESQ,4724.827519099927,,Deliberate_response,3.4999999999999996,Experience Sampling Questions,1,211516,,Marker Started at 4,Zero-Back Task
ESQ,4728.627856199979,,Focus_response,1.0,Experience Sampling Questions,1,211516,,Marker Started at 10,Zero-Back Task
 
Runtime Mod,10
EXPERIMENT DATA:,One-Back Task
Start Time,4728.640969099943
EXPERIMENT DATA:,Experience Sampling Questions
Start Time,4845.010379899992
ESQ,4852.723476200015,,Detailed_response,1.0,Experience Sampling Questions,1,211516,,Marker Started at 4,One-Back Task
ESQ,4856.756948699942,,Distracting_response,7.000000000000007,Experience Sampling Questions,1,211516,,Marker Started at 9,One-Back Task
ESQ,4862.3729944999795,,Absorption_response,8.49999999999999,Experience Sampling Questions,1,211516,,Marker Started at 2,One-Back Task
ESQ,4865.722656399943,,Deliberate_response,1.0,Experience Sampling Questions,1,211516,,Marker Started at 7,One-Back Task
ESQ,4868.456662099925,,Self_response,1.8999999999999975,Experience Sampling Questions,1,211516,,Marker Started at 5,One-Back Task
ESQ,4871.406637799926,,Modality_response,2.7000000000000086,Experience Sampling Questions,1,211516,,Marker Started at 8,One-Back Task
ESQ,4874.456334399991,,Problem_response,2.300000000000012,Experience Sampling Questions,1,211516,,Marker Started at 9,One-Back Task
ESQ,4877.856264299946,,Knowledge_response,9.199999999999987,Experience Sampling Questions,1,211516,,Marker Started at 3,One-Back Task
ESQ,4880.838864299934,,Future_response,1.900000000000015,Experience Sampling Questions,1,211516,,Marker Started at 10,One-Back Task
ESQ,4886.972375400015,,Emotion_response,5.000000000000002,Experience Sampling Questions,1,211516,,Marker Started at 4,One-Back Task
ESQ,4891.33930709993,,Focus_response,2.3000000000000154,Experience Sampling Questions,1,211516,,Marker Started at 10,One-Back Task
ESQ,4894.090038899914,,Other_response,2.300000000000012,Experience Sampling Questions,1,211516,,Marker Started at 9,One-Back Task
ESQ,4896.505050599924,,Intrusive_response,1.8999999999999975,Experience Sampling Questions,1,211516,,Marker Started at 5,One-Back Task
ESQ,4898.9718849000055,,Past_response,1.4999999999999984,Experience Sampling Questions,1,211516,,Marker Started at 4,One-Back Task
 
Runtime Mod,13
EXPERIMENT DATA:,One-Back Task
Start Time,4898.986358699971
EXPERIMENT DATA:,Experience Sampling Questions
Start Time,5029.787912199972
ESQ,5036.91663709993,,Modality_response,2.1999999999999975,Experience Sampling Questions,1,211516,,Marker Started at 5,One-Back Task
ESQ,5071.782388299936,,Past_response,2.400000000000012,Experience Sampling Questions,1,211516,,Marker Started at 9,One-Back Task
ESQ,5074.149367399979,,Deliberate_response,2.5999999999999988,Experience Sampling Questions,1,211516,,Marker Started at 4,One-Back Task
ESQ,5076.39833919995,,Absorption_response,7.500000000000005,Experience Sampling Questions,1,211516,,Marker Started at 9,One-Back Task
ESQ,5080.082257099915,,Knowledge_response,2.0,Experience Sampling Questions,1,211516,,Marker Started at 2,One-Back Task
ESQ,5082.7482104999945,,Self_response,6.599999999999996,Experience Sampling Questions,1,211516,,Marker Started at 3,One-Back Task
ESQ,5085.565556199988,,Other_response,3.200000000000016,Experience Sampling Questions,1,211516,,Marker Started at 10,One-Back Task
ESQ,5088.582505499944,,Emotion_response,5.900000000000011,Experience Sampling Questions,1,211516,,Marker Started at 9,One-Back Task
ESQ,5091.599373799982,,Intrusive_response,4.800000000000007,Experience Sampling Questions,1,211516,,Marker Started at 7,One-Back Task
ESQ,5094.08256219991,,Problem_response,2.900000000000009,Experience Sampling Questions,1,211516,,Marker Started at 8,One-Back Task
ESQ,5097.398034499958,,Future_response,3.2000000000000126,Experience Sampling Questions,1,211516,,Marker Started at 9,One-Back Task
ESQ,5102.231087099994,,Focus_response,6.400000000000013,Experience Sampling Questions,1,211516,,Marker Started at 10,One-Back Task
ESQ,5106.697497999994,,Distracting_response,6.299999999999999,Experience Sampling Questions,1,211516,,Marker Started at 6,One-Back Task
ESQ,5111.597395599936,,Detailed_response,4.1,Experience Sampling Questions,1,211516,,Marker Started at 5,One-Back Task
 
Runtime Mod,5
EXPERIMENT DATA:,Finger Tapping Task
Start Time,5124.661098900018
EXPERIMENT DATA:,Experience Sampling Questions
Start Time,5246.909971899935
ESQ,5253.275569799938,,Self_response,6.0,Experience Sampling Questions,1,211516,,Marker Started at 6,Finger Tapping Task
ESQ,5256.75920510001,,Knowledge_response,3.699999999999999,Experience Sampling Questions,1,211516,,Marker Started at 5,Finger Tapping Task
ESQ,5257.791652099928,,Detailed_response,2.0,Experience Sampling Questions,1,211516,,Marker Started at 2,Finger Tapping Task
ESQ,5260.525567799923,,Emotion_response,3.9000000000000026,Experience Sampling Questions,1,211516,,Marker Started at 6,Finger Tapping Task
ESQ,5263.425495499978,,Past_response,3.600000000000013,Experience Sampling Questions,1,211516,,Marker Started at 9,Finger Tapping Task
ESQ,5265.7761465999065,,Intrusive_response,6.899999999999996,Experience Sampling Questions,1,211516,,Marker Started at 2,Finger Tapping Task
ESQ,5267.875816899934,,Future_response,3.5999999999999983,Experience Sampling Questions,1,211516,,Marker Started at 5,Finger Tapping Task
ESQ,5271.37664199993,,Other_response,2.0000000000000115,Experience Sampling Questions,1,211516,,Marker Started at 9,Finger Tapping Task
ESQ,5275.257845899905,,Modality_response,3.6000000000000005,Experience Sampling Questions,1,211516,,Marker Started at 3,Finger Tapping Task
ESQ,5278.175403899979,,Absorption_response,2.400000000000005,Experience Sampling Questions,1,211516,,Marker Started at 7,Finger Tapping Task
ESQ,5281.741493499954,,Deliberate_response,1.9000000000000008,Experience Sampling Questions,1,211516,,Marker Started at 6,Finger Tapping Task
ESQ,5285.4414865999715,,Distracting_response,3.8999999999999986,Experience Sampling Questions,1,211516,,Marker Started at 5,Finger Tapping Task
ESQ,5291.374500899925,,Focus_response,6.499999999999998,Experience Sampling Questions,1,211516,,Marker Started at 6,Finger Tapping Task
ESQ,5294.424677299918,,Problem_response,2.699999999999999,Experience Sampling Questions,1,211516,,Marker Started at 4,Finger Tapping Task
 
Runtime Mod,-5
EXPERIMENT DATA:,Finger Tapping Task
Start Time,5294.439486499992
EXPERIMENT DATA:,Experience Sampling Questions
Start Time,5392.404467899934
ESQ,5401.770197400008,,Distracting_response,10.0,Experience Sampling Questions,1,211516,,Marker Started at 8,Finger Tapping Task
ESQ,5406.269829600002,,Self_response,1.0,Experience Sampling Questions,1,211516,,Marker Started at 9,Finger Tapping Task
ESQ,5409.153784399969,,Detailed_response,8.699999999999989,Experience Sampling Questions,1,211516,,Marker Started at 4,Finger Tapping Task
ESQ,5412.0707728000125,,Modality_response,3.1000000000000054,Experience Sampling Questions,1,211516,,Marker Started at 7,Finger Tapping Task
ESQ,5414.287685499992,,Intrusive_response,8.899999999999993,Experience Sampling Questions,1,211516,,Marker Started at 7,Finger Tapping Task
ESQ,5417.453600600013,,Emotion_response,4.30000000000001,Experience Sampling Questions,1,211516,,Marker Started at 8,Finger Tapping Task
ESQ,5420.4527392999735,,Absorption_response,8.400000000000002,Experience Sampling Questions,1,211516,,Marker Started at 9,Finger Tapping Task
ESQ,5425.052770599956,,Future_response,1.0,Experience Sampling Questions,1,211516,,Marker Started at 7,Finger Tapping Task
ESQ,5428.885944499983,,Other_response,6.800000000000008,Experience Sampling Questions,1,211516,,Marker Started at 9,Finger Tapping Task
ESQ,5432.836007199949,,Knowledge_response,7.299999999999995,Experience Sampling Questions,1,211516,,Marker Started at 6,Finger Tapping Task
ESQ,5435.618963100016,,Deliberate_response,3.900000000000006,Experience Sampling Questions,1,211516,,Marker Started at 7,Finger Tapping Task
ESQ,5440.135689899907,,Past_response,10.0,Experience Sampling Questions,1,211516,,Marker Started at 2,Finger Tapping Task
ESQ,5444.835338699981,,Focus_response,2.899999999999999,Experience Sampling Questions,1,211516,,Marker Started at 4,Finger Tapping Task
ESQ,5447.635446199914,,Problem_response,2.2000000000000117,Experience Sampling Questions,1,211516,,Marker Started at 9,Finger Tapping Task
 
Runtime Mod,7
EXPERIMENT DATA:,GoNoGo Task
Start Time,5447.651685599936
EXPERIMENT DATA:,Experience Sampling Questions
Start Time,5591.414474499994
ESQ,5600.529991299962,,Intrusive_response,4.200000000000003,Experience Sampling Questions,1,211516,,Marker Started at 6,GoNoGo Task
ESQ,5603.562849199981,,Other_response,3.500000000000013,Experience Sampling Questions,1,211516,,Marker Started at 9,GoNoGo Task
ESQ,5606.36291669996,,Detailed_response,4.500000000000007,Experience Sampling Questions,1,211516,,Marker Started at 7,GoNoGo Task
ESQ,5609.230010999949,,Modality_response,4.60000000000001,Experience Sampling Questions,1,211516,,Marker Started at 8,GoNoGo Task
ESQ,5611.914312399924,,Problem_response,3.2000000000000055,Experience Sampling Questions,1,211516,,Marker Started at 7,GoNoGo Task
ESQ,5615.712725999998,,Emotion_response,5.6000000000000085,Experience Sampling Questions,1,211516,,Marker Started at 8,GoNoGo Task
ESQ,5618.72897279996,,Self_response,1.2000000000000117,Experience Sampling Questions,1,211516,,Marker Started at 9,GoNoGo Task
ESQ,5622.214021699969,,Absorption_response,6.9000000000000075,Experience Sampling Questions,1,211516,,Marker Started at 9,GoNoGo Task
ESQ,5624.8957546999445,,Future_response,3.4999999999999996,Experience Sampling Questions,1,211516,,Marker Started at 4,GoNoGo Task
ESQ,5627.995868699974,,Deliberate_response,2.800000000000005,Experience Sampling Questions,1,211516,,Marker Started at 7,GoNoGo Task
ESQ,5641.278575100005,,Focus_response,6.399999999999999,Experience Sampling Questions,1,211516,,Marker Started at 6,GoNoGo Task
ESQ,5643.878517600009,,Knowledge_response,2.0,Experience Sampling Questions,1,211516,,Marker Started at 2,GoNoGo Task
ESQ,5649.578841299983,,Past_response,3.1999999999999984,Experience Sampling Questions,1,211516,,Marker Started at 5,GoNoGo Task
ESQ,5654.144697699929,,Distracting_response,4.400000000000003,Experience Sampling Questions,1,211516,,Marker Started at 6,GoNoGo Task
 
Runtime Mod,-11
EXPERIMENT DATA:,GoNoGo Task
Start Time,5654.159376599942
EXPERIMENT DATA:,Experience Sampling Questions
Start Time,5749.408797699958
ESQ,5763.357626699959,,Intrusive_response,8.799999999999986,Experience Sampling Questions,1,211516,,Marker Started at 4,GoNoGo Task
ESQ,5766.874333999935,,Future_response,2.400000000000005,Experience Sampling Questions,1,211516,,Marker Started at 7,GoNoGo Task
ESQ,5769.539487399976,,Detailed_response,9.899999999999986,Experience Sampling Questions,1,211516,,Marker Started at 6,GoNoGo Task
ESQ,5772.8403385999845,,Other_response,10.0,Experience Sampling Questions,1,211516,,Marker Started at 4,GoNoGo Task
ESQ,5777.240194299957,,Self_response,7.099999999999994,Experience Sampling Questions,1,211516,,Marker Started at 2,GoNoGo Task
ESQ,5784.406363299931,,Focus_response,2.4999999999999973,Experience Sampling Questions,1,211516,,Marker Started at 5,GoNoGo Task
ESQ,5794.739397799945,,Distracting_response,9.2,Experience Sampling Questions,1,211516,,Marker Started at 9,GoNoGo Task
ESQ,5797.523048899951,,Deliberate_response,1.4999999999999984,Experience Sampling Questions,1,211516,,Marker Started at 4,GoNoGo Task
ESQ,5802.072316900012,,Emotion_response,3.8000000000000167,Experience Sampling Questions,1,211516,,Marker Started at 10,GoNoGo Task
ESQ,5807.6890458000125,,Knowledge_response,7.5999999999999925,Experience Sampling Questions,1,211516,,Marker Started at 3,GoNoGo Task
ESQ,5810.67315529997,,Absorption_response,9.000000000000004,Experience Sampling Questions,1,211516,,Marker Started at 10,GoNoGo Task
ESQ,5814.405095299939,,Past_response,10.0,Experience Sampling Questions,1,211516,,Marker Started at 5,GoNoGo Task
ESQ,5817.521981499973,,Modality_response,2.6000000000000014,Experience Sampling Questions,1,211516,,Marker Started at 6,GoNoGo Task
ESQ,5821.338509599911,,Problem_response,1.6999999999999975,Experience Sampling Questions,1,211516,,Marker Started at 5,GoNoGo Task
