METADATA:
Block Runtime,Experiment Seed,Subject
90,8082915,subject003
Time after setup,1097.4340049999882
Timepoint,Time,Is_correct,Experience Sampling Question,Experience Sampling Response,Task,Task Iteration,Participant ID,Response_Key,Auxillary Data,Assoc Task
 
Runtime Mod,-15
EXPERIMENT DATA:,Finger Tapping Task
Start Time,1120.956385700003
EXPERIMENT DATA:,Experience Sampling Questions
Start Time,1222.8420043000078
ESQ,1237.335384999984,,Past_response,1.0,Experience Sampling Questions,1,8082915,,Marker Started at 10,Finger Tapping Task
ESQ,1250.3187072,,Distracting_response,2.0999999999999996,Experience Sampling Questions,1,8082915,,Marker Started at 9,Finger Tapping Task
ESQ,1254.5347858000023,,Other_response,1.0,Experience Sampling Questions,1,8082915,,Marker Started at 5,Finger Tapping Task
ESQ,1260.4348559000064,,Detailed_response,1.9999999999999982,Experience Sampling Questions,1,8082915,,Marker Started at 4,Finger Tapping Task
ESQ,1265.3335038000077,,Absorption_response,2.9000000000000123,Experience Sampling Questions,1,8082915,,Marker Started at 9,Finger Tapping Task
ESQ,1270.5013837000006,,Self_response,6.499999999999995,Experience Sampling Questions,1,8082915,,Marker Started at 5,Finger Tapping Task
ESQ,1278.1328619999986,,Emotion_response,4.300000000000001,Experience Sampling Questions,1,8082915,,Marker Started at 3,Finger Tapping Task
ESQ,1284.701462500001,,Focus_response,7.199999999999996,Experience Sampling Questions,1,8082915,,Marker Started at 6,Finger Tapping Task
ESQ,1291.1993527000013,,Problem_response,2.2999999999999994,Experience Sampling Questions,1,8082915,,Marker Started at 3,Finger Tapping Task
ESQ,1297.7665172999841,,Future_response,7.399999999999994,Experience Sampling Questions,1,8082915,,Marker Started at 2,Finger Tapping Task
ESQ,1304.2484406000003,,Deliberate_response,4.600000000000001,Experience Sampling Questions,1,8082915,,Marker Started at 3,Finger Tapping Task
ESQ,1309.2336991000047,,Knowledge_response,8.799999999999986,Experience Sampling Questions,1,8082915,,Marker Started at 5,Finger Tapping Task
ESQ,1314.0490313000046,,Modality_response,1.0000000000000047,Experience Sampling Questions,1,8082915,,Marker Started at 7,Finger Tapping Task
ESQ,1319.581956000009,,Intrusive_response,5.7,Experience Sampling Questions,1,8082915,,Marker Started at 2,Finger Tapping Task
 
Runtime Mod,-7
EXPERIMENT DATA:,Finger Tapping Task
Start Time,1319.6046066999843
EXPERIMENT DATA:,Experience Sampling Questions
Start Time,1433.2953778000083
ESQ,1443.079288799985,,Future_response,8.200000000000003,Experience Sampling Questions,1,8082915,,Marker Started at 9,Finger Tapping Task
ESQ,1446.8777564000047,,Distracting_response,1.0,Experience Sampling Questions,1,8082915,,Marker Started at 8,Finger Tapping Task
ESQ,1451.5445421999902,,Emotion_response,5.3000000000000025,Experience Sampling Questions,1,8082915,,Marker Started at 6,Finger Tapping Task
ESQ,1455.627808499994,,Past_response,6.999999999999993,Experience Sampling Questions,1,8082915,,Marker Started at 5,Finger Tapping Task
ESQ,1458.2452258999983,,Other_response,1.0,Experience Sampling Questions,1,8082915,,Marker Started at 2,Finger Tapping Task
ESQ,1462.0942698,,Self_response,6.999999999999995,Experience Sampling Questions,1,8082915,,Marker Started at 3,Finger Tapping Task
ESQ,1467.3285506999819,,Problem_response,5.900000000000004,Experience Sampling Questions,1,8082915,,Marker Started at 7,Finger Tapping Task
ESQ,1471.776869399997,,Knowledge_response,3.900000000000001,Experience Sampling Questions,1,8082915,,Marker Started at 3,Finger Tapping Task
ESQ,1475.827887099993,,Intrusive_response,2.0,Experience Sampling Questions,1,8082915,,Marker Started at 2,Finger Tapping Task
ESQ,1481.0934759000083,,Focus_response,8.899999999999993,Experience Sampling Questions,1,8082915,,Marker Started at 7,Finger Tapping Task
ESQ,1484.243705700006,,Deliberate_response,8.200000000000003,Experience Sampling Questions,1,8082915,,Marker Started at 9,Finger Tapping Task
ESQ,1488.12707029999,,Modality_response,1.0,Experience Sampling Questions,1,8082915,,Marker Started at 3,Finger Tapping Task
ESQ,1493.8593154999835,,Detailed_response,4.300000000000006,Experience Sampling Questions,1,8082915,,Marker Started at 7,Finger Tapping Task
ESQ,1498.3437047000043,,Absorption_response,8.300000000000006,Experience Sampling Questions,1,8082915,,Marker Started at 10,Finger Tapping Task
 
Runtime Mod,-11
EXPERIMENT DATA:,GoNoGo Task
Start Time,1498.3595948999864
EXPERIMENT DATA:,Experience Sampling Questions
Start Time,1607.0920894999872
ESQ,1614.1903456999862,,Focus_response,8.79999999999999,Experience Sampling Questions,1,8082915,,Marker Started at 6,GoNoGo Task
ESQ,1619.089508200006,,Distracting_response,2.0000000000000044,Experience Sampling Questions,1,8082915,,Marker Started at 7,GoNoGo Task
ESQ,1622.0720551999984,,Intrusive_response,1.5999999999999992,Experience Sampling Questions,1,8082915,,Marker Started at 3,GoNoGo Task
ESQ,1625.573438899999,,Problem_response,6.6000000000000085,Experience Sampling Questions,1,8082915,,Marker Started at 9,GoNoGo Task
ESQ,1630.9397978000052,,Emotion_response,5.700000000000005,Experience Sampling Questions,1,8082915,,Marker Started at 7,GoNoGo Task
ESQ,1636.3552326000063,,Knowledge_response,1.8000000000000116,Experience Sampling Questions,1,8082915,,Marker Started at 9,GoNoGo Task
ESQ,1639.5898939000035,,Deliberate_response,4.600000000000003,Experience Sampling Questions,1,8082915,,Marker Started at 6,GoNoGo Task
ESQ,1642.789509299997,,Other_response,1.0,Experience Sampling Questions,1,8082915,,Marker Started at 4,GoNoGo Task
ESQ,1647.6220292999933,,Detailed_response,4.600000000000014,Experience Sampling Questions,1,8082915,,Marker Started at 9,GoNoGo Task
ESQ,1651.272753600002,,Modality_response,1.0,Experience Sampling Questions,1,8082915,,Marker Started at 2,GoNoGo Task
ESQ,1659.1211302999873,,Past_response,5.6,Experience Sampling Questions,1,8082915,,Marker Started at 3,GoNoGo Task
ESQ,1660.187984899996,,Self_response,8.0,Experience Sampling Questions,1,8082915,,Marker Started at 8,GoNoGo Task
ESQ,1667.7719017000054,,Future_response,8.100000000000007,Experience Sampling Questions,1,8082915,,Marker Started at 10,GoNoGo Task
ESQ,1670.538106699998,,Absorption_response,8.600000000000005,Experience Sampling Questions,1,8082915,,Marker Started at 10,GoNoGo Task
 
Runtime Mod,7
EXPERIMENT DATA:,GoNoGo Task
Start Time,1670.554939900001
EXPERIMENT DATA:,Experience Sampling Questions
Start Time,1779.7509705999983
ESQ,1785.667893899983,,Past_response,1.0,Experience Sampling Questions,1,8082915,,Marker Started at 2,GoNoGo Task
ESQ,1790.0165126000065,,Other_response,7.69999999999999,Experience Sampling Questions,1,8082915,,Marker Started at 5,GoNoGo Task
ESQ,1793.2502543999872,,Intrusive_response,1.0,Experience Sampling Questions,1,8082915,,Marker Started at 4,GoNoGo Task
ESQ,1795.9509126000048,,Self_response,7.0,Experience Sampling Questions,1,8082915,,Marker Started at 7,GoNoGo Task
ESQ,1799.9342531999864,,Absorption_response,5.800000000000001,Experience Sampling Questions,1,8082915,,Marker Started at 6,GoNoGo Task
ESQ,1805.7666663999844,,Deliberate_response,4.300000000000017,Experience Sampling Questions,1,8082915,,Marker Started at 10,GoNoGo Task
ESQ,1809.6332716000034,,Distracting_response,6.999999999999995,Experience Sampling Questions,1,8082915,,Marker Started at 3,GoNoGo Task
ESQ,1813.883241100004,,Knowledge_response,2.4000000000000155,Experience Sampling Questions,1,8082915,,Marker Started at 10,GoNoGo Task
ESQ,1818.1495868999918,,Detailed_response,4.8000000000000105,Experience Sampling Questions,1,8082915,,Marker Started at 8,GoNoGo Task
ESQ,1823.2495344000054,,Emotion_response,6.599999999999994,Experience Sampling Questions,1,8082915,,Marker Started at 5,GoNoGo Task
ESQ,1829.850349299988,,Problem_response,4.200000000000001,Experience Sampling Questions,1,8082915,,Marker Started at 3,GoNoGo Task
ESQ,1833.3493212999892,,Modality_response,1.0,Experience Sampling Questions,1,8082915,,Marker Started at 6,GoNoGo Task
ESQ,1838.0999383000017,,Focus_response,3.1000000000000125,Experience Sampling Questions,1,8082915,,Marker Started at 9,GoNoGo Task
ESQ,1841.2656679000065,,Future_response,8.09999999999999,Experience Sampling Questions,1,8082915,,Marker Started at 4,GoNoGo Task
 
Runtime Mod,7
EXPERIMENT DATA:,Hard Math Task
Start Time,1849.9627948999987
EXPERIMENT DATA:,Experience Sampling Questions
Start Time,1960.0146201000025
ESQ,1965.9452014999988,,Past_response,1.0,Experience Sampling Questions,1,8082915,,Marker Started at 9,Hard Math Task
ESQ,1970.111733800004,,Problem_response,10.0,Experience Sampling Questions,1,8082915,,Marker Started at 7,Hard Math Task
ESQ,1973.778515699989,,Detailed_response,9.0,Experience Sampling Questions,1,8082915,,Marker Started at 9,Hard Math Task
ESQ,1976.511516700004,,Other_response,1.0,Experience Sampling Questions,1,8082915,,Marker Started at 3,Hard Math Task
ESQ,1982.7440929999866,,Emotion_response,5.900000000000011,Experience Sampling Questions,1,8082915,,Marker Started at 9,Hard Math Task
ESQ,1986.394332900003,,Absorption_response,10.0,Experience Sampling Questions,1,8082915,,Marker Started at 6,Hard Math Task
ESQ,1989.545389499981,,Self_response,1.0,Experience Sampling Questions,1,8082915,,Marker Started at 4,Hard Math Task
ESQ,1993.1446976999869,,Modality_response,1.0,Experience Sampling Questions,1,8082915,,Marker Started at 7,Hard Math Task
ESQ,2001.9773813000065,,Future_response,5.700000000000005,Experience Sampling Questions,1,8082915,,Marker Started at 7,Hard Math Task
ESQ,2005.8107388000062,,Deliberate_response,10.0,Experience Sampling Questions,1,8082915,,Marker Started at 3,Hard Math Task
ESQ,2008.2602700999996,,Focus_response,10.0,Experience Sampling Questions,1,8082915,,Marker Started at 10,Hard Math Task
ESQ,2016.0109879999945,,Knowledge_response,10.0,Experience Sampling Questions,1,8082915,,Marker Started at 8,Hard Math Task
ESQ,2020.5108997999923,,Distracting_response,1.0,Experience Sampling Questions,1,8082915,,Marker Started at 9,Hard Math Task
ESQ,2022.926166099991,,Intrusive_response,1.0,Experience Sampling Questions,1,8082915,,Marker Started at 3,Hard Math Task
 
Runtime Mod,-12
EXPERIMENT DATA:,Hard Math Task
Start Time,2022.9408188000089
EXPERIMENT DATA:,Experience Sampling Questions
Start Time,2108.7274516999896
ESQ,2113.641960000008,,Other_response,1.0,Experience Sampling Questions,1,8082915,,Marker Started at 3,Hard Math Task
ESQ,2116.256523499993,,Knowledge_response,10.0,Experience Sampling Questions,1,8082915,,Marker Started at 10,Hard Math Task
ESQ,2119.0076224000077,,Deliberate_response,10.0,Experience Sampling Questions,1,8082915,,Marker Started at 10,Hard Math Task
ESQ,2124.5564088999818,,Detailed_response,10.0,Experience Sampling Questions,1,8082915,,Marker Started at 3,Hard Math Task
ESQ,2127.88948469999,,Self_response,1.0,Experience Sampling Questions,1,8082915,,Marker Started at 6,Hard Math Task
ESQ,2130.990519199986,,Past_response,1.0,Experience Sampling Questions,1,8082915,,Marker Started at 2,Hard Math Task
ESQ,2134.3739067999995,,Absorption_response,10.0,Experience Sampling Questions,1,8082915,,Marker Started at 7,Hard Math Task
ESQ,2137.9392484999844,,Problem_response,10.0,Experience Sampling Questions,1,8082915,,Marker Started at 3,Hard Math Task
ESQ,2141.0394681000034,,Emotion_response,5.3999999999999995,Experience Sampling Questions,1,8082915,,Marker Started at 4,Hard Math Task
ESQ,2143.8896583000023,,Modality_response,1.0,Experience Sampling Questions,1,8082915,,Marker Started at 4,Hard Math Task
ESQ,2147.70534819999,,Intrusive_response,1.0,Experience Sampling Questions,1,8082915,,Marker Started at 4,Hard Math Task
ESQ,2151.055735800008,,Distracting_response,1.0,Experience Sampling Questions,1,8082915,,Marker Started at 5,Hard Math Task
ESQ,2154.6732579999953,,Future_response,5.3999999999999995,Experience Sampling Questions,1,8082915,,Marker Started at 4,Hard Math Task
ESQ,2157.889125899994,,Focus_response,10.0,Experience Sampling Questions,1,8082915,,Marker Started at 6,Hard Math Task
 
Runtime Mod,5
EXPERIMENT DATA:,Easy Math Task
Start Time,2157.9189866999805
EXPERIMENT DATA:,Experience Sampling Questions
Start Time,2257.322120800003
ESQ,2262.62014069999,,Deliberate_response,10.0,Experience Sampling Questions,1,8082915,,Marker Started at 8,Easy Math Task
ESQ,2266.803247899981,,Self_response,1.0,Experience Sampling Questions,1,8082915,,Marker Started at 10,Easy Math Task
ESQ,2270.151696599991,,Emotion_response,5.499999999999998,Experience Sampling Questions,1,8082915,,Marker Started at 5,Easy Math Task
ESQ,2274.019402999984,,Intrusive_response,1.0,Experience Sampling Questions,1,8082915,,Marker Started at 7,Easy Math Task
ESQ,2279.5695076999837,,Focus_response,10.0,Experience Sampling Questions,1,8082915,,Marker Started at 5,Easy Math Task
ESQ,2283.302493700001,,Problem_response,10.0,Experience Sampling Questions,1,8082915,,Marker Started at 5,Easy Math Task
ESQ,2287.385989000002,,Past_response,1.7,Experience Sampling Questions,1,8082915,,Marker Started at 5,Easy Math Task
ESQ,2292.3183657999907,,Absorption_response,8.49999999999999,Experience Sampling Questions,1,8082915,,Marker Started at 2,Easy Math Task
ESQ,2296.469142899994,,Distracting_response,1.1000000000000116,Experience Sampling Questions,1,8082915,,Marker Started at 9,Easy Math Task
ESQ,2299.717811099981,,Detailed_response,8.599999999999998,Experience Sampling Questions,1,8082915,,Marker Started at 8,Easy Math Task
ESQ,2302.485202599986,,Modality_response,1.0,Experience Sampling Questions,1,8082915,,Marker Started at 3,Easy Math Task
ESQ,2305.58462519999,,Other_response,1.0,Experience Sampling Questions,1,8082915,,Marker Started at 6,Easy Math Task
ESQ,2309.3685425999865,,Knowledge_response,10.0,Experience Sampling Questions,1,8082915,,Marker Started at 5,Easy Math Task
ESQ,2315.333746499993,,Future_response,1.7,Experience Sampling Questions,1,8082915,,Marker Started at 9,Easy Math Task
 
Runtime Mod,-13
EXPERIMENT DATA:,Easy Math Task
Start Time,2315.3487343000015
EXPERIMENT DATA:,Experience Sampling Questions
Start Time,2405.6990211000084
ESQ,2411.7303589000076,,Intrusive_response,1.0,Experience Sampling Questions,1,8082915,,Marker Started at 3,Easy Math Task
ESQ,2415.615162400005,,Absorption_response,8.19999999999999,Experience Sampling Questions,1,8082915,,Marker Started at 3,Easy Math Task
ESQ,2419.0143255000003,,Knowledge_response,4.20000000000001,Experience Sampling Questions,1,8082915,,Marker Started at 8,Easy Math Task
ESQ,2422.2650027000054,,Self_response,7.899999999999991,Experience Sampling Questions,1,8082915,,Marker Started at 4,Easy Math Task
ESQ,2424.980051199993,,Past_response,1.0,Experience Sampling Questions,1,8082915,,Marker Started at 2,Easy Math Task
ESQ,2428.164426000003,,Future_response,7.79999999999999,Experience Sampling Questions,1,8082915,,Marker Started at 5,Easy Math Task
ESQ,2431.812830399984,,Focus_response,5.7,Experience Sampling Questions,1,8082915,,Marker Started at 2,Easy Math Task
ESQ,2434.9799211999925,,Emotion_response,6.000000000000011,Experience Sampling Questions,1,8082915,,Marker Started at 9,Easy Math Task
ESQ,2438.1639088999946,,Other_response,6.9999999999999964,Experience Sampling Questions,1,8082915,,Marker Started at 6,Easy Math Task
ESQ,2441.4310076999827,,Problem_response,5.799999999999999,Experience Sampling Questions,1,8082915,,Marker Started at 3,Easy Math Task
ESQ,2445.4305822000024,,Distracting_response,1.800000000000008,Experience Sampling Questions,1,8082915,,Marker Started at 8,Easy Math Task
ESQ,2448.6974214999937,,Modality_response,1.0,Experience Sampling Questions,1,8082915,,Marker Started at 7,Easy Math Task
ESQ,2452.347220800002,,Deliberate_response,4.800000000000014,Experience Sampling Questions,1,8082915,,Marker Started at 9,Easy Math Task
ESQ,2455.595941399981,,Detailed_response,4.400000000000002,Experience Sampling Questions,1,8082915,,Marker Started at 2,Easy Math Task
 
Runtime Mod,-10
EXPERIMENT DATA:,Zero-Back Task
Start Time,2460.2180704000057
EXPERIMENT DATA:,Experience Sampling Questions
Start Time,2565.4972219000047
ESQ,2572.175692299992,,Distracting_response,6.099999999999998,Experience Sampling Questions,1,8082915,,Marker Started at 3,Zero-Back Task
ESQ,2574.759949200001,,Modality_response,1.0,Experience Sampling Questions,1,8082915,,Marker Started at 2,Zero-Back Task
ESQ,2578.9427457999846,,Other_response,1.7000000000000117,Experience Sampling Questions,1,8082915,,Marker Started at 9,Zero-Back Task
ESQ,2582.9752927999943,,Knowledge_response,1.7,Experience Sampling Questions,1,8082915,,Marker Started at 7,Zero-Back Task
ESQ,2586.7597487999883,,Detailed_response,1.8000000000000151,Experience Sampling Questions,1,8082915,,Marker Started at 10,Zero-Back Task
ESQ,2589.5080775999813,,Absorption_response,8.100000000000003,Experience Sampling Questions,1,8082915,,Marker Started at 9,Zero-Back Task
ESQ,2592.9430794999935,,Focus_response,2.699999999999998,Experience Sampling Questions,1,8082915,,Marker Started at 5,Zero-Back Task
ESQ,2596.8262193999835,,Past_response,1.0,Experience Sampling Questions,1,8082915,,Marker Started at 8,Zero-Back Task
ESQ,2600.559327099996,,Problem_response,5.600000000000005,Experience Sampling Questions,1,8082915,,Marker Started at 7,Zero-Back Task
ESQ,2603.2910198000027,,Emotion_response,5.9999999999999964,Experience Sampling Questions,1,8082915,,Marker Started at 5,Zero-Back Task
ESQ,2606.775566299999,,Self_response,6.599999999999997,Experience Sampling Questions,1,8082915,,Marker Started at 2,Zero-Back Task
ESQ,2610.341589699994,,Intrusive_response,2.5000000000000084,Experience Sampling Questions,1,8082915,,Marker Started at 8,Zero-Back Task
ESQ,2613.1580009000027,,Future_response,7.69999999999999,Experience Sampling Questions,1,8082915,,Marker Started at 5,Zero-Back Task
ESQ,2618.9910111000063,,Deliberate_response,4.8000000000000025,Experience Sampling Questions,1,8082915,,Marker Started at 2,Zero-Back Task
 
Runtime Mod,13
EXPERIMENT DATA:,Zero-Back Task
Start Time,2619.004796699999
EXPERIMENT DATA:,Experience Sampling Questions
Start Time,2727.82451809998
ESQ,2734.3552876999893,,Distracting_response,7.499999999999998,Experience Sampling Questions,1,8082915,,Marker Started at 7,Zero-Back Task
ESQ,2737.154255600006,,Modality_response,1.0,Experience Sampling Questions,1,8082915,,Marker Started at 5,Zero-Back Task
ESQ,2740.555057199992,,Past_response,1.0,Experience Sampling Questions,1,8082915,,Marker Started at 7,Zero-Back Task
ESQ,2743.870261999982,,Detailed_response,3.6000000000000165,Experience Sampling Questions,1,8082915,,Marker Started at 10,Zero-Back Task
ESQ,2746.8870238999953,,Self_response,7.499999999999995,Experience Sampling Questions,1,8082915,,Marker Started at 6,Zero-Back Task
ESQ,2751.820239199995,,Future_response,1.0,Experience Sampling Questions,1,8082915,,Marker Started at 4,Zero-Back Task
ESQ,2754.8369817000057,,Other_response,8.599999999999998,Experience Sampling Questions,1,8082915,,Marker Started at 8,Zero-Back Task
ESQ,2758.2697756999987,,Knowledge_response,1.0,Experience Sampling Questions,1,8082915,,Marker Started at 3,Zero-Back Task
ESQ,2761.2532415000023,,Deliberate_response,3.300000000000009,Experience Sampling Questions,1,8082915,,Marker Started at 8,Zero-Back Task
ESQ,2764.4540016999817,,Problem_response,1.0,Experience Sampling Questions,1,8082915,,Marker Started at 3,Zero-Back Task
ESQ,2767.3869880999846,,Absorption_response,7.599999999999992,Experience Sampling Questions,1,8082915,,Marker Started at 4,Zero-Back Task
ESQ,2770.669792200002,,Emotion_response,6.700000000000012,Experience Sampling Questions,1,8082915,,Marker Started at 10,Zero-Back Task
ESQ,2777.7864176000003,,Intrusive_response,4.900000000000002,Experience Sampling Questions,1,8082915,,Marker Started at 3,Zero-Back Task
ESQ,2782.3361138000037,,Focus_response,2.2000000000000046,Experience Sampling Questions,1,8082915,,Marker Started at 7,Zero-Back Task
 
Runtime Mod,14
EXPERIMENT DATA:,One-Back Task
Start Time,2782.3549166999874
EXPERIMENT DATA:,Experience Sampling Questions
Start Time,2892.0858233000035
ESQ,2898.9670723000017,,Deliberate_response,1.0,Experience Sampling Questions,1,8082915,,Marker Started at 2,One-Back Task
ESQ,2902.115798999992,,Focus_response,10.0,Experience Sampling Questions,1,8082915,,Marker Started at 6,One-Back Task
ESQ,2905.2986267000088,,Other_response,1.0,Experience Sampling Questions,1,8082915,,Marker Started at 5,One-Back Task
ESQ,2908.248304699984,,Modality_response,1.0,Experience Sampling Questions,1,8082915,,Marker Started at 5,One-Back Task
ESQ,2913.6153223,,Problem_response,8.09999999999999,Experience Sampling Questions,1,8082915,,Marker Started at 2,One-Back Task
ESQ,2917.514699399995,,Self_response,1.0,Experience Sampling Questions,1,8082915,,Marker Started at 5,One-Back Task
ESQ,2920.098543400003,,Knowledge_response,1.0,Experience Sampling Questions,1,8082915,,Marker Started at 3,One-Back Task
ESQ,2923.647846000007,,Detailed_response,2.800000000000005,Experience Sampling Questions,1,8082915,,Marker Started at 7,One-Back Task
ESQ,2926.682428900007,,Past_response,1.0,Experience Sampling Questions,1,8082915,,Marker Started at 4,One-Back Task
ESQ,2929.3820532999816,,Intrusive_response,1.0,Experience Sampling Questions,1,8082915,,Marker Started at 2,One-Back Task
ESQ,2933.730955899984,,Distracting_response,4.500000000000007,Experience Sampling Questions,1,8082915,,Marker Started at 7,One-Back Task
ESQ,2937.2821051999927,,Emotion_response,3.7000000000000166,Experience Sampling Questions,1,8082915,,Marker Started at 10,One-Back Task
ESQ,2941.214260399982,,Future_response,5.300000000000006,Experience Sampling Questions,1,8082915,,Marker Started at 7,One-Back Task
ESQ,2946.5141116000013,,Absorption_response,5.100000000000017,Experience Sampling Questions,1,8082915,,Marker Started at 10,One-Back Task
 
Runtime Mod,7
EXPERIMENT DATA:,One-Back Task
Start Time,2946.5260351999896
EXPERIMENT DATA:,Experience Sampling Questions
Start Time,3056.4284487999976
ESQ,3063.2116634999984,,Past_response,1.0,Experience Sampling Questions,1,8082915,,Marker Started at 10,One-Back Task
ESQ,3066.844561200007,,Absorption_response,8.499999999999988,Experience Sampling Questions,1,8082915,,Marker Started at 5,One-Back Task
ESQ,3069.576376299985,,Distracting_response,2.1999999999999984,Experience Sampling Questions,1,8082915,,Marker Started at 4,One-Back Task
ESQ,3072.5763183999807,,Emotion_response,6.6000000000000085,Experience Sampling Questions,1,8082915,,Marker Started at 9,One-Back Task
ESQ,3076.7101637999876,,Self_response,4.70000000000001,Experience Sampling Questions,1,8082915,,Marker Started at 8,One-Back Task
ESQ,3080.2268104999966,,Problem_response,7.199999999999994,Experience Sampling Questions,1,8082915,,Marker Started at 3,One-Back Task
ESQ,3083.4600747000077,,Knowledge_response,2.900000000000009,Experience Sampling Questions,1,8082915,,Marker Started at 8,One-Back Task
ESQ,3085.9925908999867,,Modality_response,1.0,Experience Sampling Questions,1,8082915,,Marker Started at 2,One-Back Task
ESQ,3089.2274423000054,,Other_response,1.0,Experience Sampling Questions,1,8082915,,Marker Started at 5,One-Back Task
ESQ,3093.1768534999865,,Detailed_response,6.599999999999998,Experience Sampling Questions,1,8082915,,Marker Started at 6,One-Back Task
ESQ,3096.459226599982,,Deliberate_response,7.299999999999995,Experience Sampling Questions,1,8082915,,Marker Started at 6,One-Back Task
ESQ,3100.19225729999,,Intrusive_response,1.0,Experience Sampling Questions,1,8082915,,Marker Started at 8,One-Back Task
ESQ,3106.9749561999924,,Focus_response,10.0,Experience Sampling Questions,1,8082915,,Marker Started at 2,One-Back Task
ESQ,3110.376665799995,,Future_response,6.699999999999994,Experience Sampling Questions,1,8082915,,Marker Started at 5,One-Back Task
 
Runtime Mod,6
EXPERIMENT DATA:,Memory Task
Start Time,3130.6364021000045
EXPERIMENT DATA:,Experience Sampling Questions
Start Time,3181.2273028999916
ESQ,3188.6902174999996,,Detailed_response,6.300000000000013,Experience Sampling Questions,1,8082915,,Marker Started at 10,Memory Task
ESQ,3192.006079199986,,Emotion_response,8.49999999999999,Experience Sampling Questions,1,8082915,,Marker Started at 2,Memory Task
ESQ,3195.6560653999913,,Distracting_response,1.0,Experience Sampling Questions,1,8082915,,Marker Started at 10,Memory Task
ESQ,3198.4572907999973,,Self_response,7.199999999999992,Experience Sampling Questions,1,8082915,,Marker Started at 5,Memory Task
ESQ,3201.873378599994,,Absorption_response,6.400000000000009,Experience Sampling Questions,1,8082915,,Marker Started at 9,Memory Task
ESQ,3204.6905245999806,,Focus_response,1.0,Experience Sampling Questions,1,8082915,,Marker Started at 3,Memory Task
ESQ,3209.740297499986,,Intrusive_response,1.0,Experience Sampling Questions,1,8082915,,Marker Started at 8,Memory Task
ESQ,3213.422704800003,,Deliberate_response,7.99999999999999,Experience Sampling Questions,1,8082915,,Marker Started at 4,Memory Task
ESQ,3217.5228338000015,,Other_response,7.499999999999992,Experience Sampling Questions,1,8082915,,Marker Started at 4,Memory Task
ESQ,3222.222716999997,,Past_response,8.399999999999988,Experience Sampling Questions,1,8082915,,Marker Started at 5,Memory Task
ESQ,3225.2055079999845,,Problem_response,1.0,Experience Sampling Questions,1,8082915,,Marker Started at 4,Memory Task
ESQ,3230.7213928999845,,Future_response,5.400000000000013,Experience Sampling Questions,1,8082915,,Marker Started at 9,Memory Task
ESQ,3234.188991300005,,Knowledge_response,6.9000000000000075,Experience Sampling Questions,1,8082915,,Marker Started at 9,Memory Task
ESQ,3237.9706336999952,,Modality_response,1.0,Experience Sampling Questions,1,8082915,,Marker Started at 10,Memory Task
 
Runtime Mod,8
EXPERIMENT DATA:,Memory Task
Start Time,3237.9858033999917
EXPERIMENT DATA:,Experience Sampling Questions
Start Time,3271.4085545999988
ESQ,3281.8207341999805,,Emotion_response,7.000000000000011,Experience Sampling Questions,1,8082915,,Marker Started at 10,Memory Task
ESQ,3285.203658499988,,Detailed_response,7.099999999999993,Experience Sampling Questions,1,8082915,,Marker Started at 4,Memory Task
ESQ,3290.01974399999,,Knowledge_response,10.0,Experience Sampling Questions,1,8082915,,Marker Started at 5,Memory Task
ESQ,3293.0704938999843,,Problem_response,1.0,Experience Sampling Questions,1,8082915,,Marker Started at 2,Memory Task
ESQ,3296.6041004,,Absorption_response,7.400000000000009,Experience Sampling Questions,1,8082915,,Marker Started at 10,Memory Task
ESQ,3300.2527774999908,,Intrusive_response,1.0,Experience Sampling Questions,1,8082915,,Marker Started at 5,Memory Task
ESQ,3303.352498399996,,Focus_response,1.0,Experience Sampling Questions,1,8082915,,Marker Started at 4,Memory Task
ESQ,3308.1204624999955,,Past_response,10.0,Experience Sampling Questions,1,8082915,,Marker Started at 4,Memory Task
ESQ,3310.936077999999,,Future_response,1.0,Experience Sampling Questions,1,8082915,,Marker Started at 4,Memory Task
ESQ,3313.8033996000013,,Other_response,8.000000000000004,Experience Sampling Questions,1,8082915,,Marker Started at 9,Memory Task
ESQ,3316.4021285999916,,Distracting_response,1.0,Experience Sampling Questions,1,8082915,,Marker Started at 3,Memory Task
ESQ,3319.2206131999847,,Modality_response,1.0,Experience Sampling Questions,1,8082915,,Marker Started at 4,Memory Task
ESQ,3322.7193340999947,,Self_response,7.69999999999999,Experience Sampling Questions,1,8082915,,Marker Started at 5,Memory Task
ESQ,3328.5687205999857,,Deliberate_response,8.49999999999999,Experience Sampling Questions,1,8082915,,Marker Started at 2,Memory Task
 
Runtime Mod,-7
EXPERIMENT DATA:,Reading Task
Start Time,3328.5952483
EXPERIMENT DATA:,Experience Sampling Questions
Start Time,3423.533537499985
ESQ,3430.56557169999,,Problem_response,2.200000000000001,Experience Sampling Questions,1,8082915,,Marker Started at 6,Reading Task
ESQ,3435.216233299987,,Emotion_response,5.300000000000017,Experience Sampling Questions,1,8082915,,Marker Started at 10,Reading Task
ESQ,3436.248259099986,,Detailed_response,5.0,Experience Sampling Questions,1,8082915,,Marker Started at 5,Reading Task
ESQ,3442.2980143000023,,Intrusive_response,3.7000000000000095,Experience Sampling Questions,1,8082915,,Marker Started at 8,Reading Task
ESQ,3446.1657519,,Absorption_response,9.799999999999986,Experience Sampling Questions,1,8082915,,Marker Started at 6,Reading Task
ESQ,3450.6154606000055,,Past_response,6.400000000000006,Experience Sampling Questions,1,8082915,,Marker Started at 8,Reading Task
ESQ,3454.498770599981,,Future_response,4.300000000000006,Experience Sampling Questions,1,8082915,,Marker Started at 7,Reading Task
ESQ,3461.115110899991,,Deliberate_response,2.2000000000000046,Experience Sampling Questions,1,8082915,,Marker Started at 7,Reading Task
ESQ,3464.6322730999964,,Other_response,6.500000000000009,Experience Sampling Questions,1,8082915,,Marker Started at 9,Reading Task
ESQ,3469.381233799999,,Focus_response,8.19999999999999,Experience Sampling Questions,1,8082915,,Marker Started at 3,Reading Task
ESQ,3474.365263499989,,Self_response,1.7,Experience Sampling Questions,1,8082915,,Marker Started at 2,Reading Task
ESQ,3478.114180799981,,Distracting_response,3.000000000000009,Experience Sampling Questions,1,8082915,,Marker Started at 8,Reading Task
ESQ,3481.931410399993,,Knowledge_response,1.8000000000000045,Experience Sampling Questions,1,8082915,,Marker Started at 7,Reading Task
ESQ,3486.081089799991,,Modality_response,1.0,Experience Sampling Questions,1,8082915,,Marker Started at 9,Reading Task
 
Runtime Mod,14
EXPERIMENT DATA:,Reading Task
Start Time,3486.0959538999887
EXPERIMENT DATA:,Experience Sampling Questions
Start Time,3607.2465898999944
ESQ,3613.2767817999993,,Future_response,2.600000000000012,Experience Sampling Questions,1,8082915,,Marker Started at 9,Reading Task
ESQ,3616.6269226000004,,Focus_response,9.099999999999987,Experience Sampling Questions,1,8082915,,Marker Started at 4,Reading Task
ESQ,3619.694089299999,,Emotion_response,6.700000000000008,Experience Sampling Questions,1,8082915,,Marker Started at 9,Reading Task
ESQ,3626.3926083999977,,Problem_response,3.400000000000002,Experience Sampling Questions,1,8082915,,Marker Started at 6,Reading Task
ESQ,3629.992403399985,,Other_response,7.500000000000009,Experience Sampling Questions,1,8082915,,Marker Started at 10,Reading Task
ESQ,3633.8592115000065,,Knowledge_response,5.3,Experience Sampling Questions,1,8082915,,Marker Started at 4,Reading Task
ESQ,3637.7924697999842,,Detailed_response,7.0,Experience Sampling Questions,1,8082915,,Marker Started at 7,Reading Task
ESQ,3641.9264641999907,,Absorption_response,8.199999999999996,Experience Sampling Questions,1,8082915,,Marker Started at 7,Reading Task
ESQ,3645.792180999997,,Self_response,4.500000000000011,Experience Sampling Questions,1,8082915,,Marker Started at 8,Reading Task
ESQ,3651.674986500002,,Deliberate_response,3.3999999999999986,Experience Sampling Questions,1,8082915,,Marker Started at 5,Reading Task
ESQ,3654.8924533999816,,Past_response,6.199999999999997,Experience Sampling Questions,1,8082915,,Marker Started at 4,Reading Task
ESQ,3657.726158000005,,Distracting_response,1.0,Experience Sampling Questions,1,8082915,,Marker Started at 2,Reading Task
ESQ,3662.757278300007,,Intrusive_response,1.7999999999999985,Experience Sampling Questions,1,8082915,,Marker Started at 4,Reading Task
ESQ,3665.891605199984,,Modality_response,1.0,Experience Sampling Questions,1,8082915,,Marker Started at 5,Reading Task
 
Runtime Mod,14
EXPERIMENT DATA:,Friend Task
Start Time,3669.5810280999867
EXPERIMENT DATA:,Experience Sampling Questions
Start Time,3785.2624881000083
ESQ,3791.622096899984,,Absorption_response,8.79999999999999,Experience Sampling Questions,1,8082915,,Marker Started at 6,Friend Task
ESQ,3795.07174449999,,Self_response,3.1000000000000054,Experience Sampling Questions,1,8082915,,Marker Started at 7,Friend Task
ESQ,3797.77169329999,,Knowledge_response,8.399999999999995,Experience Sampling Questions,1,8082915,,Marker Started at 7,Friend Task
ESQ,3800.7876526000036,,Focus_response,7.599999999999998,Experience Sampling Questions,1,8082915,,Marker Started at 7,Friend Task
ESQ,3803.6368997999816,,Future_response,1.0,Experience Sampling Questions,1,8082915,,Marker Started at 2,Friend Task
ESQ,3807.8368553000037,,Deliberate_response,9.000000000000004,Experience Sampling Questions,1,8082915,,Marker Started at 10,Friend Task
ESQ,3810.736287000007,,Intrusive_response,1.3999999999999995,Experience Sampling Questions,1,8082915,,Marker Started at 3,Friend Task
ESQ,3813.5871159999806,,Emotion_response,8.199999999999989,Experience Sampling Questions,1,8082915,,Marker Started at 5,Friend Task
ESQ,3816.8868131999916,,Distracting_response,1.9000000000000008,Experience Sampling Questions,1,8082915,,Marker Started at 6,Friend Task
ESQ,3820.2541442000074,,Other_response,9.999999999999996,Experience Sampling Questions,1,8082915,,Marker Started at 9,Friend Task
ESQ,3823.5198382999806,,Problem_response,1.7999999999999994,Experience Sampling Questions,1,8082915,,Marker Started at 3,Friend Task
ESQ,3826.153879499994,,Modality_response,1.0,Experience Sampling Questions,1,8082915,,Marker Started at 3,Friend Task
ESQ,3831.486220299994,,Past_response,9.999999999999984,Experience Sampling Questions,1,8082915,,Marker Started at 3,Friend Task
ESQ,3835.0537484999804,,Detailed_response,5.999999999999997,Experience Sampling Questions,1,8082915,,Marker Started at 4,Friend Task
 
Runtime Mod,11
EXPERIMENT DATA:,Friend Task
Start Time,3835.068293599994
EXPERIMENT DATA:,Experience Sampling Questions
Start Time,3941.556342600001
ESQ,3949.899443500006,,Modality_response,1.0,Experience Sampling Questions,1,8082915,,Marker Started at 9,Friend Task
ESQ,3953.465394800005,,Future_response,1.0,Experience Sampling Questions,1,8082915,,Marker Started at 4,Friend Task
ESQ,3956.5831452999846,,Knowledge_response,9.899999999999986,Experience Sampling Questions,1,8082915,,Marker Started at 6,Friend Task
ESQ,3959.833763200004,,Other_response,10.0,Experience Sampling Questions,1,8082915,,Marker Started at 7,Friend Task
ESQ,3962.9650469000044,,Emotion_response,9.000000000000004,Experience Sampling Questions,1,8082915,,Marker Started at 10,Friend Task
ESQ,3965.9659744999954,,Absorption_response,8.399999999999988,Experience Sampling Questions,1,8082915,,Marker Started at 5,Friend Task
ESQ,3969.7311219999974,,Detailed_response,6.999999999999996,Experience Sampling Questions,1,8082915,,Marker Started at 2,Friend Task
ESQ,3974.4982862999896,,Intrusive_response,1.500000000000008,Experience Sampling Questions,1,8082915,,Marker Started at 8,Friend Task
ESQ,3977.6155746000004,,Deliberate_response,9.100000000000003,Experience Sampling Questions,1,8082915,,Marker Started at 10,Friend Task
ESQ,3981.030240799999,,Problem_response,2.4000000000000012,Experience Sampling Questions,1,8082915,,Marker Started at 6,Friend Task
ESQ,3984.1313106000016,,Self_response,4.0,Experience Sampling Questions,1,8082915,,Marker Started at 4,Friend Task
ESQ,3988.0644547999837,,Past_response,10.0,Experience Sampling Questions,1,8082915,,Marker Started at 3,Friend Task
ESQ,3991.9979189999867,,Focus_response,8.799999999999986,Experience Sampling Questions,1,8082915,,Marker Started at 4,Friend Task
ESQ,3996.2651493999874,,Distracting_response,1.0,Experience Sampling Questions,1,8082915,,Marker Started at 10,Friend Task
 
Runtime Mod,-11
EXPERIMENT DATA:,You Task
Start Time,3996.29194689999
EXPERIMENT DATA:,Experience Sampling Questions
Start Time,4081.8682558999863
ESQ,4086.712075699994,,Absorption_response,8.19999999999999,Experience Sampling Questions,1,8082915,,Marker Started at 3,You Task
ESQ,4090.1945405000006,,Other_response,2.3000000000000083,Experience Sampling Questions,1,8082915,,Marker Started at 8,You Task
ESQ,4093.4616949000047,,Detailed_response,6.9000000000000075,Experience Sampling Questions,1,8082915,,Marker Started at 9,You Task
ESQ,4096.627797299996,,Knowledge_response,6.899999999999994,Experience Sampling Questions,1,8082915,,Marker Started at 4,You Task
ESQ,4099.060542499996,,Self_response,8.899999999999993,Experience Sampling Questions,1,8082915,,Marker Started at 7,You Task
ESQ,4103.143866600003,,Focus_response,8.899999999999988,Experience Sampling Questions,1,8082915,,Marker Started at 3,You Task
ESQ,4106.294821999996,,Problem_response,1.9000000000000044,Experience Sampling Questions,1,8082915,,Marker Started at 7,You Task
ESQ,4109.826310000004,,Deliberate_response,7.099999999999994,Experience Sampling Questions,1,8082915,,Marker Started at 3,You Task
ESQ,4114.276647599996,,Intrusive_response,1.5999999999999983,Experience Sampling Questions,1,8082915,,Marker Started at 4,You Task
ESQ,4119.894818800007,,Future_response,1.6,Experience Sampling Questions,1,8082915,,Marker Started at 10,You Task
ESQ,4123.61040949999,,Distracting_response,2.0000000000000044,Experience Sampling Questions,1,8082915,,Marker Started at 7,You Task
ESQ,4129.376736400009,,Past_response,10.0,Experience Sampling Questions,1,8082915,,Marker Started at 3,You Task
ESQ,4133.259875599993,,Emotion_response,7.99999999999999,Experience Sampling Questions,1,8082915,,Marker Started at 4,You Task
ESQ,4136.209837900009,,Modality_response,1.0,Experience Sampling Questions,1,8082915,,Marker Started at 3,You Task
 
Runtime Mod,9
EXPERIMENT DATA:,You Task
Start Time,4136.225439300004
EXPERIMENT DATA:,Experience Sampling Questions
Start Time,4237.996366499981
ESQ,4243.289811499999,,Distracting_response,1.4000000000000152,Experience Sampling Questions,1,8082915,,Marker Started at 10,You Task
ESQ,4246.073259800003,,Intrusive_response,1.8999999999999992,Experience Sampling Questions,1,8082915,,Marker Started at 3,You Task
ESQ,4249.307277499989,,Past_response,10.0,Experience Sampling Questions,1,8082915,,Marker Started at 4,You Task
ESQ,4252.656857800001,,Future_response,1.0,Experience Sampling Questions,1,8082915,,Marker Started at 9,You Task
ESQ,4256.189253299992,,Emotion_response,8.100000000000003,Experience Sampling Questions,1,8082915,,Marker Started at 9,You Task
ESQ,4259.090032499982,,Modality_response,1.0,Experience Sampling Questions,1,8082915,,Marker Started at 2,You Task
ESQ,4262.223257799982,,Focus_response,7.499999999999992,Experience Sampling Questions,1,8082915,,Marker Started at 4,You Task
ESQ,4268.306513999996,,Deliberate_response,6.499999999999997,Experience Sampling Questions,1,8082915,,Marker Started at 2,You Task
ESQ,4271.988734699989,,Knowledge_response,8.699999999999989,Experience Sampling Questions,1,8082915,,Marker Started at 4,You Task
ESQ,4276.2720669999835,,Other_response,5.600000000000016,Experience Sampling Questions,1,8082915,,Marker Started at 10,You Task
ESQ,4281.671793199988,,Detailed_response,7.000000000000007,Experience Sampling Questions,1,8082915,,Marker Started at 9,You Task
ESQ,4286.189449199999,,Self_response,8.899999999999986,Experience Sampling Questions,1,8082915,,Marker Started at 5,You Task
ESQ,4289.172642299993,,Problem_response,3.0999999999999983,Experience Sampling Questions,1,8082915,,Marker Started at 5,You Task
ESQ,4293.089110600005,,Absorption_response,6.999999999999994,Experience Sampling Questions,1,8082915,,Marker Started at 4,You Task
 
Runtime Mod,-14
EXPERIMENT DATA:,Movie Task
Start Time,4296.6864179999975
EXPERIMENT DATA:,Experience Sampling Questions
Start Time,4454.295821300009
ESQ,4464.715749499999,,Knowledge_response,1.2000000000000117,Experience Sampling Questions,1,8082915,,Marker Started at 9,Movie Task
ESQ,4467.565698599996,,Emotion_response,9.099999999999996,Experience Sampling Questions,1,8082915,,Marker Started at 8,Movie Task
ESQ,4472.182890099997,,Distracting_response,1.7000000000000046,Experience Sampling Questions,1,8082915,,Marker Started at 7,Movie Task
ESQ,4476.365706299985,,Deliberate_response,2.400000000000012,Experience Sampling Questions,1,8082915,,Marker Started at 9,Movie Task
ESQ,4479.982385599986,,Self_response,2.000000000000015,Experience Sampling Questions,1,8082915,,Marker Started at 10,Movie Task
ESQ,4483.149758399988,,Detailed_response,3.900000000000017,Experience Sampling Questions,1,8082915,,Marker Started at 10,Movie Task
ESQ,4486.365656299982,,Future_response,4.8000000000000105,Experience Sampling Questions,1,8082915,,Marker Started at 8,Movie Task
ESQ,4489.7814761000045,,Absorption_response,8.100000000000003,Experience Sampling Questions,1,8082915,,Marker Started at 9,Movie Task
ESQ,4494.497891599982,,Problem_response,2.5999999999999996,Experience Sampling Questions,1,8082915,,Marker Started at 3,Movie Task
ESQ,4497.898092599993,,Other_response,8.399999999999988,Experience Sampling Questions,1,8082915,,Marker Started at 4,Movie Task
ESQ,4501.464242499991,,Intrusive_response,2.000000000000008,Experience Sampling Questions,1,8082915,,Marker Started at 8,Movie Task
ESQ,4504.981868800009,,Past_response,7.100000000000007,Experience Sampling Questions,1,8082915,,Marker Started at 9,Movie Task
ESQ,4508.980736800004,,Focus_response,7.899999999999993,Experience Sampling Questions,1,8082915,,Marker Started at 6,Movie Task
ESQ,4512.397225099994,,Modality_response,1.0,Experience Sampling Questions,1,8082915,,Marker Started at 7,Movie Task
 
Runtime Mod,15
EXPERIMENT DATA:,Movie Task
Start Time,4512.411637799989
EXPERIMENT DATA:,Experience Sampling Questions
Start Time,4618.80382109998
ESQ,4627.077186599985,,Future_response,3.8000000000000007,Experience Sampling Questions,1,8082915,,Marker Started at 3,Movie Task
ESQ,4630.410292299988,,Detailed_response,3.1000000000000054,Experience Sampling Questions,1,8082915,,Marker Started at 7,Movie Task
ESQ,4633.543883200007,,Absorption_response,7.699999999999991,Experience Sampling Questions,1,8082915,,Marker Started at 4,Movie Task
ESQ,4636.194938200002,,Self_response,7.0,Experience Sampling Questions,1,8082915,,Marker Started at 7,Movie Task
ESQ,4639.193524900009,,Modality_response,1.0,Experience Sampling Questions,1,8082915,,Marker Started at 4,Movie Task
ESQ,4642.1769625000015,,Deliberate_response,3.100000000000001,Experience Sampling Questions,1,8082915,,Marker Started at 2,Movie Task
ESQ,4647.527018099994,,Knowledge_response,4.100000000000001,Experience Sampling Questions,1,8082915,,Marker Started at 2,Movie Task
ESQ,4651.476911500009,,Distracting_response,1.0000000000000082,Experience Sampling Questions,1,8082915,,Marker Started at 8,Movie Task
ESQ,4656.092871900008,,Past_response,6.9999999999999964,Experience Sampling Questions,1,8082915,,Marker Started at 6,Movie Task
ESQ,4658.877591800003,,Problem_response,6.9000000000000075,Experience Sampling Questions,1,8082915,,Marker Started at 9,Movie Task
ESQ,4661.442706000002,,Intrusive_response,2.0,Experience Sampling Questions,1,8082915,,Marker Started at 2,Movie Task
ESQ,4664.892843199981,,Other_response,8.39999999999999,Experience Sampling Questions,1,8082915,,Marker Started at 3,Movie Task
ESQ,4668.392699999997,,Emotion_response,3.000000000000016,Experience Sampling Questions,1,8082915,,Marker Started at 10,Movie Task
ESQ,4671.525198599993,,Focus_response,8.599999999999987,Experience Sampling Questions,1,8082915,,Marker Started at 4,Movie Task
