0,OneBack,NoGo,2.3696446343429005,0.6303553656570995,square,circle,,NA,,,,,,,,
1,OneBack,NoGo,1.644093057889886,1.355906942110114,square,triangle,,NA,,,,,,,,
2,OneBack,NoGo,1.834615691957658,1.165384308042342,square,triangle,,NA,,,,,,,,
3,OneBack,NoGo,2.086722000070156,0.9132779999298442,triangle,circle,,NA,,,,,,,,
4,OneBack,OneBack,2.374445138339329,3.625554861660671,?,?,circle,right,,,,,,,,
5,OneBack,NoGo,1.6250884463508233,1.3749115536491767,triangle,square,,NA,,,,,,,,
6,OneBack,NoGo,1.8403633329491602,1.1596366670508398,circle,triangle,,NA,,,,,,,,
7,OneBack,NoGo,1.8612475218322926,1.1387524781677074,triangle,circle,,NA,,,,,,,,
9,OneBack,NoGo,1.5521997861570402,1.4478002138429598,square,triangle,,NA,,,,,,,,
8,OneBack,OneBack,1.4036674857878193,4.596332514212181,?,?,square,left,,,,,,,,
10,OneBack,NoGo,1.5514528261944585,1.4485471738055415,triangle,circle,,NA,,,,,,,,
12,OneBack,NoGo,2.2798279574641387,0.7201720425358613,triangle,square,,NA,,,,,,,,
13,OneBack,NoGo,2.343558960600589,0.6564410393994109,circle,square,,NA,,,,,,,,
11,OneBack,OneBack,2.0730185870869433,3.9269814129130567,?,?,square,right,,,,,,,,
14,OneBack,NoGo,2.479655829788664,0.5203441702113358,triangle,circle,,NA,,,,,,,,
15,OneBack,NoGo,1.718726768371766,1.281273231628234,square,triangle,,NA,,,,,,,,
16,OneBack,NoGo,1.9933211406637752,1.0066788593362248,circle,triangle,,NA,,,,,,,,
29,OneBack,OneBack,1.4265187899741767,4.5734812100258235,?,?,circle,left,,,,,,,,
17,OneBack,NoGo,1.561680732786328,1.438319267213672,circle,triangle,,NA,,,,,,,,
18,OneBack,NoGo,2.456401286400312,0.543598713599688,square,circle,,NA,,,,,,,,
19,OneBack,NoGo,2.3462939647802212,0.6537060352197788,square,circle,,NA,,,,,,,,
20,OneBack,NoGo,2.0020789724778254,0.9979210275221746,triangle,square,,NA,,,,,,,,
33,OneBack,OneBack,1.270973646664187,4.729026353335813,?,?,triangle,left,,,,,,,,
21,OneBack,NoGo,1.7754020110786428,1.2245979889213572,circle,triangle,,NA,,,,,,,,
22,OneBack,NoGo,1.7348116246364524,1.2651883753635476,circle,triangle,,NA,,,,,,,,
23,OneBack,NoGo,1.731642901183302,1.268357098816698,square,circle,,NA,,,,,,,,
38,OneBack,OneBack,1.9284214058498774,4.071578594150123,?,?,square,left,,,,,,,,
24,OneBack,NoGo,1.751916303717782,1.248083696282218,triangle,circle,,NA,,,,,,,,
25,OneBack,NoGo,1.9699769734482522,1.0300230265517478,triangle,square,,NA,,,,,,,,
26,OneBack,NoGo,1.9189373355748716,1.0810626644251284,square,triangle,,NA,,,,,,,,
27,OneBack,NoGo,1.944779366640427,1.055220633359573,triangle,circle,,NA,,,,,,,,
28,OneBack,NoGo,1.8999695830566137,1.1000304169433863,triangle,square,,NA,,,,,,,,
30,OneBack,NoGo,1.9434691143927063,1.0565308856072937,square,triangle,,NA,,,,,,,,
42,OneBack,OneBack,1.3741715813436426,4.625828418656358,?,?,triangle,right,,,,,,,,
31,OneBack,NoGo,2.3460123198782306,0.6539876801217694,circle,triangle,,NA,,,,,,,,
32,OneBack,NoGo,1.7323714034070532,1.2676285965929468,triangle,circle,,NA,,,,,,,,
34,OneBack,NoGo,1.7685949109959407,1.2314050890040593,triangle,square,,NA,,,,,,,,
35,OneBack,NoGo,1.5041092364655113,1.4958907635344887,square,circle,,NA,,,,,,,,
36,OneBack,NoGo,2.262032802963078,0.7379671970369222,square,triangle,,NA,,,,,,,,
37,OneBack,NoGo,2.4841018724085933,0.5158981275914067,circle,square,,NA,,,,,,,,
47,OneBack,OneBack,1.8658165198129584,4.134183480187041,?,?,circle,left,,,,,,,,
39,OneBack,NoGo,2.4824559932360044,0.5175440067639956,triangle,circle,,NA,,,,,,,,
40,OneBack,NoGo,2.0500884196092923,0.9499115803907077,square,triangle,,NA,,,,,,,,
41,OneBack,NoGo,2.3518849014060894,0.6481150985939106,circle,triangle,,NA,,,,,,,,
43,OneBack,NoGo,1.9953826543648903,1.0046173456351097,circle,triangle,,NA,,,,,,,,
52,OneBack,OneBack,1.8397512245320617,4.160248775467938,?,?,circle,left,,,,,,,,
44,OneBack,NoGo,1.7436932101785798,1.2563067898214202,square,circle,,NA,,,,,,,,
45,OneBack,NoGo,2.087571582577707,0.912428417422293,square,triangle,,NA,,,,,,,,
46,OneBack,NoGo,2.433782453089629,0.5662175469103712,square,circle,,NA,,,,,,,,
48,OneBack,NoGo,2.2058084674757765,0.7941915325242235,circle,square,,NA,,,,,,,,
49,OneBack,NoGo,1.9065811036546032,1.0934188963453968,triangle,square,,NA,,,,,,,,
57,OneBack,OneBack,1.500437054275874,4.499562945724126,?,?,square,right,,,,,,,,
50,OneBack,NoGo,2.424694038457793,0.5753059615422069,circle,triangle,,NA,,,,,,,,
51,OneBack,NoGo,2.2942171718478335,0.7057828281521665,triangle,circle,,NA,,,,,,,,
53,OneBack,NoGo,1.6272603656253546,1.3727396343746454,square,circle,,NA,,,,,,,,
4,OneBack,OneBack,2.374445138339329,3.625554861660671,?,?,circle,right,,,,,,,,
54,OneBack,NoGo,2.015522366543239,0.9844776334567609,triangle,square,,NA,,,,,,,,
55,OneBack,NoGo,2.433406766769651,0.5665932332303489,square,triangle,,NA,,,,,,,,
56,OneBack,NoGo,2.1757341119926856,0.8242658880073144,square,circle,,NA,,,,,,,,
8,OneBack,OneBack,1.4036674857878193,4.596332514212181,?,?,square,left,,,,,,,,
58,OneBack,NoGo,1.515757613830802,1.484242386169198,triangle,square,,NA,,,,,,,,
59,OneBack,NoGo,1.8809448870561996,1.1190551129438004,triangle,circle,,NA,,,,,,,,
60,OneBack,NoGo,1.9304855010959592,1.0695144989040408,triangle,circle,,NA,,,,,,,,
61,OneBack,NoGo,2.3409680660557775,0.6590319339442225,triangle,square,,NA,,,,,,,,
11,OneBack,OneBack,2.0730185870869433,3.9269814129130567,?,?,square,right,,,,,,,,
62,OneBack,NoGo,1.9586693252104779,1.0413306747895221,circle,square,,NA,,,,,,,,
63,OneBack,NoGo,2.0460482961026245,0.9539517038973755,triangle,circle,,NA,,,,,,,,
64,OneBack,NoGo,2.055001401832892,0.9449985981671079,triangle,square,,NA,,,,,,,,
29,OneBack,OneBack,1.4265187899741767,4.5734812100258235,?,?,triangle,left,,,,,,,,
66,ZeroBack,NoGo,2.0411183343202994,0.9588816656797006,triangle,circle,,NA,,,,,,,,
67,ZeroBack,NoGo,1.6822907308523884,1.3177092691476116,square,triangle,,NA,,,,,,,,
68,ZeroBack,NoGo,2.2405955618630413,0.7594044381369587,circle,triangle,,NA,,,,,,,,
70,ZeroBack,NoGo,2.4407928054256818,0.5592071945743182,square,circle,,NA,,,,,,,,
71,ZeroBack,NoGo,2.461360523006756,0.5386394769932439,circle,triangle,,NA,,,,,,,,
73,ZeroBack,NoGo,2.2884240086097254,0.7115759913902746,triangle,circle,,NA,,,,,,,,
33,OneBack,OneBack,1.270973646664187,4.729026353335813,?,?,triangle,left,,,,,,,,
74,ZeroBack,NoGo,1.5063443412387372,1.4936556587612628,circle,square,,NA,,,,,,,,
76,ZeroBack,NoGo,1.9876322879956556,1.0123677120043444,square,triangle,,NA,,,,,,,,
77,ZeroBack,NoGo,2.336448014787959,0.6635519852120408,triangle,circle,,NA,,,,,,,,
79,ZeroBack,NoGo,2.0702233251117472,0.9297766748882528,triangle,circle,,NA,,,,,,,,
38,OneBack,OneBack,1.9284214058498774,4.071578594150123,?,?,triangle,left,,,,,,,,
80,ZeroBack,NoGo,1.9769286271081659,1.0230713728918341,square,circle,,NA,,,,,,,,
81,ZeroBack,NoGo,1.679591669373809,1.320408330626191,square,triangle,,NA,,,,,,,,
83,ZeroBack,NoGo,1.986740887159582,1.013259112840418,triangle,circle,,NA,,,,,,,,
84,ZeroBack,NoGo,2.201134945558244,0.7988650544417562,triangle,square,,NA,,,,,,,,
85,ZeroBack,NoGo,2.4496395653141434,0.5503604346858566,circle,triangle,,NA,,,,,,,,
42,OneBack,OneBack,1.3741715813436426,4.625828418656358,?,?,triangle,right,,,,,,,,
86,ZeroBack,NoGo,2.399251999273995,0.6007480007260049,square,circle,,NA,,,,,,,,
87,ZeroBack,NoGo,1.924990194703069,1.075009805296931,circle,triangle,,NA,,,,,,,,
88,ZeroBack,NoGo,2.474525060604228,0.5254749393957718,circle,square,,NA,,,,,,,,
90,ZeroBack,NoGo,2.1580156763012965,0.8419843236987035,circle,triangle,,NA,,,,,,,,
91,ZeroBack,NoGo,2.4891226250281013,0.5108773749718987,circle,triangle,,NA,,,,,,,,
47,OneBack,OneBack,1.8658165198129584,4.134183480187041,?,?,circle,left,,,,,,,,
92,ZeroBack,NoGo,2.365543303347809,0.6344566966521912,triangle,circle,,NA,,,,,,,,
93,ZeroBack,NoGo,1.6398147489172867,1.3601852510827133,circle,triangle,,NA,,,,,,,,
94,ZeroBack,NoGo,1.8663254584033164,1.1336745415966836,square,circle,,NA,,,,,,,,
52,OneBack,OneBack,1.8397512245320617,4.160248775467938,?,?,square,left,,,,,,,,
95,ZeroBack,NoGo,1.5187973854618133,1.4812026145381867,circle,square,,NA,,,,,,,,
96,ZeroBack,NoGo,2.0225103885592874,0.9774896114407126,triangle,square,,NA,,,,,,,,
97,ZeroBack,NoGo,1.6825592952237334,1.3174407047762666,triangle,square,,NA,,,,,,,,
98,ZeroBack,NoGo,2.3311088418908144,0.6688911581091856,triangle,circle,,NA,,,,,,,,
57,OneBack,OneBack,1.500437054275874,4.499562945724126,?,?,circle,right,,,,,,,,
99,ZeroBack,NoGo,2.271446848427142,0.728553151572858,square,triangle,,NA,,,,,,,,
100,ZeroBack,NoGo,2.30208149053544,0.6979185094645599,triangle,square,,NA,,,,,,,,
101,ZeroBack,NoGo,1.5887055394922331,1.4112944605077669,triangle,circle,,NA,,,,,,,,
4,OneBack,OneBack,2.374445138339329,3.625554861660671,?,?,circle,right,,,,,,,,
102,ZeroBack,NoGo,2.3749875198419272,0.6250124801580728,triangle,circle,,NA,,,,,,,,
103,ZeroBack,NoGo,1.9913911863967801,1.0086088136032199,triangle,circle,,NA,,,,,,,,
104,ZeroBack,NoGo,1.7432996213470084,1.2567003786529916,triangle,circle,,NA,,,,,,,,
105,ZeroBack,NoGo,2.1417528195991906,0.8582471804008094,circle,triangle,,NA,,,,,,,,
8,OneBack,OneBack,1.4036674857878193,4.596332514212181,?,?,circle,left,,,,,,,,
106,ZeroBack,NoGo,2.165294674704092,0.834705325295908,triangle,circle,,NA,,,,,,,,
107,ZeroBack,NoGo,2.4227147392597748,0.5772852607402252,square,triangle,,NA,,,,,,,,
109,ZeroBack,NoGo,1.521551758661145,1.478448241338855,square,triangle,,NA,,,,,,,,
110,ZeroBack,NoGo,1.6456516943870285,1.3543483056129715,square,circle,,NA,,,,,,,,
11,OneBack,OneBack,2.0730185870869433,3.9269814129130567,?,?,circle,right,,,,,,,,
111,ZeroBack,NoGo,1.830605923895689,1.169394076104311,square,triangle,,NA,,,,,,,,
112,ZeroBack,NoGo,2.357780037405752,0.6422199625942482,circle,triangle,,NA,,,,,,,,
113,ZeroBack,NoGo,2.2058672376489468,0.7941327623510532,square,triangle,,NA,,,,,,,,
115,ZeroBack,NoGo,1.632540649059346,1.367459350940654,circle,triangle,,NA,,,,,,,,
116,ZeroBack,NoGo,1.6755168854054348,1.3244831145945652,triangle,circle,,NA,,,,,,,,
117,ZeroBack,NoGo,2.2332930848817467,0.7667069151182533,triangle,circle,,NA,,,,,,,,
29,OneBack,OneBack,1.4265187899741767,4.5734812100258235,?,?,triangle,left,,,,,,,,
118,ZeroBack,NoGo,1.7013120215514177,1.2986879784485823,square,circle,,NA,,,,,,,,
119,ZeroBack,NoGo,1.9017733253064444,1.0982266746935556,circle,square,,NA,,,,,,,,
120,ZeroBack,NoGo,1.587922913676743,1.412077086323257,square,circle,,NA,,,,,,,,
121,ZeroBack,NoGo,2.0872571251305816,0.9127428748694184,triangle,circle,,NA,,,,,,,,
122,ZeroBack,NoGo,1.866577885822903,1.133422114177097,triangle,circle,,NA,,,,,,,,
123,ZeroBack,NoGo,2.2915276690323956,0.7084723309676044,circle,square,,NA,,,,,,,,
33,OneBack,OneBack,1.270973646664187,4.729026353335813,?,?,circle,left,,,,,,,,
124,ZeroBack,NoGo,2.3145113694710564,0.6854886305289436,circle,square,,NA,,,,,,,,
125,ZeroBack,NoGo,2.100101413359432,0.899898586640568,square,circle,,NA,,,,,,,,
0,OneBack,NoGo,1.8099666960495826,1.1900333039504174,square,circle,,NA,,,,,,,,
1,OneBack,NoGo,2.4213826580841964,0.5786173419158036,triangle,circle,,NA,,,,,,,,
2,OneBack,NoGo,1.6810619046054227,1.3189380953945773,square,triangle,,NA,,,,,,,,
3,OneBack,OneBack,1.716828175216756,4.283171824783244,?,?,triangle,right,,,,,,,,
4,OneBack,NoGo,2.2054048531841164,0.7945951468158836,triangle,circle,,NA,,,,,,,,
5,OneBack,NoGo,1.873738100276889,1.126261899723111,square,circle,,NA,,,,,,,,
6,OneBack,NoGo,2.031736941762217,0.9682630582377829,circle,triangle,,NA,,,,,,,,
7,OneBack,NoGo,2.2233144571453884,0.7766855428546116,circle,square,,NA,,,,,,,,
8,OneBack,NoGo,1.8558714877573248,1.1441285122426752,triangle,circle,,NA,,,,,,,,
11,OneBack,OneBack,2.0816455263445484,3.9183544736554516,?,?,circle,right,,,,,,,,
9,OneBack,NoGo,1.8451218838437962,1.1548781161562038,square,circle,,NA,,,,,,,,
10,OneBack,NoGo,1.5485064813772598,1.4514935186227402,triangle,square,,NA,,,,,,,,
12,OneBack,NoGo,2.1321223258717388,0.8678776741282612,triangle,circle,,NA,,,,,,,,
13,OneBack,NoGo,1.5597694483943818,1.4402305516056182,square,circle,,NA,,,,,,,,
14,OneBack,NoGo,1.6334125503162515,1.3665874496837485,circle,square,,NA,,,,,,,,
15,OneBack,NoGo,2.1679271377339795,0.8320728622660205,square,triangle,,NA,,,,,,,,
16,OneBack,OneBack,1.753951205513653,4.246048794486347,?,?,square,left,,,,,,,,
17,OneBack,NoGo,2.241432242463789,0.7585677575362109,triangle,circle,,NA,,,,,,,,
18,OneBack,NoGo,2.0491862896349553,0.9508137103650447,triangle,square,,NA,,,,,,,,
20,OneBack,NoGo,1.7139887270172358,1.2860112729827642,square,triangle,,NA,,,,,,,,
21,OneBack,NoGo,1.765672022146804,1.234327977853196,square,triangle,,NA,,,,,,,,
22,OneBack,NoGo,1.9023536651065895,1.0976463348934105,square,triangle,,NA,,,,,,,,
23,OneBack,NoGo,2.192339392531214,0.8076606074687862,circle,triangle,,NA,,,,,,,,
19,OneBack,OneBack,1.9220746122097472,4.077925387790253,?,?,triangle,right,,,,,,,,
25,OneBack,NoGo,1.5041348205667524,1.4958651794332476,triangle,circle,,NA,,,,,,,,
26,OneBack,NoGo,1.5106748190942074,1.4893251809057926,circle,triangle,,NA,,,,,,,,
27,OneBack,NoGo,2.483229830301326,0.516770169698674,triangle,circle,,NA,,,,,,,,
24,OneBack,OneBack,1.4456294734917812,4.554370526508219,?,?,circle,right,,,,,,,,
28,OneBack,NoGo,1.5280674454974283,1.4719325545025717,circle,triangle,,NA,,,,,,,,
30,OneBack,NoGo,1.5752971418001473,1.4247028581998527,circle,square,,NA,,,,,,,,
31,OneBack,NoGo,1.7479490621696618,1.2520509378303382,triangle,square,,NA,,,,,,,,
32,OneBack,NoGo,2.496400417884269,0.5035995821157311,circle,square,,NA,,,,,,,,
33,OneBack,NoGo,1.5839127966400621,1.4160872033599379,circle,square,,NA,,,,,,,,
29,OneBack,OneBack,1.4834737826263011,4.516526217373698,?,?,square,right,,,,,,,,
35,OneBack,NoGo,2.3750911678795106,0.6249088321204894,circle,triangle,,NA,,,,,,,,
36,OneBack,NoGo,1.7876073570214333,1.2123926429785667,circle,triangle,,NA,,,,,,,,
37,OneBack,NoGo,2.472585278690036,0.527414721309964,circle,triangle,,NA,,,,,,,,
38,OneBack,NoGo,1.7139375924525662,1.2860624075474338,triangle,circle,,NA,,,,,,,,
39,OneBack,NoGo,2.4061832932379,0.5938167067620999,triangle,circle,,NA,,,,,,,,
40,OneBack,NoGo,1.5215579310433134,1.4784420689566866,triangle,circle,,NA,,,,,,,,
34,OneBack,OneBack,2.2266341410997383,3.7733658589002617,?,?,circle,right,,,,,,,,
41,OneBack,NoGo,2.4878035659349322,0.5121964340650678,square,triangle,,NA,,,,,,,,
42,OneBack,NoGo,1.7992561203005117,1.2007438796994883,square,triangle,,NA,,,,,,,,
43,OneBack,NoGo,2.136393023689814,0.8636069763101859,square,circle,,NA,,,,,,,,
49,OneBack,OneBack,2.395985249343473,3.604014750656527,?,?,circle,right,,,,,,,,
44,OneBack,NoGo,2.3963536918160973,0.6036463081839027,square,triangle,,NA,,,,,,,,
45,OneBack,NoGo,2.472499407689808,0.5275005923101919,triangle,circle,,NA,,,,,,,,
46,OneBack,NoGo,1.931164012985946,1.068835987014054,triangle,circle,,NA,,,,,,,,
47,OneBack,NoGo,2.2311227680797425,0.7688772319202575,triangle,circle,,NA,,,,,,,,
48,OneBack,NoGo,2.3964842197380936,0.6035157802619064,circle,square,,NA,,,,,,,,
53,OneBack,OneBack,1.8523749386545736,4.147625061345426,?,?,square,right,,,,,,,,
50,OneBack,NoGo,2.0400576676892435,0.9599423323107565,triangle,circle,,NA,,,,,,,,
51,OneBack,NoGo,1.8398309530643608,1.1601690469356392,square,circle,,NA,,,,,,,,
52,OneBack,NoGo,2.279840323216467,0.720159676783533,circle,square,,NA,,,,,,,,
54,OneBack,NoGo,1.9926821673043134,1.0073178326956866,circle,square,,NA,,,,,,,,
64,OneBack,OneBack,2.313936004922398,3.686063995077602,?,?,square,right,,,,,,,,
55,OneBack,NoGo,2.1373362231084845,0.8626637768915155,circle,square,,NA,,,,,,,,
56,OneBack,NoGo,2.342416382102431,0.6575836178975689,circle,square,,NA,,,,,,,,
57,OneBack,NoGo,2.332454916898344,0.6675450831016558,triangle,circle,,NA,,,,,,,,
3,OneBack,OneBack,1.716828175216756,4.283171824783244,?,?,circle,right,,,,,,,,
58,OneBack,NoGo,2.0065078560614102,0.9934921439385898,circle,triangle,,NA,,,,,,,,
59,OneBack,NoGo,2.364294059752182,0.635705940247818,triangle,circle,,NA,,,,,,,,
60,OneBack,NoGo,2.0817444553729945,0.9182555446270055,circle,triangle,,NA,,,,,,,,
61,OneBack,NoGo,2.416833021473037,0.5831669785269629,circle,square,,NA,,,,,,,,
62,OneBack,NoGo,1.69799734203204,1.30200265796796,circle,square,,NA,,,,,,,,
11,OneBack,OneBack,2.0816455263445484,3.9183544736554516,?,?,square,right,,,,,,,,
63,OneBack,NoGo,1.517437096759124,1.482562903240876,circle,triangle,,NA,,,,,,,,
65,OneBack,NoGo,2.128061355202957,0.871938644797043,circle,square,,NA,,,,,,,,
66,OneBack,NoGo,1.573957312107395,1.426042687892605,triangle,square,,NA,,,,,,,,
67,OneBack,NoGo,2.2737601921745068,0.7262398078254932,triangle,circle,,NA,,,,,,,,
68,OneBack,NoGo,2.296552565171744,0.7034474348282558,circle,square,,NA,,,,,,,,
69,OneBack,NoGo,1.9501026794264187,1.0498973205735813,circle,square,,NA,,,,,,,,
16,OneBack,OneBack,1.753951205513653,4.246048794486347,?,?,circle,left,,,,,,,,
70,OneBack,NoGo,2.4999568829506265,0.5000431170493735,circle,square,,NA,,,,,,,,
72,ZeroBack,NoGo,2.200292712386313,0.7997072876136868,square,circle,,NA,,,,,,,,
73,ZeroBack,NoGo,1.8093773485560725,1.1906226514439275,triangle,square,,NA,,,,,,,,
74,ZeroBack,NoGo,2.219812841595517,0.780187158404483,circle,triangle,,NA,,,,,,,,
75,ZeroBack,NoGo,2.0513469497608425,0.9486530502391575,triangle,circle,,NA,,,,,,,,
76,ZeroBack,NoGo,1.8502152300931716,1.1497847699068284,square,circle,,NA,,,,,,,,
19,OneBack,OneBack,1.9220746122097472,4.077925387790253,?,?,circle,right,,,,,,,,
78,ZeroBack,NoGo,2.0757519333345895,0.9242480666654105,triangle,circle,,NA,,,,,,,,
79,ZeroBack,NoGo,1.7468391175489488,1.2531608824510512,square,triangle,,NA,,,,,,,,
80,ZeroBack,NoGo,1.8317929732015377,1.1682070267984623,triangle,circle,,NA,,,,,,,,
81,ZeroBack,NoGo,1.9052713201093976,1.0947286798906024,square,circle,,NA,,,,,,,,
83,ZeroBack,NoGo,1.7128420606287795,1.2871579393712205,square,triangle,,NA,,,,,,,,
24,OneBack,OneBack,1.4456294734917812,4.554370526508219,?,?,triangle,right,,,,,,,,
84,ZeroBack,NoGo,1.9774759610483539,1.0225240389516461,circle,square,,NA,,,,,,,,
85,ZeroBack,NoGo,1.8254622738017892,1.1745377261982108,square,circle,,NA,,,,,,,,
86,ZeroBack,NoGo,2.474034937885078,0.5259650621149219,circle,square,,NA,,,,,,,,
87,ZeroBack,NoGo,1.7437195943001182,1.2562804056998818,square,triangle,,NA,,,,,,,,
88,ZeroBack,NoGo,1.699901993068797,1.300098006931203,square,circle,,NA,,,,,,,,
89,ZeroBack,NoGo,1.5784442985077507,1.4215557014922493,triangle,square,,NA,,,,,,,,
29,OneBack,OneBack,1.4834737826263011,4.516526217373698,?,?,square,right,,,,,,,,
90,ZeroBack,NoGo,1.7419068469364924,1.2580931530635076,square,circle,,NA,,,,,,,,
91,ZeroBack,NoGo,1.717118901054112,1.282881098945888,square,circle,,NA,,,,,,,,
92,ZeroBack,NoGo,1.7087369214258707,1.2912630785741293,circle,triangle,,NA,,,,,,,,
93,ZeroBack,NoGo,1.8482507350369295,1.1517492649630705,square,triangle,,NA,,,,,,,,
94,ZeroBack,NoGo,1.5421176656708198,1.4578823343291802,square,circle,,NA,,,,,,,,
34,OneBack,OneBack,2.2266341410997383,3.7733658589002617,?,?,circle,right,,,,,,,,
95,ZeroBack,NoGo,2.3052217601754537,0.6947782398245463,triangle,square,,NA,,,,,,,,
96,ZeroBack,NoGo,2.3946890219443207,0.6053109780556793,square,triangle,,NA,,,,,,,,
97,ZeroBack,NoGo,1.5537736043004213,1.4462263956995787,circle,triangle,,NA,,,,,,,,
49,OneBack,OneBack,2.395985249343473,3.604014750656527,?,?,triangle,right,,,,,,,,
98,ZeroBack,NoGo,1.8387718124897607,1.1612281875102393,square,triangle,,NA,,,,,,,,
99,ZeroBack,NoGo,2.4878208247225686,0.5121791752774314,triangle,circle,,NA,,,,,,,,
100,ZeroBack,NoGo,1.9923549814067352,1.0076450185932648,triangle,square,,NA,,,,,,,,
101,ZeroBack,NoGo,1.7894933812663858,1.2105066187336142,circle,square,,NA,,,,,,,,
102,ZeroBack,NoGo,2.0079744133372692,0.9920255866627308,triangle,square,,NA,,,,,,,,
53,OneBack,OneBack,1.8523749386545736,4.147625061345426,?,?,square,right,,,,,,,,
103,ZeroBack,NoGo,1.8186429463370923,1.1813570536629077,square,triangle,,NA,,,,,,,,
104,ZeroBack,NoGo,1.565166805163158,1.434833194836842,circle,square,,NA,,,,,,,,
105,ZeroBack,NoGo,1.9805943235297998,1.0194056764702002,circle,triangle,,NA,,,,,,,,
64,OneBack,OneBack,2.313936004922398,3.686063995077602,?,?,triangle,right,,,,,,,,
106,ZeroBack,NoGo,2.3307304916974694,0.6692695083025306,square,circle,,NA,,,,,,,,
107,ZeroBack,NoGo,1.7211949306331467,1.2788050693668533,circle,square,,NA,,,,,,,,
108,ZeroBack,NoGo,1.6287460969679801,1.3712539030320199,circle,square,,NA,,,,,,,,
110,ZeroBack,NoGo,1.8529689375951972,1.1470310624048028,circle,square,,NA,,,,,,,,
111,ZeroBack,NoGo,2.4949962651431568,0.5050037348568432,triangle,square,,NA,,,,,,,,
112,ZeroBack,NoGo,1.8110207789428858,1.1889792210571142,triangle,square,,NA,,,,,,,,
3,OneBack,OneBack,1.716828175216756,4.283171824783244,?,?,square,right,,,,,,,,
114,ZeroBack,NoGo,2.4693332983017147,0.5306667016982853,circle,triangle,,NA,,,,,,,,
115,ZeroBack,NoGo,2.3319112155746256,0.6680887844253744,square,circle,,NA,,,,,,,,
116,ZeroBack,NoGo,2.4289923419259303,0.5710076580740697,circle,triangle,,NA,,,,,,,,
11,OneBack,OneBack,2.0816455263445484,3.9183544736554516,?,?,triangle,right,,,,,,,,
117,ZeroBack,NoGo,2.3051055208293834,0.6948944791706166,square,circle,,NA,,,,,,,,
118,ZeroBack,NoGo,1.952860425794626,1.047139574205374,triangle,circle,,NA,,,,,,,,
119,ZeroBack,NoGo,2.217709865287581,0.7822901347124191,triangle,square,,NA,,,,,,,,
120,ZeroBack,NoGo,2.1241959343748715,0.8758040656251285,circle,square,,NA,,,,,,,,
122,ZeroBack,NoGo,2.405197360730368,0.594802639269632,triangle,circle,,NA,,,,,,,,
16,OneBack,OneBack,1.753951205513653,4.246048794486347,?,?,triangle,left,,,,,,,,
123,ZeroBack,NoGo,2.1307434521940665,0.8692565478059335,square,circle,,NA,,,,,,,,
124,ZeroBack,NoGo,1.7644448959468408,1.2355551040531592,triangle,square,,NA,,,,,,,,
126,ZeroBack,NoGo,2.4393968895706095,0.5606031104293905,triangle,square,,NA,,,,,,,,
127,ZeroBack,NoGo,1.9554415241706802,1.0445584758293198,square,circle,,NA,,,,,,,,
129,ZeroBack,NoGo,2.2549215321709606,0.7450784678290394,square,triangle,,NA,,,,,,,,
130,ZeroBack,NoGo,2.048761783332064,0.9512382166679361,circle,triangle,,NA,,,,,,,,
19,OneBack,OneBack,1.9220746122097472,4.077925387790253,?,?,triangle,right,,,,,,,,
131,ZeroBack,NoGo,1.6325294508602315,1.3674705491397685,circle,square,,NA,,,,,,,,
133,ZeroBack,NoGo,2.01825750137478,0.9817424986252199,circle,square,,NA,,,,,,,,
134,ZeroBack,NoGo,2.416976556656686,0.5830234433433139,circle,triangle,,NA,,,,,,,,
135,ZeroBack,NoGo,1.6492482485779676,1.3507517514220324,triangle,circle,,NA,,,,,,,,
136,ZeroBack,NoGo,2.4620686366051525,0.5379313633948475,square,triangle,,NA,,,,,,,,
137,ZeroBack,NoGo,2.335742847711519,0.664257152288481,square,triangle,,NA,,,,,,,,
24,OneBack,OneBack,1.4456294734917812,4.554370526508219,?,?,triangle,right,,,,,,,,
138,ZeroBack,NoGo,1.6380033351098353,1.3619966648901647,square,triangle,,NA,,,,,,,,
139,ZeroBack,NoGo,2.4279469657513113,0.5720530342486887,square,circle,,NA,,,,,,,,
0,OneBack,NoGo,2.0115549859774147,0.9884450140225853,triangle,circle,,NA,,,,,,,,
1,OneBack,NoGo,1.6376715345327435,1.3623284654672565,circle,square,,NA,,,,,,,,
2,OneBack,NoGo,2.3999552783490503,0.6000447216509497,circle,square,,NA,,,,,,,,
3,OneBack,NoGo,2.1166037031856497,0.8833962968143503,triangle,circle,,NA,,,,,,,,
5,OneBack,OneBack,2.036645158607477,3.963354841392523,?,?,triangle,left,,,,,,,,
4,OneBack,NoGo,2.166618847013839,0.8333811529861608,triangle,circle,,NA,,,,,,,,
6,OneBack,NoGo,1.6785870571666504,1.3214129428333496,circle,square,,NA,,,,,,,,
7,OneBack,NoGo,2.470571358320361,0.529428641679639,triangle,square,,NA,,,,,,,,
8,OneBack,OneBack,1.2366957472941926,4.763304252705807,?,?,triangle,left,,,,,,,,
9,OneBack,NoGo,1.8176925406442979,1.1823074593557021,circle,triangle,,NA,,,,,,,,
10,OneBack,NoGo,1.865493940196847,1.134506059803153,circle,square,,NA,,,,,,,,
12,OneBack,NoGo,1.9276380799312736,1.0723619200687264,square,circle,,NA,,,,,,,,
13,OneBack,NoGo,1.9555616600192647,1.0444383399807353,square,circle,,NA,,,,,,,,
14,OneBack,NoGo,1.8084518168777142,1.1915481831222858,square,circle,,NA,,,,,,,,
15,OneBack,NoGo,1.5419445770039482,1.4580554229960518,circle,triangle,,NA,,,,,,,,
11,OneBack,OneBack,2.314573153861626,3.685426846138374,?,?,circle,left,,,,,,,,
16,OneBack,NoGo,2.2813770579971386,0.7186229420028614,triangle,circle,,NA,,,,,,,,
17,OneBack,NoGo,1.5428185032464357,1.4571814967535643,circle,triangle,,NA,,,,,,,,
18,OneBack,NoGo,2.4446499211833648,0.5553500788166352,triangle,circle,,NA,,,,,,,,
25,OneBack,OneBack,1.4330163522371004,4.5669836477629,?,?,circle,right,,,,,,,,
19,OneBack,NoGo,2.482220578865301,0.5177794211346991,triangle,square,,NA,,,,,,,,
20,OneBack,NoGo,1.5688659895444292,1.4311340104555708,circle,triangle,,NA,,,,,,,,
21,OneBack,NoGo,2.265986559902433,0.7340134400975669,circle,square,,NA,,,,,,,,
31,OneBack,OneBack,2.3043321113527,3.6956678886473,?,?,square,right,,,,,,,,
22,OneBack,NoGo,1.9233931697307418,1.0766068302692582,circle,square,,NA,,,,,,,,
23,OneBack,NoGo,1.8209764630660157,1.1790235369339843,circle,triangle,,NA,,,,,,,,
24,OneBack,NoGo,1.5946769757332806,1.4053230242667194,circle,triangle,,NA,,,,,,,,
26,OneBack,NoGo,2.409028628266518,0.5909713717334819,triangle,square,,NA,,,,,,,,
27,OneBack,NoGo,2.3821575437501217,0.6178424562498783,square,triangle,,NA,,,,,,,,
28,OneBack,NoGo,1.927851760504947,1.072148239495053,square,circle,,NA,,,,,,,,
45,OneBack,OneBack,2.3460481114660565,3.6539518885339435,?,?,circle,right,,,,,,,,
29,OneBack,NoGo,2.4018536625187252,0.5981463374812748,square,circle,,NA,,,,,,,,
30,OneBack,NoGo,1.517030428294993,1.482969571705007,square,triangle,,NA,,,,,,,,
32,OneBack,NoGo,1.517778634019428,1.482221365980572,triangle,square,,NA,,,,,,,,
33,OneBack,NoGo,1.9922119079734986,1.0077880920265014,triangle,square,,NA,,,,,,,,
50,OneBack,OneBack,2.1889105638992445,3.8110894361007555,?,?,square,right,,,,,,,,
34,OneBack,NoGo,2.2568140377091526,0.7431859622908474,square,triangle,,NA,,,,,,,,
35,OneBack,NoGo,2.428104547939999,0.571895452060001,circle,square,,NA,,,,,,,,
36,OneBack,NoGo,2.1918118110320846,0.8081881889679154,square,circle,,NA,,,,,,,,
55,OneBack,OneBack,1.3384330072010888,4.661566992798911,?,?,circle,right,,,,,,,,
37,OneBack,NoGo,2.0394953837562055,0.9605046162437945,square,circle,,NA,,,,,,,,
38,OneBack,NoGo,2.3253850061497596,0.6746149938502404,circle,triangle,,NA,,,,,,,,
39,OneBack,NoGo,1.5713555075219539,1.4286444924780461,square,circle,,NA,,,,,,,,
40,OneBack,NoGo,1.520097078871475,1.479902921128525,triangle,circle,,NA,,,,,,,,
41,OneBack,NoGo,1.8003645598018543,1.1996354401981457,square,circle,,NA,,,,,,,,
60,OneBack,OneBack,2.0428688865415006,3.9571311134584994,?,?,square,left,,,,,,,,
42,OneBack,NoGo,1.990319219844829,1.009680780155171,triangle,square,,NA,,,,,,,,
43,OneBack,NoGo,1.570943883842412,1.429056116157588,circle,square,,NA,,,,,,,,
44,OneBack,NoGo,1.611013173501037,1.388986826498963,circle,square,,NA,,,,,,,,
65,OneBack,OneBack,1.4057922998147396,4.59420770018526,?,?,square,right,,,,,,,,
46,OneBack,NoGo,1.9736180525257043,1.0263819474742957,square,triangle,,NA,,,,,,,,
47,OneBack,NoGo,1.5630013763941928,1.4369986236058072,square,circle,,NA,,,,,,,,
48,OneBack,NoGo,2.4997816111704374,0.5002183888295626,triangle,square,,NA,,,,,,,,
71,OneBack,OneBack,2.2557115726338024,3.7442884273661976,?,?,triangle,left,,,,,,,,
49,OneBack,NoGo,2.490002743452175,0.509997256547825,circle,square,,NA,,,,,,,,
51,OneBack,NoGo,1.8739863008013056,1.1260136991986944,triangle,square,,NA,,,,,,,,
52,OneBack,NoGo,1.5883217508598153,1.4116782491401847,triangle,square,,NA,,,,,,,,
53,OneBack,NoGo,1.7618544493986796,1.2381455506013204,square,circle,,NA,,,,,,,,
54,OneBack,NoGo,2.1635552173013184,0.8364447826986816,circle,square,,NA,,,,,,,,
5,OneBack,OneBack,2.036645158607477,3.963354841392523,?,?,circle,left,,,,,,,,
56,OneBack,NoGo,1.8469565583644356,1.1530434416355644,circle,triangle,,NA,,,,,,,,
57,OneBack,NoGo,2.37143278611241,0.6285672138875902,circle,triangle,,NA,,,,,,,,
58,OneBack,NoGo,2.188673149098087,0.8113268509019131,circle,triangle,,NA,,,,,,,,
59,OneBack,NoGo,2.092379887740726,0.907620112259274,triangle,circle,,NA,,,,,,,,
8,OneBack,OneBack,1.2366957472941926,4.763304252705807,?,?,triangle,left,,,,,,,,
61,OneBack,NoGo,1.5909869799335268,1.4090130200664732,circle,square,,NA,,,,,,,,
62,OneBack,NoGo,2.4842836917879714,0.5157163082120286,circle,square,,NA,,,,,,,,
63,OneBack,NoGo,1.8822899596012879,1.1177100403987121,triangle,circle,,NA,,,,,,,,
11,OneBack,OneBack,2.314573153861626,3.685426846138374,?,?,triangle,left,,,,,,,,
64,OneBack,NoGo,2.3412951625708893,0.6587048374291107,circle,triangle,,NA,,,,,,,,
66,OneBack,NoGo,2.2313530269591393,0.7686469730408607,square,circle,,NA,,,,,,,,
67,OneBack,NoGo,1.6384583880304686,1.3615416119695314,circle,square,,NA,,,,,,,,
25,OneBack,OneBack,1.4330163522371004,4.5669836477629,?,?,square,right,,,,,,,,
68,OneBack,NoGo,2.3744996298421226,0.6255003701578774,square,circle,,NA,,,,,,,,
69,OneBack,NoGo,2.261358497925305,0.738641502074695,square,triangle,,NA,,,,,,,,
70,OneBack,NoGo,2.2261958846207395,0.7738041153792605,square,triangle,,NA,,,,,,,,
31,OneBack,OneBack,2.3043321113527,3.6956678886473,?,?,triangle,right,,,,,,,,
72,OneBack,NoGo,1.6520181440456088,1.3479818559543912,circle,square,,NA,,,,,,,,
74,ZeroBack,NoGo,2.191968466532147,0.8080315334678532,square,circle,,NA,,,,,,,,
75,ZeroBack,NoGo,2.3664180890547457,0.6335819109452543,circle,triangle,,NA,,,,,,,,
77,ZeroBack,NoGo,2.442557385522207,0.5574426144777931,circle,square,,NA,,,,,,,,
78,ZeroBack,NoGo,2.464246417975959,0.5357535820240411,circle,square,,NA,,,,,,,,
45,OneBack,OneBack,2.3460481114660565,3.6539518885339435,?,?,square,right,,,,,,,,
79,ZeroBack,NoGo,1.6465577755738179,1.3534422244261821,circle,square,,NA,,,,,,,,
80,ZeroBack,NoGo,2.179313540252539,0.8206864597474608,square,circle,,NA,,,,,,,,
82,ZeroBack,NoGo,2.0086791286551815,0.9913208713448185,square,triangle,,NA,,,,,,,,
83,ZeroBack,NoGo,2.2881509391243897,0.7118490608756103,triangle,square,,NA,,,,,,,,
50,OneBack,OneBack,2.1889105638992445,3.8110894361007555,?,?,square,right,,,,,,,,
85,ZeroBack,NoGo,1.5279251521395314,1.4720748478604686,square,triangle,,NA,,,,,,,,
86,ZeroBack,NoGo,1.675381150745673,1.324618849254327,circle,triangle,,NA,,,,,,,,
87,ZeroBack,NoGo,1.7978401265065083,1.2021598734934917,square,triangle,,NA,,,,,,,,
88,ZeroBack,NoGo,2.3961850792143795,0.6038149207856205,circle,square,,NA,,,,,,,,
89,ZeroBack,NoGo,1.9480825637905008,1.0519174362094992,square,circle,,NA,,,,,,,,
55,OneBack,OneBack,1.3384330072010888,4.661566992798911,?,?,circle,right,,,,,,,,
91,ZeroBack,NoGo,2.067536940229776,0.9324630597702241,square,triangle,,NA,,,,,,,,
92,ZeroBack,NoGo,1.5351082112752314,1.4648917887247686,square,circle,,NA,,,,,,,,
93,ZeroBack,NoGo,2.0935394053246865,0.9064605946753135,circle,square,,NA,,,,,,,,
94,ZeroBack,NoGo,2.0123902728658862,0.9876097271341138,triangle,square,,NA,,,,,,,,
96,ZeroBack,NoGo,2.003874220562719,0.9961257794372811,square,triangle,,NA,,,,,,,,
97,ZeroBack,NoGo,1.7848225585040587,1.2151774414959413,circle,square,,NA,,,,,,,,
60,OneBack,OneBack,2.0428688865415006,3.9571311134584994,?,?,circle,left,,,,,,,,
98,ZeroBack,NoGo,2.406594752849002,0.5934052471509981,triangle,circle,,NA,,,,,,,,
99,ZeroBack,NoGo,2.2075262111712135,0.7924737888287865,triangle,circle,,NA,,,,,,,,
100,ZeroBack,NoGo,2.4889722839045003,0.5110277160954997,triangle,square,,NA,,,,,,,,
101,ZeroBack,NoGo,2.2172729103284787,0.7827270896715213,square,triangle,,NA,,,,,,,,
65,OneBack,OneBack,1.4057922998147396,4.59420770018526,?,?,triangle,right,,,,,,,,
103,ZeroBack,NoGo,1.6465306963520334,1.3534693036479666,circle,triangle,,NA,,,,,,,,
104,ZeroBack,NoGo,2.4890076747555425,0.5109923252444575,square,triangle,,NA,,,,,,,,
105,ZeroBack,NoGo,2.213025059562758,0.7869749404372421,square,circle,,NA,,,,,,,,
106,ZeroBack,NoGo,1.8053581141815376,1.1946418858184624,circle,square,,NA,,,,,,,,
107,ZeroBack,NoGo,1.7572779597403856,1.2427220402596144,square,circle,,NA,,,,,,,,
108,ZeroBack,NoGo,1.6370933017060993,1.3629066982939007,triangle,square,,NA,,,,,,,,
71,OneBack,OneBack,2.2557115726338024,3.7442884273661976,?,?,triangle,left,,,,,,,,
110,ZeroBack,NoGo,2.116453127314891,0.883546872685109,circle,triangle,,NA,,,,,,,,
111,ZeroBack,NoGo,1.8511563827947324,1.1488436172052676,triangle,circle,,NA,,,,,,,,
112,ZeroBack,NoGo,1.5269988879090766,1.4730011120909234,triangle,circle,,NA,,,,,,,,
113,ZeroBack,NoGo,1.7271575993382244,1.2728424006617756,triangle,circle,,NA,,,,,,,,
5,OneBack,OneBack,2.036645158607477,3.963354841392523,?,?,triangle,left,,,,,,,,
115,ZeroBack,NoGo,1.7870529681572647,1.2129470318427353,square,circle,,NA,,,,,,,,
116,ZeroBack,NoGo,1.5281727470017206,1.4718272529982794,circle,square,,NA,,,,,,,,
118,ZeroBack,NoGo,2.1401327455652543,0.8598672544347457,circle,triangle,,NA,,,,,,,,
119,ZeroBack,NoGo,2.273656726648043,0.726343273351957,triangle,circle,,NA,,,,,,,,
8,OneBack,OneBack,1.2366957472941926,4.763304252705807,?,?,triangle,left,,,,,,,,
120,ZeroBack,NoGo,2.3701081402857005,0.6298918597142995,circle,triangle,,NA,,,,,,,,
121,ZeroBack,NoGo,1.5854438870279401,1.4145561129720599,square,circle,,NA,,,,,,,,
122,ZeroBack,NoGo,1.6617380008211944,1.3382619991788056,circle,square,,NA,,,,,,,,
123,ZeroBack,NoGo,1.9837151508796873,1.0162848491203127,square,triangle,,NA,,,,,,,,
124,ZeroBack,NoGo,1.9688440302232055,1.0311559697767945,square,triangle,,NA,,,,,,,,
11,OneBack,OneBack,2.314573153861626,3.685426846138374,?,?,square,left,,,,,,,,
125,ZeroBack,NoGo,2.1742882862685864,0.8257117137314136,circle,square,,NA,,,,,,,,
126,ZeroBack,NoGo,1.6160323252704591,1.3839676747295409,square,circle,,NA,,,,,,,,
128,ZeroBack,NoGo,1.6857937529943328,1.3142062470056672,square,circle,,NA,,,,,,,,
129,ZeroBack,NoGo,2.3394680416163776,0.6605319583836224,circle,triangle,,NA,,,,,,,,
25,OneBack,OneBack,1.4330163522371004,4.5669836477629,?,?,triangle,right,,,,,,,,
130,ZeroBack,NoGo,2.131368020948803,0.8686319790511972,circle,square,,NA,,,,,,,,
131,ZeroBack,NoGo,2.1650446645434256,0.8349553354565744,triangle,square,,NA,,,,,,,,
0,OneBack,NoGo,2.0115549859774147,0.9884450140225853,square,triangle,,NA,,,,,,,,
1,OneBack,NoGo,1.6376715345327435,1.3623284654672565,triangle,circle,,NA,,,,,,,,
2,OneBack,NoGo,2.3999552783490503,0.6000447216509497,triangle,circle,,NA,,,,,,,,
3,OneBack,NoGo,2.1166037031856497,0.8833962968143503,square,triangle,,NA,,,,,,,,
5,OneBack,OneBack,2.036645158607477,3.963354841392523,?,?,square,left,,,,,,,,
4,OneBack,NoGo,2.166618847013839,0.8333811529861608,square,triangle,,NA,,,,,,,,
6,OneBack,NoGo,1.6785870571666504,1.3214129428333496,triangle,circle,,NA,,,,,,,,
7,OneBack,NoGo,2.470571358320361,0.529428641679639,square,circle,,NA,,,,,,,,
8,OneBack,OneBack,1.2366957472941926,4.763304252705807,?,?,square,left,,,,,,,,
9,OneBack,NoGo,1.8176925406442979,1.1823074593557021,triangle,square,,NA,,,,,,,,
10,OneBack,NoGo,1.865493940196847,1.134506059803153,triangle,circle,,NA,,,,,,,,
12,OneBack,NoGo,1.9276380799312736,1.0723619200687264,circle,triangle,,NA,,,,,,,,
13,OneBack,NoGo,1.9555616600192647,1.0444383399807353,circle,triangle,,NA,,,,,,,,
14,OneBack,NoGo,1.8084518168777142,1.1915481831222858,circle,triangle,,NA,,,,,,,,
15,OneBack,NoGo,1.5419445770039482,1.4580554229960518,triangle,square,,NA,,,,,,,,
11,OneBack,OneBack,2.314573153861626,3.685426846138374,?,?,triangle,left,,,,,,,,
16,OneBack,NoGo,2.2813770579971386,0.7186229420028614,square,triangle,,NA,,,,,,,,
17,OneBack,NoGo,1.5428185032464357,1.4571814967535643,triangle,square,,NA,,,,,,,,
18,OneBack,NoGo,2.4446499211833648,0.5553500788166352,square,triangle,,NA,,,,,,,,
25,OneBack,OneBack,1.4330163522371004,4.5669836477629,?,?,triangle,right,,,,,,,,
19,OneBack,NoGo,2.482220578865301,0.5177794211346991,square,circle,,NA,,,,,,,,
20,OneBack,NoGo,1.5688659895444292,1.4311340104555708,triangle,square,,NA,,,,,,,,
21,OneBack,NoGo,2.265986559902433,0.7340134400975669,triangle,circle,,NA,,,,,,,,
31,OneBack,OneBack,2.3043321113527,3.6956678886473,?,?,circle,right,,,,,,,,
22,OneBack,NoGo,1.9233931697307418,1.0766068302692582,triangle,circle,,NA,,,,,,,,
23,OneBack,NoGo,1.8209764630660157,1.1790235369339843,triangle,square,,NA,,,,,,,,
24,OneBack,NoGo,1.5946769757332806,1.4053230242667194,triangle,square,,NA,,,,,,,,
26,OneBack,NoGo,2.409028628266518,0.5909713717334819,square,circle,,NA,,,,,,,,
27,OneBack,NoGo,2.3821575437501217,0.6178424562498783,circle,square,,NA,,,,,,,,
28,OneBack,NoGo,1.927851760504947,1.072148239495053,circle,triangle,,NA,,,,,,,,
45,OneBack,OneBack,2.3460481114660565,3.6539518885339435,?,?,triangle,right,,,,,,,,
29,OneBack,NoGo,2.4018536625187252,0.5981463374812748,circle,triangle,,NA,,,,,,,,
30,OneBack,NoGo,1.517030428294993,1.482969571705007,circle,square,,NA,,,,,,,,
32,OneBack,NoGo,1.517778634019428,1.482221365980572,square,circle,,NA,,,,,,,,
33,OneBack,NoGo,1.9922119079734986,1.0077880920265014,square,circle,,NA,,,,,,,,
50,OneBack,OneBack,2.1889105638992445,3.8110894361007555,?,?,circle,right,,,,,,,,
34,OneBack,NoGo,2.2568140377091526,0.7431859622908474,circle,square,,NA,,,,,,,,
35,OneBack,NoGo,2.428104547939999,0.571895452060001,triangle,circle,,NA,,,,,,,,
36,OneBack,NoGo,2.1918118110320846,0.8081881889679154,circle,triangle,,NA,,,,,,,,
55,OneBack,OneBack,1.3384330072010888,4.661566992798911,?,?,triangle,right,,,,,,,,
37,OneBack,NoGo,2.0394953837562055,0.9605046162437945,circle,triangle,,NA,,,,,,,,
38,OneBack,NoGo,2.3253850061497596,0.6746149938502404,triangle,square,,NA,,,,,,,,
39,OneBack,NoGo,1.5713555075219539,1.4286444924780461,circle,triangle,,NA,,,,,,,,
40,OneBack,NoGo,1.520097078871475,1.479902921128525,square,triangle,,NA,,,,,,,,
41,OneBack,NoGo,1.8003645598018543,1.1996354401981457,circle,triangle,,NA,,,,,,,,
60,OneBack,OneBack,2.0428688865415006,3.9571311134584994,?,?,circle,left,,,,,,,,
42,OneBack,NoGo,1.990319219844829,1.009680780155171,square,circle,,NA,,,,,,,,
43,OneBack,NoGo,1.570943883842412,1.429056116157588,triangle,circle,,NA,,,,,,,,
44,OneBack,NoGo,1.611013173501037,1.388986826498963,triangle,circle,,NA,,,,,,,,
65,OneBack,OneBack,1.4057922998147396,4.59420770018526,?,?,circle,right,,,,,,,,
46,OneBack,NoGo,1.9736180525257043,1.0263819474742957,circle,square,,NA,,,,,,,,
47,OneBack,NoGo,1.5630013763941928,1.4369986236058072,circle,triangle,,NA,,,,,,,,
48,OneBack,NoGo,2.4997816111704374,0.5002183888295626,square,circle,,NA,,,,,,,,
71,OneBack,OneBack,2.2557115726338024,3.7442884273661976,?,?,square,left,,,,,,,,
49,OneBack,NoGo,2.490002743452175,0.509997256547825,triangle,circle,,NA,,,,,,,,
51,OneBack,NoGo,1.8739863008013056,1.1260136991986944,square,circle,,NA,,,,,,,,
52,OneBack,NoGo,1.5883217508598153,1.4116782491401847,square,circle,,NA,,,,,,,,
53,OneBack,NoGo,1.7618544493986796,1.2381455506013204,circle,triangle,,NA,,,,,,,,
54,OneBack,NoGo,2.1635552173013184,0.8364447826986816,triangle,circle,,NA,,,,,,,,
5,OneBack,OneBack,2.036645158607477,3.963354841392523,?,?,triangle,left,,,,,,,,
56,OneBack,NoGo,1.8469565583644356,1.1530434416355644,triangle,square,,NA,,,,,,,,
57,OneBack,NoGo,2.37143278611241,0.6285672138875902,triangle,square,,NA,,,,,,,,
58,OneBack,NoGo,2.188673149098087,0.8113268509019131,triangle,square,,NA,,,,,,,,
59,OneBack,NoGo,2.092379887740726,0.907620112259274,square,triangle,,NA,,,,,,,,
8,OneBack,OneBack,1.2366957472941926,4.763304252705807,?,?,square,left,,,,,,,,
61,OneBack,NoGo,1.5909869799335268,1.4090130200664732,triangle,circle,,NA,,,,,,,,
62,OneBack,NoGo,2.4842836917879714,0.5157163082120286,triangle,circle,,NA,,,,,,,,
63,OneBack,NoGo,1.8822899596012879,1.1177100403987121,square,triangle,,NA,,,,,,,,
11,OneBack,OneBack,2.314573153861626,3.685426846138374,?,?,square,left,,,,,,,,
64,OneBack,NoGo,2.3412951625708893,0.6587048374291107,triangle,square,,NA,,,,,,,,
66,OneBack,NoGo,2.2313530269591393,0.7686469730408607,circle,triangle,,NA,,,,,,,,
67,OneBack,NoGo,1.6384583880304686,1.3615416119695314,triangle,circle,,NA,,,,,,,,
25,OneBack,OneBack,1.4330163522371004,4.5669836477629,?,?,circle,right,,,,,,,,
68,OneBack,NoGo,2.3744996298421226,0.6255003701578774,circle,triangle,,NA,,,,,,,,
69,OneBack,NoGo,2.261358497925305,0.738641502074695,circle,square,,NA,,,,,,,,
70,OneBack,NoGo,2.2261958846207395,0.7738041153792605,circle,square,,NA,,,,,,,,
31,OneBack,OneBack,2.3043321113527,3.6956678886473,?,?,square,right,,,,,,,,
72,OneBack,NoGo,1.6520181440456088,1.3479818559543912,triangle,circle,,NA,,,,,,,,
74,ZeroBack,NoGo,2.191968466532147,0.8080315334678532,circle,triangle,,NA,,,,,,,,
75,ZeroBack,NoGo,2.3664180890547457,0.6335819109452543,triangle,square,,NA,,,,,,,,
77,ZeroBack,NoGo,2.442557385522207,0.5574426144777931,triangle,circle,,NA,,,,,,,,
78,ZeroBack,NoGo,2.464246417975959,0.5357535820240411,triangle,circle,,NA,,,,,,,,
45,OneBack,OneBack,2.3460481114660565,3.6539518885339435,?,?,circle,right,,,,,,,,
79,ZeroBack,NoGo,1.6465577755738179,1.3534422244261821,triangle,circle,,NA,,,,,,,,
80,ZeroBack,NoGo,2.179313540252539,0.8206864597474608,circle,triangle,,NA,,,,,,,,
82,ZeroBack,NoGo,2.0086791286551815,0.9913208713448185,circle,square,,NA,,,,,,,,
83,ZeroBack,NoGo,2.2881509391243897,0.7118490608756103,square,circle,,NA,,,,,,,,
50,OneBack,OneBack,2.1889105638992445,3.8110894361007555,?,?,circle,right,,,,,,,,
85,ZeroBack,NoGo,1.5279251521395314,1.4720748478604686,circle,square,,NA,,,,,,,,
86,ZeroBack,NoGo,1.675381150745673,1.324618849254327,triangle,square,,NA,,,,,,,,
87,ZeroBack,NoGo,1.7978401265065083,1.2021598734934917,circle,square,,NA,,,,,,,,
88,ZeroBack,NoGo,2.3961850792143795,0.6038149207856205,triangle,circle,,NA,,,,,,,,
89,ZeroBack,NoGo,1.9480825637905008,1.0519174362094992,circle,triangle,,NA,,,,,,,,
55,OneBack,OneBack,1.3384330072010888,4.661566992798911,?,?,triangle,right,,,,,,,,
91,ZeroBack,NoGo,2.067536940229776,0.9324630597702241,circle,square,,NA,,,,,,,,
92,ZeroBack,NoGo,1.5351082112752314,1.4648917887247686,circle,triangle,,NA,,,,,,,,
93,ZeroBack,NoGo,2.0935394053246865,0.9064605946753135,triangle,circle,,NA,,,,,,,,
94,ZeroBack,NoGo,2.0123902728658862,0.9876097271341138,square,circle,,NA,,,,,,,,
96,ZeroBack,NoGo,2.003874220562719,0.9961257794372811,circle,square,,NA,,,,,,,,
97,ZeroBack,NoGo,1.7848225585040587,1.2151774414959413,triangle,circle,,NA,,,,,,,,
60,OneBack,OneBack,2.0428688865415006,3.9571311134584994,?,?,triangle,left,,,,,,,,
98,ZeroBack,NoGo,2.406594752849002,0.5934052471509981,square,triangle,,NA,,,,,,,,
99,ZeroBack,NoGo,2.2075262111712135,0.7924737888287865,square,triangle,,NA,,,,,,,,
100,ZeroBack,NoGo,2.4889722839045003,0.5110277160954997,square,circle,,NA,,,,,,,,
101,ZeroBack,NoGo,2.2172729103284787,0.7827270896715213,circle,square,,NA,,,,,,,,
65,OneBack,OneBack,1.4057922998147396,4.59420770018526,?,?,square,right,,,,,,,,
103,ZeroBack,NoGo,1.6465306963520334,1.3534693036479666,triangle,square,,NA,,,,,,,,
104,ZeroBack,NoGo,2.4890076747555425,0.5109923252444575,circle,square,,NA,,,,,,,,
105,ZeroBack,NoGo,2.213025059562758,0.7869749404372421,circle,triangle,,NA,,,,,,,,
106,ZeroBack,NoGo,1.8053581141815376,1.1946418858184624,triangle,circle,,NA,,,,,,,,
107,ZeroBack,NoGo,1.7572779597403856,1.2427220402596144,circle,triangle,,NA,,,,,,,,
108,ZeroBack,NoGo,1.6370933017060993,1.3629066982939007,square,circle,,NA,,,,,,,,
71,OneBack,OneBack,2.2557115726338024,3.7442884273661976,?,?,square,left,,,,,,,,
110,ZeroBack,NoGo,2.116453127314891,0.883546872685109,triangle,square,,NA,,,,,,,,
111,ZeroBack,NoGo,1.8511563827947324,1.1488436172052676,square,triangle,,NA,,,,,,,,
112,ZeroBack,NoGo,1.5269988879090766,1.4730011120909234,square,triangle,,NA,,,,,,,,
113,ZeroBack,NoGo,1.7271575993382244,1.2728424006617756,square,triangle,,NA,,,,,,,,
5,OneBack,OneBack,2.036645158607477,3.963354841392523,?,?,square,left,,,,,,,,
115,ZeroBack,NoGo,1.7870529681572647,1.2129470318427353,circle,triangle,,NA,,,,,,,,
116,ZeroBack,NoGo,1.5281727470017206,1.4718272529982794,triangle,circle,,NA,,,,,,,,
118,ZeroBack,NoGo,2.1401327455652543,0.8598672544347457,triangle,square,,NA,,,,,,,,
119,ZeroBack,NoGo,2.273656726648043,0.726343273351957,square,triangle,,NA,,,,,,,,
8,OneBack,OneBack,1.2366957472941926,4.763304252705807,?,?,square,left,,,,,,,,
120,ZeroBack,NoGo,2.3701081402857005,0.6298918597142995,triangle,square,,NA,,,,,,,,
121,ZeroBack,NoGo,1.5854438870279401,1.4145561129720599,circle,triangle,,NA,,,,,,,,
122,ZeroBack,NoGo,1.6617380008211944,1.3382619991788056,triangle,circle,,NA,,,,,,,,
123,ZeroBack,NoGo,1.9837151508796873,1.0162848491203127,circle,square,,NA,,,,,,,,
124,ZeroBack,NoGo,1.9688440302232055,1.0311559697767945,circle,square,,NA,,,,,,,,
11,OneBack,OneBack,2.314573153861626,3.685426846138374,?,?,circle,left,,,,,,,,
125,ZeroBack,NoGo,2.1742882862685864,0.8257117137314136,triangle,circle,,NA,,,,,,,,
126,ZeroBack,NoGo,1.6160323252704591,1.3839676747295409,circle,triangle,,NA,,,,,,,,
128,ZeroBack,NoGo,1.6857937529943328,1.3142062470056672,circle,triangle,,NA,,,,,,,,
129,ZeroBack,NoGo,2.3394680416163776,0.6605319583836224,triangle,square,,NA,,,,,,,,
25,OneBack,OneBack,1.4330163522371004,4.5669836477629,?,?,square,right,,,,,,,,
130,ZeroBack,NoGo,2.131368020948803,0.8686319790511972,triangle,circle,,NA,,,,,,,,
131,ZeroBack,NoGo,2.1650446645434256,0.8349553354565744,square,circle,,NA,,,,,,,,
0,OneBack,NoGo,2.2476272238899035,0.7523727761100965,triangle,square,,NA,,,,,,,,
1,OneBack,NoGo,2.219673229348887,0.7803267706511132,circle,triangle,,NA,,,,,,,,
2,OneBack,NoGo,1.9549379722507538,1.0450620277492462,triangle,square,,NA,,,,,,,,
3,OneBack,NoGo,1.9893304833117282,1.0106695166882718,square,circle,,NA,,,,,,,,
5,OneBack,OneBack,1.8772002549713322,4.122799745028668,?,?,circle,right,,,,,,,,
4,OneBack,NoGo,2.1778897272719533,0.8221102727280467,triangle,square,,NA,,,,,,,,
6,OneBack,NoGo,2.2794233453245347,0.7205766546754653,triangle,square,,NA,,,,,,,,
7,OneBack,NoGo,1.9221962162363755,1.0778037837636245,square,triangle,,NA,,,,,,,,
8,OneBack,NoGo,1.984808338188237,1.015191661811763,triangle,square,,NA,,,,,,,,
9,OneBack,NoGo,2.339820631503876,0.6601793684961241,square,triangle,,NA,,,,,,,,
10,OneBack,NoGo,1.71851485805955,1.28148514194045,square,circle,,NA,,,,,,,,
12,OneBack,OneBack,1.3610933735908333,4.638906626409167,?,?,square,left,,,,,,,,
11,OneBack,NoGo,1.543460272857276,1.456539727142724,square,triangle,,NA,,,,,,,,
13,OneBack,NoGo,1.765670981899095,1.234329018100905,circle,triangle,,NA,,,,,,,,
14,OneBack,NoGo,1.9207549439274545,1.0792450560725455,circle,triangle,,NA,,,,,,,,
15,OneBack,NoGo,1.8549126916465835,1.1450873083534165,square,circle,,NA,,,,,,,,
16,OneBack,NoGo,1.9000321991892457,1.0999678008107543,circle,triangle,,NA,,,,,,,,
17,OneBack,NoGo,2.095483679182703,0.9045163208172968,triangle,circle,,NA,,,,,,,,
18,OneBack,OneBack,1.1893489195066298,4.81065108049337,?,?,circle,right,,,,,,,,
19,OneBack,NoGo,1.7102305066302046,1.2897694933697954,square,triangle,,NA,,,,,,,,
20,OneBack,NoGo,2.028061057842408,0.9719389421575921,triangle,square,,NA,,,,,,,,
21,OneBack,NoGo,2.066110888123232,0.933889111876768,square,circle,,NA,,,,,,,,
24,OneBack,OneBack,1.6069658948177046,4.393034105182295,?,?,circle,right,,,,,,,,
22,OneBack,NoGo,1.95326251058551,1.04673748941449,square,circle,,NA,,,,,,,,
23,OneBack,NoGo,1.9360152886022481,1.0639847113977519,circle,triangle,,NA,,,,,,,,
25,OneBack,NoGo,2.1789093366951358,0.8210906633048642,circle,square,,NA,,,,,,,,
32,OneBack,OneBack,2.3405875150523623,3.6594124849476377,?,?,circle,left,,,,,,,,
26,OneBack,NoGo,1.7303449571185068,1.2696550428814932,square,triangle,,NA,,,,,,,,
27,OneBack,NoGo,1.9746410848590767,1.0253589151409233,square,circle,,NA,,,,,,,,
28,OneBack,NoGo,2.1367853874024587,0.8632146125975413,square,triangle,,NA,,,,,,,,
29,OneBack,NoGo,2.2230229632830496,0.7769770367169504,square,circle,,NA,,,,,,,,
41,OneBack,OneBack,2.1475919751530714,3.8524080248469286,?,?,circle,right,,,,,,,,
30,OneBack,NoGo,2.091678152329881,0.9083218476701189,circle,square,,NA,,,,,,,,
31,OneBack,NoGo,1.7451320006625988,1.2548679993374012,circle,triangle,,NA,,,,,,,,
33,OneBack,NoGo,2.169367059658735,0.8306329403412649,triangle,circle,,NA,,,,,,,,
45,OneBack,OneBack,2.226852396669302,3.773147603330698,?,?,triangle,left,,,,,,,,
34,OneBack,NoGo,1.9394169471532687,1.0605830528467313,square,circle,,NA,,,,,,,,
35,OneBack,NoGo,1.8182901994013398,1.1817098005986602,square,triangle,,NA,,,,,,,,
36,OneBack,NoGo,2.2850829251504856,0.7149170748495144,triangle,circle,,NA,,,,,,,,
37,OneBack,NoGo,2.463142895987013,0.536857104012987,triangle,square,,NA,,,,,,,,
51,OneBack,OneBack,1.2663849907135694,4.733615009286431,?,?,triangle,left,,,,,,,,
38,OneBack,NoGo,2.0399342169473167,0.9600657830526833,circle,square,,NA,,,,,,,,
39,OneBack,NoGo,1.8096169165249654,1.1903830834750346,circle,square,,NA,,,,,,,,
40,OneBack,NoGo,2.4411751435834272,0.5588248564165728,triangle,square,,NA,,,,,,,,
42,OneBack,NoGo,1.6740311774105388,1.3259688225894612,triangle,square,,NA,,,,,,,,
43,OneBack,NoGo,1.768241432558864,1.231758567441136,circle,triangle,,NA,,,,,,,,
44,OneBack,NoGo,1.5495965801693314,1.4504034198306686,square,circle,,NA,,,,,,,,
54,OneBack,OneBack,1.138925087995168,4.861074912004832,?,?,circle,right,,,,,,,,
46,OneBack,NoGo,1.8068519217509182,1.1931480782490818,square,triangle,,NA,,,,,,,,
47,OneBack,NoGo,1.9975799440063566,1.0024200559936434,circle,triangle,,NA,,,,,,,,
48,OneBack,NoGo,1.9367250006301364,1.0632749993698636,triangle,circle,,NA,,,,,,,,
59,OneBack,OneBack,1.8745146201627485,4.125485379837252,?,?,triangle,left,,,,,,,,
49,OneBack,NoGo,2.182001059890163,0.8179989401098369,triangle,circle,,NA,,,,,,,,
50,OneBack,NoGo,1.7075765915345604,1.2924234084654396,circle,triangle,,NA,,,,,,,,
52,OneBack,NoGo,1.5356916414026611,1.4643083585973389,triangle,circle,,NA,,,,,,,,
53,OneBack,NoGo,2.163964413634952,0.8360355863650479,triangle,square,,NA,,,,,,,,
55,OneBack,NoGo,1.9741854882689645,1.0258145117310355,square,circle,,NA,,,,,,,,
56,OneBack,NoGo,1.6308010605879573,1.3691989394120427,triangle,square,,NA,,,,,,,,
65,OneBack,OneBack,1.9894657834996494,4.010534216500351,?,?,square,right,,,,,,,,
57,OneBack,NoGo,1.5294192395702266,1.4705807604297734,circle,triangle,,NA,,,,,,,,
58,OneBack,NoGo,2.4195122966695726,0.5804877033304274,triangle,square,,NA,,,,,,,,
60,OneBack,NoGo,2.4254443439049362,0.5745556560950638,square,triangle,,NA,,,,,,,,
61,OneBack,NoGo,2.3240725896889654,0.6759274103110346,square,triangle,,NA,,,,,,,,
62,OneBack,NoGo,1.6995243636839592,1.3004756363160408,square,circle,,NA,,,,,,,,
74,OneBack,OneBack,1.4616978977922437,4.538302102207757,?,?,circle,right,,,,,,,,
63,OneBack,NoGo,2.4515342860888336,0.5484657139111664,circle,triangle,,NA,,,,,,,,
64,OneBack,NoGo,1.8185050067785529,1.1814949932214471,square,circle,,NA,,,,,,,,
66,OneBack,NoGo,2.1725551593391,0.8274448406608998,square,triangle,,NA,,,,,,,,
5,OneBack,OneBack,1.8772002549713322,4.122799745028668,?,?,triangle,right,,,,,,,,
67,OneBack,NoGo,2.3489120984712004,0.6510879015287996,triangle,circle,,NA,,,,,,,,
68,OneBack,NoGo,1.7171470078498672,1.2828529921501328,circle,triangle,,NA,,,,,,,,
69,OneBack,NoGo,1.740848143514007,1.259151856485993,square,triangle,,NA,,,,,,,,
70,OneBack,NoGo,1.824307382232392,1.175692617767608,circle,square,,NA,,,,,,,,
71,OneBack,NoGo,2.0176135065307443,0.9823864934692557,circle,square,,NA,,,,,,,,
12,OneBack,OneBack,1.3610933735908333,4.638906626409167,?,?,circle,left,,,,,,,,
72,OneBack,NoGo,1.7047808328904113,1.2952191671095887,square,triangle,,NA,,,,,,,,
73,OneBack,NoGo,1.7540825771848074,1.2459174228151926,circle,triangle,,NA,,,,,,,,
75,OneBack,NoGo,1.8996388556592243,1.1003611443407757,square,triangle,,NA,,,,,,,,
76,OneBack,NoGo,1.580543314962497,1.419456685037503,triangle,square,,NA,,,,,,,,
18,OneBack,OneBack,1.1893489195066298,4.81065108049337,?,?,square,right,,,,,,,,
78,ZeroBack,NoGo,1.6662749089847937,1.3337250910152063,triangle,circle,,NA,,,,,,,,
79,ZeroBack,NoGo,2.2358833262568862,0.7641166737431138,square,circle,,NA,,,,,,,,
80,ZeroBack,NoGo,2.1820044661552465,0.8179955338447535,circle,square,,NA,,,,,,,,
82,ZeroBack,NoGo,2.4861680934544923,0.5138319065455077,circle,square,,NA,,,,,,,,
83,ZeroBack,NoGo,2.310899877766984,0.689100122233016,triangle,circle,,NA,,,,,,,,
24,OneBack,OneBack,1.6069658948177046,4.393034105182295,?,?,circle,right,,,,,,,,
84,ZeroBack,NoGo,2.4555606105323493,0.5444393894676507,circle,square,,NA,,,,,,,,
85,ZeroBack,NoGo,2.205979906319791,0.7940200936802091,triangle,square,,NA,,,,,,,,
86,ZeroBack,NoGo,1.7456664477559167,1.2543335522440833,circle,square,,NA,,,,,,,,
87,ZeroBack,NoGo,1.6796755307547135,1.3203244692452865,triangle,circle,,NA,,,,,,,,
88,ZeroBack,NoGo,1.8526173802062282,1.1473826197937718,circle,square,,NA,,,,,,,,
89,ZeroBack,NoGo,2.2651479283593203,0.7348520716406797,circle,square,,NA,,,,,,,,
32,OneBack,OneBack,2.3405875150523623,3.6594124849476377,?,?,circle,left,,,,,,,,
91,ZeroBack,NoGo,1.9668539444482178,1.0331460555517822,square,triangle,,NA,,,,,,,,
92,ZeroBack,NoGo,2.3352265240429153,0.6647734759570847,circle,square,,NA,,,,,,,,
93,ZeroBack,NoGo,2.477567024597012,0.5224329754029879,triangle,square,,NA,,,,,,,,
94,ZeroBack,NoGo,1.5968888704498045,1.4031111295501955,square,triangle,,NA,,,,,,,,
95,ZeroBack,NoGo,2.44475325142037,0.5552467485796302,square,triangle,,NA,,,,,,,,
97,ZeroBack,NoGo,1.6807077660088783,1.3192922339911217,square,triangle,,NA,,,,,,,,
41,OneBack,OneBack,2.1475919751530714,3.8524080248469286,?,?,triangle,right,,,,,,,,
98,ZeroBack,NoGo,1.669409094422344,1.330590905577656,square,triangle,,NA,,,,,,,,
99,ZeroBack,NoGo,1.5827960553525096,1.4172039446474904,square,circle,,NA,,,,,,,,
101,ZeroBack,NoGo,1.6593710945171076,1.3406289054828924,square,circle,,NA,,,,,,,,
45,OneBack,OneBack,2.226852396669302,3.773147603330698,?,?,square,left,,,,,,,,
102,ZeroBack,NoGo,2.2353823377784043,0.7646176622215957,circle,square,,NA,,,,,,,,
103,ZeroBack,NoGo,2.4459979700236216,0.5540020299763784,triangle,square,,NA,,,,,,,,
104,ZeroBack,NoGo,1.6043745714837967,1.3956254285162033,triangle,circle,,NA,,,,,,,,
105,ZeroBack,NoGo,2.208867161025906,0.7911328389740939,triangle,circle,,NA,,,,,,,,
106,ZeroBack,NoGo,1.7547127205358115,1.2452872794641885,triangle,circle,,NA,,,,,,,,
51,OneBack,OneBack,1.2663849907135694,4.733615009286431,?,?,triangle,left,,,,,,,,
107,ZeroBack,NoGo,1.5033427769381138,1.4966572230618862,triangle,circle,,NA,,,,,,,,
108,ZeroBack,NoGo,2.347614849189526,0.6523851508104741,square,triangle,,NA,,,,,,,,
109,ZeroBack,NoGo,1.5270670974092064,1.4729329025907936,circle,triangle,,NA,,,,,,,,
111,ZeroBack,NoGo,2.3063222317198786,0.6936777682801214,triangle,circle,,NA,,,,,,,,
54,OneBack,OneBack,1.138925087995168,4.861074912004832,?,?,circle,right,,,,,,,,
112,ZeroBack,NoGo,1.5793222370586788,1.4206777629413212,square,triangle,,NA,,,,,,,,
113,ZeroBack,NoGo,1.6597978133146938,1.3402021866853062,triangle,square,,NA,,,,,,,,
115,ZeroBack,NoGo,2.2810847464014983,0.7189152535985017,triangle,square,,NA,,,,,,,,
59,OneBack,OneBack,1.8745146201627485,4.125485379837252,?,?,triangle,left,,,,,,,,
116,ZeroBack,NoGo,1.6585919713529624,1.3414080286470376,circle,triangle,,NA,,,,,,,,
117,ZeroBack,NoGo,1.8890937297335288,1.1109062702664712,square,circle,,NA,,,,,,,,
119,ZeroBack,NoGo,1.945122077496546,1.054877922503454,triangle,circle,,NA,,,,,,,,
120,ZeroBack,NoGo,2.1908063977056553,0.8091936022943447,square,triangle,,NA,,,,,,,,
121,ZeroBack,NoGo,1.681063331952688,1.318936668047312,triangle,square,,NA,,,,,,,,
65,OneBack,OneBack,1.9894657834996494,4.010534216500351,?,?,square,right,,,,,,,,
122,ZeroBack,NoGo,1.7306220142570026,1.2693779857429974,triangle,square,,NA,,,,,,,,
123,ZeroBack,NoGo,2.0354801210154747,0.9645198789845253,square,triangle,,NA,,,,,,,,
124,ZeroBack,NoGo,1.580396433158697,1.419603566841303,square,triangle,,NA,,,,,,,,
125,ZeroBack,NoGo,2.3249059110169643,0.6750940889830357,square,circle,,NA,,,,,,,,
126,ZeroBack,NoGo,2.1602699263810887,0.8397300736189113,square,triangle,,NA,,,,,,,,
127,ZeroBack,NoGo,2.330133066877986,0.6698669331220142,circle,square,,NA,,,,,,,,
74,OneBack,OneBack,1.4616978977922437,4.538302102207757,?,?,square,right,,,,,,,,
128,ZeroBack,NoGo,1.6108883865459378,1.3891116134540622,circle,square,,NA,,,,,,,,
129,ZeroBack,NoGo,2.3899894134201327,0.6100105865798673,square,circle,,NA,,,,,,,,
130,ZeroBack,NoGo,1.547564958825335,1.452435041174665,square,triangle,,NA,,,,,,,,
131,ZeroBack,NoGo,2.0274832058571963,0.9725167941428037,square,circle,,NA,,,,,,,,
5,OneBack,OneBack,1.8772002549713322,4.122799745028668,?,?,circle,right,,,,,,,,
132,ZeroBack,NoGo,1.963852388048057,1.036147611951943,circle,square,,NA,,,,,,,,
134,ZeroBack,NoGo,1.7462885348239552,1.2537114651760448,triangle,circle,,NA,,,,,,,,
135,ZeroBack,NoGo,1.8880364121966298,1.1119635878033702,triangle,circle,,NA,,,,,,,,
136,ZeroBack,NoGo,2.438372888392398,0.5616271116076019,square,circle,,NA,,,,,,,,
137,ZeroBack,NoGo,1.769255276155734,1.230744723844266,circle,triangle,,NA,,,,,,,,
138,ZeroBack,NoGo,1.916084449330436,1.083915550669564,triangle,square,,NA,,,,,,,,
12,OneBack,OneBack,1.3610933735908333,4.638906626409167,?,?,triangle,left,,,,,,,,
139,ZeroBack,NoGo,2.14997235358737,0.85002764641263,triangle,square,,NA,,,,,,,,
140,ZeroBack,NoGo,1.564073171797968,1.435926828202032,triangle,square,,NA,,,,,,,,
141,ZeroBack,NoGo,1.6707534438604,1.3292465561396,circle,triangle,,NA,,,,,,,,
142,ZeroBack,NoGo,1.6170482772129349,1.3829517227870651,circle,square,,NA,,,,,,,,
18,OneBack,OneBack,1.1893489195066298,4.81065108049337,?,?,square,right,,,,,,,,
143,ZeroBack,NoGo,1.994945769650363,1.005054230349637,circle,square,,NA,,,,,,,,
145,ZeroBack,NoGo,1.9680755866374755,1.0319244133625245,square,triangle,,NA,,,,,,,,
146,ZeroBack,NoGo,2.211485776884934,0.7885142231150661,triangle,circle,,NA,,,,,,,,
148,ZeroBack,NoGo,1.9214080612234903,1.0785919387765097,triangle,square,,NA,,,,,,,,
