Subject,Experience Sampling Questions Response Time,GoNoGo Task Response Time,Go Task Accuracy,NoGo Task Accuracy,Finger Tapping Task Response Time,Finger Tapping Task Accuracy,Two-Back Task-faces Response Time,Two-Back Task-faces Accuracy,Two-Back Task-scenes Response Time,Two-Back Task-scenes Accuracy,One-Back Task Response Time,One-Back Task Accuracy,Zero-Back Task Response Time,Zero-Back Task Accuracy,Hard Math Task Response Time,Hard Math Task Accuracy,Easy Math Task Response Time,Easy Math Task Accuracy,Friend Task Response Time,Friend Task Sentiment,You Task Response Time,You Task Sentiment
017,3.957679869791769,1.0068063722220748,0.9230769230769231,0.8672566371681416,0.35688957846007097,1.0,1.1670996755523244,0.8888888888888888,1.1304930260875667,0.8913043478260869,1.2468878222247843,1.0,0.8834177727271295,1.0,2.275145920000505,0.94,1.821316471156024,1.0,1.2059910869562451,0.5652173913043478,0.9678900434789113,0.4852941176470588
018,4.281269951215007,0.9831338103700007,0.8,0.9416666666666667,1.316989826001809,0.84,1.372800691302552,0.5,0.973636929311083,0.7241379310344828,1.6368141500002822,0.9,0.9175676454535939,0.8181818181818182,2.3195171947366346,0.9824561403508771,1.9723523540992947,1.0,2.4858794842098417,0.6052631578947368,2.5567335818179178,0.4883720930232558
054,3.298461015625037,1.011605067910411,0.5882352941176471,0.452991452991453,0.9782243283333931,0.9333333333333333,1.092176264102818,0.6666666666666666,0.9737668170212388,0.6170212765957447,2.3689747499998703,0.6,3.2816003909090132,0.45454545454545453,3.190721751219471,0.45714285714285713,2.299267900000164,0.7755102040816326,0.954545717021516,0.5434782608695652,0.8853990785713125,0.6811594202898551
<<<<<<< Updated upstream
=======
084,4.581937155209188,1.0425842954115536,1.0,0.8854166666666666,0.3179924123047385,1.0,1.0090748000021654,0.8163265306122449,0.9498476326894328,0.9038461538461539,0.8724659142899327,1.0,0.7078083000029437,1.0,2.380127366039713,0.8867924528301887,1.9265438749988486,0.9666666666666667,1.3017245555516437,0.4666666666666667,0.9489110067799505,0.5932203389830508
086,6.423655843576904,1.0533507509815037,0.8461538461538461,0.9550561797752809,0.4499491749981341,1.0,1.1447325222193117,0.8518518518518519,1.2400421888916753,0.6,1.5639997000042867,0.8888888888888888,0.7989127399952849,1.0,2.2239319214308386,0.875,2.014631106249908,0.9516129032258065,1.6720431136358953,0.6744186046511628,1.52186589811397,0.6470588235294118
090,4.040471252251438,1.0233962161654535,0.7058823529411765,0.8495575221238938,0.4223955876874523,1.0,1.172990386052122,0.813953488372093,1.0845469229194957,0.875,0.9813892299891449,1.0,0.7363126666653746,1.0,2.118097450942205,0.8867924528301887,1.95918363437886,1.0,1.6312485086989752,0.782608695652174,1.3426358857084,0.7321428571428571
>>>>>>> Stashed changes
sub026,3.09514404878477,0.983965988372689,0.9375,0.6548672566371682,0.4109608016677763,1.0,1.1183647156861958,0.7647058823529411,1.0762102023810647,0.8333333333333334,1.2934098000001872,0.9090909090909091,1.0713599111105496,1.0,2.816800922727039,0.8636363636363636,1.953734216364418,1.0,1.1575481652172406,0.8260869565217391,1.0992575106063283,0.7076923076923077
subject001,4.909587743403487,1.0183310555557832,0.6,0.9313725490196079,0.3650910426676273,1.0,0.9200045229154057,0.8541666666666666,0.9355725959140561,0.8163265306122449,0.8327098615386953,0.9230769230769231,0.7852359692333266,1.0,2.087597098278789,0.6551724137931034,1.8984546509084546,0.9272727272727272,1.042659646672352,0.7045454545454546,0.989948993337263,0.6666666666666666
subject002,3.322561875350301,0.9587132188579311,0.35714285714285715,0.5,0.3602021450099225,1.0,0.8634353022298051,0.8222222222222222,1.1045403589601988,0.717948717948718,1.67836852495869,0.9166666666666666,0.7967016833523909,1.0,2.0854459340396794,1.0,1.9952312729964476,1.0,2.262775381592004,0.8055555555555556,1.6554691339667253,0.7358490566037735
subject003,5.543979584201679,1.0123156186204267,0.9333333333333333,0.07692307692307693,0.38904811500081754,1.0,1.222198588636688,0.8636363636363636,0.8665401762714205,0.8983050847457628,1.4492132272716844,0.6363636363636364,2.1227034499994866,0.6666666666666666,2.146181297917034,0.8541666666666666,2.0170825333329656,0.9310344827586207,1.3857051782612435,0.8,1.3455276693538538,0.8709677419354839
subject004,1.8551689479164049,1.0012351504267585,0.7058823529411765,0.22,0.6432378015377953,1.0,0.5190357314821556,0.8888888888888888,0.5758517148939799,0.9574468085106383,2.1965949300007197,0.7,1.424060691667061,0.9166666666666666,2.0297520547168424,0.9056603773584906,2.0449946854549292,0.8653846153846154,0.8666920208330945,0.7708333333333334,0.6562715710522178,0.6447368421052632
subject005,3.648076122916665,1.0167938280379003,0.8333333333333334,0.47368421052631576,0.4492610026663169,1.0,1.2463766956529783,0.6956521739130435,1.2733195577770755,0.8888888888888888,1.3632225909095723,0.9090909090909091,1.3495399900028133,0.9,2.3613254104163084,0.9361702127659575,2.0295598310338643,0.9649122807017544,1.2013396111106784,0.8,1.0979120567164717,0.6716417910447762
subject008,6.39399599270847,1.0038452227933756,0.8125,0.8166666666666667,0.34277015285915696,1.0,1.1188121999966825,0.7708333333333334,1.0356129773564082,0.7924528301886793,1.1861431166665473,0.9166666666666666,1.3149065181761133,1.0,2.7989610531918476,0.8913043478260869,1.9330333271187186,0.9830508474576272,1.147335047824131,0.782608695652174,1.097084601614399,0.6290322580645161
subject009,2.0934166845484774,0.9728318477100736,0.5333333333333333,0.5212765957446809,0.3734599999993896,1.0,0.7827860338956717,0.7627118644067796,1.072670989365198,0.7659574468085106,0.8662654769320327,0.9230769230769231,0.7428419099887833,0.7,1.9543753018158234,0.9454545454545454,1.8622840612867637,0.9354838709677419,0.754515122722792,0.8409090909090909,0.6795868275407027,0.6231884057971014
subject010,3.7016550776014707,0.9950333774488952,0.5882352941176471,0.7241379310344828,0.5402159276955689,1.0,1.1707024915029909,0.44680851063829785,1.1086277272816831,0.7045454545454546,1.512796963639134,1.0,0.9196944181722674,1.0,2.540905008166173,0.8541666666666666,2.0289117559253915,0.9649122807017544,1.385100273335249,0.7333333333333333,1.3880839275902714,0.6666666666666666
subject011,4.334895362152262,1.0087983070877677,0.26666666666666666,0.9047619047619048,0.37614823000039904,1.0,0.9913734608461432,0.8478260869565217,0.8578662931023904,0.8448275862068966,0.7322240000146187,1.0,0.640699380019214,1.0,2.098741181674025,0.7833333333333333,1.865960669631022,0.9821428571428571,1.0281722085040181,0.5531914893617021,0.9489471343658806,0.71875
subject012,4.003656253123457,1.0107326852167835,0.6923076923076923,0.8333333333333334,0.36569306615990804,1.0,0.8581650767388732,0.813953488372093,1.1925779829802428,0.723404255319149,1.1002514444602032,1.0,0.6359620099887252,1.0,1.9976563278726898,0.9836065573770492,1.8999396479145314,0.9791666666666666,1.3157501660007984,0.52,1.4296693236228417,0.6545454545454545
subject013,3.3834381633662107,1.03654962405825,0.9375,0.8803418803418803,0.3785049650042007,1.0,0.9452281489254947,0.9148936170212766,1.3103303499924748,0.6086956521739131,1.1608596713880874,0.8571428571428571,0.6353377636246891,1.0,2.1059837038472042,0.9807692307692307,1.9017549203432529,1.0,0.9356374347069282,0.5918367346938775,0.9000343833291536,0.6363636363636364
subject014,4.6492996317709485,1.030768150819924,0.8,0.24107142857142858,0.3898217142856863,1.0,0.9299402392157479,0.8823529411764706,1.2794104511624536,0.6744186046511628,1.0034698199997365,1.0,0.7673343636349521,1.0,3.676504123684457,0.7142857142857143,2.0579306969692963,0.9846153846153847,1.7478409046517025,0.7619047619047619,1.6599604660001932,0.76
subject015,4.617741407986113,1.0268530496124086,0.9,0.3944954128440367,0.2945109942857081,1.0,1.1639120936169227,0.7872340425531915,1.4445634639999845,0.62,1.4693643700000165,0.8,0.6738800692307729,1.0,2.6704218422222565,0.9090909090909091,1.9071615127271964,1.0,1.0299794740000288,0.8,1.0426714733332878,0.6833333333333333
subject016,4.387295287152837,1.0070617455354685,0.8,0.9690721649484536,0.36899913666626766,1.0,0.6286599673070529,0.9038461538461539,0.7544626611116756,0.8518518518518519,0.7463219545468085,1.0,0.867747809091022,1.0,2.0644247207546527,0.9811320754716981,1.9056275040818538,0.9795918367346939,0.809741723076793,0.8846153846153846,0.8090680088237551,0.7647058823529411
subject020,3.7100950835065305,1.022217143967282,0.7142857142857143,0.8333333333333334,0.667570236006286,1.0,1.469652943245475,0.6756756756756757,1.0800210652169366,0.9130434782608695,1.036237299995264,1.0,0.634183126668601,0.9333333333333333,2.8634911249907664,0.8863636363636364,1.9899378462912325,1.0,1.2802447081693182,0.9375,1.3633978584921866,0.8846153846153846
subject021,3.136961025867802,0.9654380055116929,0.7857142857142857,0.7964601769911505,0.4598924030782655,1.0,0.7802378241941633,0.8548387096774194,0.7150561634614581,0.9230769230769231,1.1448341100127437,0.7,0.7670686307604998,0.9230769230769231,2.3807666431404835,0.9803921568627451,1.926837791931898,0.9838709677419355,0.9757342478222436,0.8478260869565217,1.0494927813612729,0.7457627118644068
subject022,3.635303367708312,1.0076461522727862,0.7272727272727273,0.71900826446281,0.410644469999958,0.9833333333333333,0.6887038250000236,0.8125,0.6388352842105361,0.6842105263157895,2.484724527272523,0.36363636363636365,4.229472687499992,0.25,3.8517884615386535,0.25806451612903225,2.60994798125004,0.5454545454545454,1.4825729358974804,0.6216216216216216,1.003072420634886,0.5967741935483871
subject023,3.562970856250053,1.0054062695035744,0.4666666666666667,0.8492063492063492,0.53631908363578,1.0,1.077614999999999,0.875,0.8585768136361532,0.8636363636363636,1.5877479900002072,1.0,1.1624866545462282,1.0,2.5889258148141647,0.9056603773584906,2.0606435516130013,0.967741935483871,1.8412431159090787,0.6976744186046512,1.3156174123076758,0.35384615384615387
subject024,3.8715582996528104,1.0532494704918955,1.0,0.49056603773584906,0.39894400615370473,1.0,1.3516261977774169,0.5777777777777777,1.0341124232142778,0.8214285714285714,1.2803976499999408,1.0,0.736442791666074,1.0,2.715132703845694,0.8431372549019608,1.9558886780004832,0.98,1.0522563700005776,0.775,1.0420898746476308,0.6338028169014085
subject030,3.425812618577715,1.0048677055117048,1.0,0.0,0.754048695001499,0.9833333333333333,1.596465299999441,0.11428571428571428,1.6831502323526792,0.20588235294117646,1.5338332076946524,0.9230769230769231,1.2427646545455155,1.0,3.3855271933328672,0.2777777777777778,2.3315440267885736,0.717391304347826,1.3340099568198307,0.7441860465116279,0.8708839909090647,0.6212121212121212
subject031,4.925066628819018,1.0229381790696896,0.8125,0.9823008849557522,0.3381824707697468,1.0,1.0577966488839592,0.7555555555555555,1.1245443624999705,0.75,0.8950273749990932,1.0,0.7135421888896316,1.0,2.1062028245584785,1.0,1.8743332964295405,1.0,1.1560751952395851,0.7317073170731707,0.9373389666659447,0.6266666666666667
subject032,3.9012765631925705,1.0364097192003392,0.7857142857142857,0.7207207207207207,0.3667103706711593,1.0,1.0249057547632783,0.6666666666666666,1.3809662227272796,0.5227272727272727,0.91358210000908,1.0,0.4586896846169391,0.8461538461538461,2.5799775981082895,0.8076923076923077,2.1368267020036003,0.9130434782608695,1.684047141022837,0.8918918918918919,1.300705369997498,0.7833333333333333
Subject034,4.41311216024365,1.0410846641016567,1.0,0.7058823529411765,0.3436684353814389,1.0,1.17205069583603,0.8333333333333334,1.0470407019221546,0.9807692307692307,0.7226467400013159,1.0,0.5025837461625298,0.9230769230769231,2.2253104874928664,0.8909090909090909,1.8671508333303364,0.9607843137254902,1.1716204300013486,0.8,1.0230467451591752,0.7096774193548387
Subject035,3.085278047395251,0.9991837461507863,0.5789473684210527,0.9489795918367347,0.36849754833286474,1.0,0.5738996489325221,0.8297872340425532,0.713183570217262,0.8085106382978723,0.8615872800000943,0.9,0.6782432499991652,0.75,2.245064816985692,0.8679245283018868,1.9864921792386152,0.9622641509433962,0.6851644195646615,0.6086956521739131,0.7456707986700348,0.7466666666666667
subject036,5.807043342360278,1.0311287669218683,1.0,0.0,0.590072982853079,0.9714285714285714,1.7080530317077163,0.43902439024390244,1.1539965857172363,0.7857142857142857,1.1979032500006723,1.0,0.7118984666691782,1.0,2.0181085603797086,0.9423076923076923,1.8983779132085026,0.9433962264150944,1.5613687794912272,0.7435897435897436,1.682402933332567,0.64
subject037,2.889887447394661,1.0394938542645662,0.7857142857142857,0.9130434782608695,0.36842073733142267,1.0,0.8667118059983477,0.86,0.8572332425898855,0.8888888888888888,0.5736122857114034,1.0,0.5627902249931745,0.9166666666666666,2.7161726961528005,0.7692307692307693,1.9795815352939399,0.98,1.1496901268312685,0.8536585365853658,1.1915594507033387,0.7857142857142857
<<<<<<< Updated upstream
subject038,2.975960672047424,1.0144923166704498,0.8,0.1891891891891892,0.3974746945462274,1.0,0.7722605839977041,0.84,0.7048341124949123,0.8333333333333334,1.1221179214231338,0.7142857142857143,0.732076845459894,0.9090909090909091,2.296009605088453,0.6271186440677966,2.180409007855262,0.8297872340425532,1.1922496488361165,0.9069767441860465,1.1745721052611133,0.49122807017543857
subject041,4.114167530208331,1.04866900695665,0.8461538461538461,0.7058823529411765,0.3579364861551977,1.0,1.199721169997065,0.5,0.723988015095666,0.8679245283018868,1.8863704500015177,0.7142857142857143,0.7985337099977187,0.8,2.187219405454446,0.8909090909090909,2.0194126384626054,0.96875,1.1249280833324606,0.8333333333333334,1.0925748225807534,0.5967741935483871
subject042,3.0200728298578827,0.9679967860660714,0.8666666666666667,0.9439252336448598,0.3722972742780777,1.0,0.7754545415123433,0.8490566037735849,0.8606819033867411,0.7288135593220338,1.3916183666636546,0.75,0.6557324083308534,0.9166666666666666,1.997308967241632,0.9137931034482759,1.8540175854545933,1.0,0.9079370882394084,0.9019607843137255,0.9497047737717903,0.7868852459016393
subject043,2.4359711666669077,1.0138558551714283,0.4375,0.813953488372093,0.5623627699998905,1.0,1.4580164904764388,0.6428571428571429,0.7931066884610538,0.7884615384615384,1.0414670666682975,0.8888888888888888,1.0094058875001792,1.0,2.5084740145842566,0.8723404255319149,2.0462318137253854,0.9591836734693877,1.7240886414645769,0.7804878048780488,1.491969125000469,0.7
subject044,3.8477230421845485,1.0443540504670084,0.8,0.7525773195876289,1.3799019599985332,0.8,0.9338992942357436,0.6923076923076923,0.7043194740803705,0.7777777777777778,1.096657939988654,0.5,1.570476220001001,0.7,2.063633832132577,0.9821428571428571,1.9053643448318451,1.0,1.3729199027810763,0.9444444444444444,1.4776894982707494,0.6666666666666666
subject045,3.8522743953106127,1.0042289952719108,0.7857142857142857,0.9380530973451328,0.32478599231242417,1.0,0.9413256900024135,0.82,0.8941373782594304,1.0,1.2227668571410635,0.14285714285714285,0.741018072723157,0.9090909090909091,2.252531529996777,0.68,1.9325798703756407,0.9814814814814815,1.205306419573785,0.6956521739130435,1.1027091861057368,0.6805555555555556
subject046,4.336075684373706,1.0394694745921353,0.5454545454545454,0.58,0.4573950949998107,1.0,0.7482327358469911,0.9056603773584906,0.9939499979130536,0.7916666666666666,1.457176861532319,0.5384615384615384,1.268468918188856,0.9090909090909091,2.9723162533314382,0.6818181818181818,2.1250918944456823,0.9019607843137255,1.0107395882380432,0.8431372549019608,1.3973214017511182,0.5964912280701754
subject047,3.467721232295945,0.9897100669369402,0.7333333333333333,0.8532110091743119,0.32252859846473886,1.0,0.8603873320040293,0.84,1.0277492250000553,0.7916666666666666,0.7001406636343084,1.0,0.6838511699927039,1.0,2.0228714320086874,0.92,1.8266783059755367,0.9850746268656716,1.5238734102443767,0.6578947368421053,1.3120839322537874,0.7
subject048,3.685231005556438,1.018860977865313,0.9473684210526315,0.8660714285714286,0.324005233846569,1.0,0.8110769983327676,0.8,1.007050076743918,0.7906976744186046,0.6674290100025246,1.0,0.5975757999959487,1.0,2.72019630681726,0.9090909090909091,1.869572071429762,1.0,1.522798722856013,0.6,1.1797162370954362,0.6290322580645161
subject049,4.975231180903039,1.0102362700000342,0.8,0.8347826086956521,0.455036223999535,1.0,1.4917497944463523,0.8888888888888888,1.526720224999129,0.5625,1.8903354090924205,0.6363636363636364,1.4062797615344886,1.0,2.2064704259257133,0.8679245283018868,2.012268922806374,0.9824561403508771,1.0929826195121077,0.8780487804878049,1.0596305847454568,0.711864406779661
subject050,6.060724741493989,1.0339222357138096,0.9375,0.990909090909091,0.32766194286273925,1.0,0.77151786222045,0.8888888888888888,0.845967941940011,0.8548387096774194,0.8859747199981939,1.0,0.6071931272850964,0.9090909090909091,2.800647575608398,0.8536585365853658,1.8989623474525446,1.0,1.61670791219335,0.725,1.018181823530433,0.6029411764705882
Subject051,4.402866790107914,0.9979798543969529,0.75,0.6666666666666666,0.7610791538555461,0.9846153846153847,1.1862484851128798,0.8085106382978723,1.097212995337539,0.8604651162790697,1.129686446658646,1.0,0.7065451000235043,1.0,2.5722831725416815,0.8571428571428571,2.0772992862019173,0.9649122807017544,1.7021878358896056,0.868421052631579,1.4425428018439561,0.5740740740740741
subject052,3.7501175937491604,0.9916742733912542,0.4666666666666667,0.8829787234042553,2.631900119997509,0.5333333333333333,1.2197475622175262,0.7333333333333333,1.244388676317421,0.7368421052631579,2.0917396333340244,1.0,0.8023513090923767,1.0,2.2975753777761754,0.8518518518518519,2.0317133750047236,0.9454545454545454,1.2208036945950291,0.8378378378378378,1.2309034407350097,0.7592592592592593
=======
subject038,2.975960672047424,1.0144923166704498,0.8,0.1891891891891892,0.3974746945462274,1.0,0.7722605839977041,0.84,0.7048341124949123,0.8333333333333334,1.1221179214231338,0.7142857142857143,0.732076845459894,0.9090909090909091,2.296009605088453,0.6271186440677966,2.180409007855262,0.8125,1.1922496488361165,0.9069767441860465,1.1745721052611133,0.49122807017543857
subject041,4.114167530208331,1.04866900695665,0.8461538461538461,0.7058823529411765,0.3579364861551977,1.0,1.199721169997065,0.5,0.723988015095666,0.8679245283018868,1.8863704500015177,0.7142857142857143,0.7985337099977187,0.8,2.187219405454446,0.9074074074074074,2.0194126384626054,0.96875,1.1249280833324606,0.8333333333333334,1.0925748225807534,0.5967741935483871
subject042,3.0200728298578827,0.9679967860660714,0.8666666666666667,0.9439252336448598,0.3722972742780777,1.0,0.7754545415123433,0.8490566037735849,0.8606819033867411,0.7288135593220338,1.3916183666636546,0.75,0.6557324083308534,0.9166666666666666,1.997308967241632,0.9137931034482759,1.8540175854545933,1.0,0.9079370882394084,0.9019607843137255,0.9497047737717903,0.7868852459016393
subject043,2.4359711666669077,1.0138558551714283,0.4375,0.813953488372093,0.5623627699998905,1.0,1.4580164904764388,0.6428571428571429,0.7931066884610538,0.7884615384615384,1.0414670666682975,0.8888888888888888,1.0094058875001792,1.0,2.5084740145842566,0.8541666666666666,2.0462318137253854,0.9591836734693877,1.7240886414645769,0.7804878048780488,1.491969125000469,0.7
subject044,3.8477230421845485,1.0443540504670084,0.8,0.7525773195876289,1.3799019599985332,0.8,0.9338992942357436,0.6923076923076923,0.7043194740803705,0.7777777777777778,1.096657939988654,0.5,1.570476220001001,0.7,2.063633832132577,0.9821428571428571,1.9053643448318451,1.0,1.3729199027810763,0.9444444444444444,1.4776894982707494,0.6666666666666666
subject045,3.8522743953106127,1.0042289952719108,0.7857142857142857,0.9380530973451328,0.32478599231242417,1.0,0.9413256900024135,0.82,0.8941373782594304,1.0,1.2227668571410635,0.14285714285714285,0.741018072723157,0.9090909090909091,2.252531529996777,0.68,1.9325798703756407,0.9814814814814815,1.205306419573785,0.6956521739130435,1.1027091861057368,0.6805555555555556
subject046,4.336075684373706,1.0394694745921353,0.5454545454545454,0.58,0.4573950949998107,1.0,0.7482327358469911,0.9056603773584906,0.9939499979130536,0.7916666666666666,1.457176861532319,0.5384615384615384,1.268468918188856,0.9090909090909091,2.9723162533314382,0.6818181818181818,2.1250918944456823,0.9019607843137255,1.0107395882380432,0.8431372549019608,1.3973214017511182,0.5964912280701754
subject047,3.467721232295945,0.9897100669369402,0.7333333333333333,0.8532110091743119,0.32252859846473886,1.0,0.8603873320040293,0.84,1.0277492250000553,0.7916666666666666,0.7001406636343084,1.0,0.6838511699927039,1.0,2.0228714320086874,0.9387755102040817,1.8266783059755367,0.9850746268656716,1.5238734102443767,0.6578947368421053,1.3120839322537874,0.7
subject048,3.685231005556438,1.018860977865313,0.9473684210526315,0.8660714285714286,0.324005233846569,1.0,0.8110769983327676,0.8,1.007050076743918,0.7906976744186046,0.6674290100025246,1.0,0.5975757999959487,1.0,2.72019630681726,0.9090909090909091,1.869572071429762,1.0,1.522798722856013,0.6,1.1797162370954362,0.6290322580645161
subject049,4.975231180903039,1.0102362700000342,0.8,0.8347826086956521,0.455036223999535,1.0,1.4917497944463523,0.8888888888888888,1.526720224999129,0.5625,1.8903354090924205,0.6363636363636364,1.4062797615344886,1.0,2.2064704259257133,0.8518518518518519,2.012268922806374,0.9824561403508771,1.0929826195121077,0.8780487804878049,1.0596305847454568,0.711864406779661
subject050,6.060724741493989,1.0339222357138096,0.9375,0.990909090909091,0.32766194286273925,1.0,0.77151786222045,0.8888888888888888,0.845967941940011,0.8548387096774194,0.8859747199981939,1.0,0.6071931272850964,0.9090909090909091,2.800647575608398,0.875,1.8989623474525446,1.0,1.61670791219335,0.725,1.018181823530433,0.6029411764705882
Subject051,4.402866790107914,0.9979798543969529,0.75,0.6666666666666666,0.7610791538555461,0.9846153846153847,1.1862484851128798,0.8085106382978723,1.097212995337539,0.8604651162790697,1.129686446658646,1.0,0.7065451000235043,1.0,2.5722831725416815,0.84,2.0772992862019173,0.9821428571428571,1.7021878358896056,0.868421052631579,1.4425428018439561,0.5740740740740741
subject052,3.7501175937491604,0.9916742733912542,0.4666666666666667,0.8829787234042553,2.631900119997509,0.5333333333333333,1.2197475622175262,0.7333333333333333,1.244388676317421,0.7368421052631579,2.0917396333340244,1.0,0.8023513090923767,1.0,2.2975753777761754,0.8518518518518519,2.0317133750047236,0.9285714285714286,1.2208036945950291,0.8378378378378378,1.2309034407350097,0.7592592592592593
>>>>>>> Stashed changes
subject053,2.901886083505815,0.9985919096360535,0.8571428571428571,0.7355371900826446,0.4566404016572051,1.0,0.7196322249991891,0.8461538461538461,0.8619586301875248,0.6792452830188679,1.420608200028073,1.0,0.46247999001061546,1.0,1.9627927638382274,0.9148936170212766,1.8410502301643616,0.9365079365079365,0.7250699449059724,0.8571428571428571,0.7417408227250262,0.9242424242424242
subject055,3.6297346838537123,1.0196359906783643,0.8823529411764706,0.900990099009901,0.4265119242881026,1.0,1.0961671824974473,0.725,1.1276908243833133,0.7317073170731707,0.8102620909075168,1.0,0.7728443916760929,1.0,2.632010134545536,0.8703703703703703,1.9275091909062625,1.0,1.1655548851060225,0.7872340425531915,1.0758954166667536,0.8666666666666667
subject056,4.233375912847502,1.0635052238158615,0.9230769230769231,0.9891304347826086,0.3228363914215671,1.0,0.7902000217329023,0.9782608695652174,1.0125576654449104,0.8363636363636363,1.675286636370319,1.0,0.9315616777554775,1.0,1.9538228775852295,1.0,1.8682498475498535,1.0,0.7986477568126495,0.8863636363636364,0.9195419626863006,0.8181818181818182
subject057,3.100207581773753,1.0031449671896553,0.7272727272727273,0.6324786324786325,0.4192556630461835,1.0,0.9978842140632894,0.9298245614035088,1.283696480475866,0.6097560975609756,0.6483946545472876,1.0,0.5412816416743832,1.0,2.0561473646940773,0.9607843137254902,1.8617889200057833,1.0,1.0001479187291504,0.75,1.042254794663417,0.8035714285714286
subject058,2.205150365625002,0.9972358103174291,0.6875,0.5545454545454546,0.4223987815383925,1.0,1.1272987527275373,0.6727272727272727,0.8607236395355146,0.6976744186046512,1.2208335400002397,0.8,1.907039089999671,0.6,2.061701289796103,0.8979591836734694,2.035808009258997,0.9230769230769231,1.0922223634614476,0.6923076923076923,1.0483984857144981,0.6349206349206349
subject059,2.569096614062466,0.9754975655737848,0.7857142857142857,0.6574074074074074,0.35279439846154464,1.0,0.7692536758064717,0.7096774193548387,0.6121737852458641,0.8688524590163934,0.7932010166667472,1.0,0.5470447000000908,1.0,2.312193341999955,0.82,1.9509050395832521,0.9375,0.8844443720001436,0.92,0.699992806896544,0.896551724137931
subject060,3.961899553990305,1.0488707674149838,0.7894736842105263,0.7672413793103449,0.6595132816776944,1.0,0.8759316894707776,0.9122807017543859,1.1174949833463568,0.8125,2.445238207699731,0.5384615384615384,1.5801660363477739,1.0,2.535559571094604,0.8444444444444444,2.00720351818441,1.0,1.1627184744997352,0.9019607843137255,1.1473913151650887,0.676923076923077
subject062,3.8429504987851337,1.0365916616065078,0.7857142857142857,0.9693877551020408,0.32475634000026427,1.0,1.8585984410273317,0.1282051282051282,1.807576007895573,0.18421052631578946,0.5549887199988006,1.0,0.5592810222183794,1.0,1.8495294963628772,0.9818181818181818,1.832377699999294,1.0,0.8397293551008298,0.7959183673469388,0.8964487741942585,0.6451612903225806
<<<<<<< Updated upstream
subject063,3.6673995456596407,1.0118059083329476,0.7333333333333333,0.8857142857142857,0.4479162693338003,1.0,0.8281255172410527,0.9310344827586207,0.8629041339629352,0.8867924528301887,4.1123859692317914,0.0,0.7336625000002991,0.9230769230769231,2.6489189731701783,0.9024390243902439,2.135596793616795,1.0,0.9420733756106063,0.8780487804878049,0.8793547733329857,0.72
subject064,4.063266056424204,1.0357076533323075,0.6666666666666666,0.8476190476190476,0.384756475998632,1.0,0.793238663635169,0.7272727272727273,1.013730067347547,0.8367346938775511,1.3239858555542823,0.7777777777777778,1.0502433888937555,1.0,2.245546112246859,0.5102040816326531,1.8695819537021667,0.8703703703703703,0.6809434714315492,0.8809523809523809,0.7017547100001441,0.43333333333333335
subject065,3.320246824132179,1.0301198274194194,0.7692307692307693,0.8918918918918919,0.34636655066666816,1.0,1.3847715727277483,0.5681818181818182,1.1089714018866599,0.8679245283018868,0.9803374100003566,1.0,0.6755072999989756,1.0,2.6595902163263623,0.9375,1.9841592533331196,1.0,1.1680594039213497,0.6862745098039216,1.1456314453124605,0.703125
subject066,4.619541053819477,0.9865878071429924,0.8125,0.7,0.33426628461479246,1.0,1.1285598949987616,0.75,1.0288031255815524,0.8372093023255814,1.433294937502069,1.0,0.8605265699996381,1.0,2.0982510068959153,0.9655172413793104,2.010858195744073,0.9347826086956522,1.0922036943405335,0.7547169811320755,1.1916419465507777,0.7068965517241379
=======
subject063,3.6673995456596407,1.0118059083329476,0.7333333333333333,0.8857142857142857,0.4479162693338003,1.0,0.8281255172410527,0.9310344827586207,0.8629041339629352,0.8867924528301887,4.1123859692317914,0.0,0.7336625000002991,0.9230769230769231,2.6489189731701783,0.925,2.135596793616795,1.0,0.9420733756106063,0.8780487804878049,0.8793547733329857,0.72
subject064,4.063266056424204,1.0357076533323075,0.6666666666666666,0.8476190476190476,0.384756475998632,1.0,0.793238663635169,0.7272727272727273,1.013730067347547,0.8367346938775511,1.3239858555542823,0.7777777777777778,1.0502433888937555,1.0,2.245546112246859,0.5102040816326531,1.8695819537021667,0.8703703703703703,0.6809434714315492,0.8809523809523809,0.7017547100001441,0.43333333333333335
subject065,3.320246824132179,1.0301198274194194,0.7692307692307693,0.8918918918918919,0.34636655066666816,1.0,1.3847715727277483,0.5681818181818182,1.1089714018866599,0.8679245283018868,0.9803374100003566,1.0,0.6755072999989756,1.0,2.6595902163263623,0.9375,1.9841592533331196,1.0,1.1680594039213497,0.6862745098039216,1.1456314453124605,0.703125
subject066,4.619541053819477,0.9865878071429924,0.8125,0.7,0.33426628461479246,1.0,1.1285598949987616,0.75,1.0288031255815524,0.8372093023255814,1.433294937502069,1.0,0.8605265699996381,1.0,2.0982510068959153,0.9655172413793104,2.010858195744073,0.9347826086956522,1.0922036943405335,0.7547169811320755,1.1916419465507777,0.7068965517241379
subject067,1.913419903298038,0.9734678877203056,0.5384615384615384,0.43564356435643564,0.6366629416646902,1.0,0.804752211538121,0.8269230769230769,0.5563449327262457,0.8363636363636363,2.0785507699969457,0.3,1.1995064900052967,0.8,2.3429775615379467,0.9230769230769231,2.0045833150940764,0.9615384615384616,1.5025706446805147,0.5348837209302325,1.2322325430549326,0.7222222222222222
subject068,3.440608898958323,0.996817100806267,0.6875,0.8611111111111112,0.33567223714334044,1.0,0.9412891795449138,0.9090909090909091,0.9845098781816143,0.8909090909090909,0.7508821399995214,0.9,0.5812006900003326,0.9,2.1696581270833426,0.875,1.8774928125000656,1.0,1.2831005857147013,0.6666666666666666,1.0396157870367864,0.6851851851851852
subject069,10.584399217534862,1.02870223566018,0.5,0.6434782608695652,0.8135348292304955,0.9846153846153847,1.413936389471545,0.5789473684210527,1.2009390769240922,0.75,1.5458166727330536,0.5454545454545454,3.8672333700000308,0.1,2.5766916460008362,0.9795918367346939,2.0892970648139317,0.88,1.2971058409086915,0.8604651162790697,1.269982829091499,0.8461538461538461
subject070,5.032054458853913,1.0034287296007387,0.23529411764705882,0.3611111111111111,0.4032752149995455,1.0,0.7033898283011952,0.8679245283018868,0.7633379898312742,0.8813559322033898,1.2162653399980627,1.0,0.6575728600015281,1.0,2.3137218442296636,0.8235294117647058,1.8328138716425921,0.9701492537313433,1.121335849999923,0.7708333333333334,1.1160001014284457,0.7246376811594203
subject071 ,4.916056809028254,0.9795003860657385,1.0,0.8348623853211009,0.37219782923101985,1.0,1.4228969326531467,0.673469387755102,1.1071788878052313,0.8292682926829268,1.060051436364037,1.0,1.312874300003221,0.8181818181818182,2.8536091644446264,0.8666666666666667,1.929823934694821,0.9591836734693877,0.7791185222220116,0.8666666666666667,0.9243679046878697,0.796875
subject072,4.45304245312703,1.026464679719672,1.0,0.2204724409448819,0.9773629363594492,0.9454545454545454,1.4288211487824234,0.7560975609756098,1.2377571924523678,0.7547169811320755,1.0845212416703969,0.9166666666666666,0.9484836499905214,1.0,2.2327991019587454,0.98,2.297542083677028,0.8571428571428571,1.3145060418674528,0.8372093023255814,1.1323933968760684,0.859375
subject073,3.69741081458316,1.0004764500007988,0.8571428571428571,0.8942307692307693,0.2989712542854249,1.0,1.7828404666658673,0.17777777777777778,1.7443195742841844,0.2,2.1258291499992388,0.8333333333333334,1.812718812498133,1.0,3.0330524627890214,1.0,1.8825996215397027,1.0,0.9639710400006152,0.875,1.5931814775856388,0.8888888888888888
subject074,6.055314785937703,1.036621554688736,0.9285714285714286,0.5263157894736842,0.4331597153833942,1.0,0.9585388627909747,0.9302325581395349,1.0811944245289404,0.8490566037735849,1.308452178571315,0.9285714285714286,1.562694490908391,0.9090909090909091,2.3861958456517365,0.9565217391304348,2.041216401666558,0.9666666666666667,1.598983227500139,0.8974358974358975,1.5508456796292363,0.8301886792452831
subject075,6.257660414410263,1.0678796726572273,0.8421052631578947,0.8623853211009175,0.34635933076810593,1.0,0.9671750859624968,0.7192982456140351,0.6771642195646722,0.7391304347826086,1.2621559416656964,1.0,0.5831169300043257,0.9,1.8947898199962219,1.0,1.8344019399979152,1.0,0.708748512767612,0.9148936170212766,0.7519478697351204,0.868421052631579
subject076,4.941982826909629,0.9817706545449751,0.9285714285714286,0.6261682242990654,0.4914713246154581,1.0,1.267218706381329,0.7872340425531915,1.1772896129628794,0.8888888888888888,0.9740799099992727,1.0,0.774195666667462,1.0,2.2943585600005463,0.9387755102040817,1.927803627419522,0.967741935483871,1.2392263365856218,0.8,1.4590168578129123,0.746031746031746
subject077,3.2807420750012977,1.0232377541668636,0.8,0.9809523809523809,0.38825578460953414,1.0,1.2062563934786064,0.8043478260869565,0.7982814130411261,0.8695652173913043,1.1362491100037004,1.0,1.0894699769112497,1.0,2.226668466666403,0.9166666666666666,1.993640282763377,1.0,1.3200729358986092,0.7368421052631579,1.0037870545471157,0.696969696969697
subject078,4.067783432117115,1.0131059723562652,0.3076923076923077,0.6181818181818182,0.4150771316664759,1.0,0.8517904148169758,0.7407407407407407,0.6036533175420278,0.8596491228070176,0.7728628454497084,0.6363636363636364,0.5553681299905293,1.0,1.889897467690305,0.9230769230769231,1.7920659571401691,0.9285714285714286,1.0457964948742675,0.7948717948717948,1.2087210913796924,0.5862068965517241
subject079,2.5514136065972166,0.9936237211537411,1.0,0.0,0.9234519476922427,0.9846153846153847,1.0687615152174046,0.6956521739130435,0.910549346000007,0.74,1.3386369181816917,0.2727272727272727,1.4138794999998026,0.2,2.682854765999955,0.6,2.161641207272706,0.9038461538461539,1.6524723279069824,0.6428571428571429,1.3460567228070583,0.7017543859649122
subject080,6.1316401965279335,1.0371901992242671,0.8421052631578947,0.9818181818181818,0.32514894799969624,1.0,1.0659577163265679,0.8571428571428571,1.0501600636353197,0.8545454545454545,0.8748128090903099,1.0,0.5798190399997111,1.0,1.9178142314819895,0.9814814814814815,1.8204979047624787,0.9841269841269841,0.8016069239125975,0.6304347826086957,0.9602608230774282,0.6461538461538462
subject081,3.910506653993151,0.9948336976928448,0.8235294117647058,0.8053097345132744,0.377223167142282,1.0,1.14096617608669,0.6739130434782609,1.0773259904762242,0.6666666666666666,1.3218701999990468,0.9230769230769231,1.0050972857134184,1.0,2.2115822439998736,0.62,1.9137379758612951,1.0,0.7064823981139475,0.7547169811320755,0.8626123809526833,0.7619047619047619
subject082,4.064046675694347,0.9701677666670487,0.9375,0.9328358208955224,0.3923439533372099,1.0,1.1406041416654868,0.8333333333333334,1.5312191209292885,0.7441860465116279,1.288531363634816,1.0,1.8678970900014975,0.9,2.0404835206984364,1.0,1.8893453870442938,0.9814814814814815,1.1561405639990698,0.66,1.206872227117301,0.576271186440678
subject083,3.17910670815925,1.0398755299232674,0.4444444444444444,0.7339449541284404,0.3487036000023811,1.0,1.3693865767482474,0.5348837209302325,0.7540741249987539,0.8214285714285714,2.0756540909113195,0.7272727272727273,0.8807960100006312,1.0,2.291792536659826,0.9322033898305084,1.9305058616698565,0.9655172413793104,1.8217522600006002,0.6136363636363636,1.303331625494905,0.5490196078431373
subject085,5.874827729512617,1.0151956804333748,0.8,0.8220338983050848,0.4277244600022889,1.0,1.2339845133376204,0.7111111111111111,1.3823601837177912,0.7209302325581395,1.6416980500041973,0.8,2.258317354553252,0.7272727272727273,2.5710700583294965,0.851063829787234,2.0112525644017603,0.9298245614035088,1.3422115048771248,0.8536585365853658,1.2765109483894306,0.8032786885245902
subject087,3.987598122916501,1.0484846435909152,0.8125,0.48514851485148514,0.5729876166655837,1.0,0.8939591999986642,0.8448275862068966,0.8380472085096854,0.8936170212765957,1.3364893166629674,1.0,1.9161690777723885,0.7777777777777778,2.1121950901944335,0.9411764705882353,2.122797416365409,0.88,1.4140350073178458,0.7435897435897436,1.2360929920604187,0.7142857142857143
subject089,4.501240130381827,1.0287432992368322,0.8,0.954954954954955,0.4131824485704003,1.0,1.0279948352961619,0.8823529411764706,1.2774876955566772,0.8444444444444444,1.5617963700031396,0.9,2.461810581817355,0.7272727272727273,2.074044012280259,1.0,1.9869656617024993,1.0,1.180045395745881,0.7872340425531915,1.3774775849025969,0.5192307692307693
subject091,5.033099538888905,0.9992398079363435,0.47058823529411764,0.3394495412844037,0.369146875714536,1.0,1.7970465833332128,0.16666666666666666,1.2601917222223062,0.6,1.3628273714291157,1.0,1.549271958333217,1.0,2.2907019249999148,1.0,1.9790028183676756,0.9795918367346939,1.7360553256410827,0.7948717948717948,1.6352450249998514,0.803921568627451
subject092,4.095976744099365,1.0002390240011736,0.75,0.9292035398230089,0.34169500571609074,1.0,1.043787856239457,0.75,0.9112130846187938,0.9038461538461539,0.8966520363676616,0.9090909090909091,0.6554605399956926,1.0,1.9530213360663229,0.9344262295081968,1.8892185431082156,0.9827586206896551,1.3137204454449767,0.7727272727272727,1.2077697830686631,0.4375
subject093,3.0646532463542826,0.9713969681822963,0.7857142857142857,0.6779661016949152,0.3615110042852133,1.0,0.963725326315749,0.8245614035087719,0.6255413614031695,0.8947368421052632,1.4556595000018813,0.9166666666666666,0.7324126500010607,1.0,1.9198891016390827,0.9508196721311475,1.8891162262300552,0.9836065573770492,1.149316600000949,0.5333333333333333,0.6014505656722345,0.5522388059701493
subject094,2.7605884333332917,1.0373332434782914,0.7142857142857143,0.9207920792079208,0.4145992076923274,1.0,1.7564352499998874,0.10869565217391304,1.7123161205127895,0.1794871794871795,0.683893900000991,1.0,0.7554588399998465,1.0,2.363407678431423,0.8627450980392157,1.9145891428570718,1.0,1.0657882717949598,0.7948717948717948,1.0167442016667336,0.8333333333333334
subject095,3.313849030034362,1.0256090353459826,0.8333333333333334,0.5714285714285714,0.41058835846130165,1.0,1.0787824311125507,0.6888888888888889,0.9417250320012681,0.86,1.374286888891624,0.8888888888888888,1.6252951000033962,0.7272727272727273,2.449085872092414,0.813953488372093,1.862661965672229,0.8955223880597015,0.9626179145846739,0.75,0.7784430414280256,0.8
subject096,3.9682753338541707,1.0051836155038854,0.875,0.5752212389380531,0.3835940171428514,1.0,0.9181054224999571,0.8,0.7517157919355081,0.9516129032258065,1.0197613777777912,0.3333333333333333,0.611599811111167,0.8888888888888888,2.035009932203354,0.9830508474576272,1.8771519000000076,1.0,1.0046446076922178,0.9487179487179487,1.1284210499999807,0.7878787878787878
subject097,4.16763957361111,1.0417668338459267,0.8666666666666667,0.9739130434782609,0.35314668166677926,1.0,0.8562810346154668,0.8269230769230769,0.9392371785713858,0.8571428571428571,0.9506595166667466,1.0,0.6757352799999353,1.0,2.2083757722217947,0.9074074074074074,1.9211509603774175,0.9811320754716981,1.0948311068180951,0.75,0.8810214688309752,0.6493506493506493
subject098,3.8308713458328487,1.041258076921692,0.8571428571428571,0.9222222222222223,0.41509245428190167,1.0,0.9432660579995717,0.9,0.8294413528302992,0.9433962264150944,1.0348637090911241,0.9090909090909091,0.7721511599927908,1.0,2.652802887805681,0.8536585365853658,1.9387776368423242,0.9818181818181818,0.8871097711115403,0.8444444444444444,0.8898027705885504,0.8088235294117647
Subject099,3.8052944744796253,1.0025881023268945,0.9,0.5126050420168067,0.39423465428824006,1.0,0.9187156750069169,0.8181818181818182,0.7468145762775409,0.8813559322033898,1.011363400003492,0.8181818181818182,0.599079827285922,0.9090909090909091,2.291565175506771,0.9387755102040817,1.897302619643077,0.9821428571428571,0.8897162347043656,0.8775510204081632,1.1965087475398266,0.75
subject100,4.9698609812500205,0.9904373574626428,0.7333333333333333,0.907563025210084,0.5061409476922842,1.0,0.9630286551017685,0.8367346938775511,1.0076563921560164,0.8235294117647058,0.9956427416667187,1.0,0.7850147090913114,1.0,2.7541048042550487,0.6170212765957447,2.010491532691958,0.9803921568627451,1.1607182632655983,0.7755102040816326,0.92181650624957,0.796875
subject101,3.9146861322914344,1.0045391000003128,0.6875,0.8842105263157894,0.5630553783334714,1.0,0.8643121777791681,0.8888888888888888,0.923977821054123,0.8421052631578947,1.2967727399984141,0.9,0.5330929999996442,0.9,2.194412403508945,0.8771929824561403,1.9290053038446506,0.9607843137254902,0.8445562021283587,0.8085106382978723,1.1506544169022956,0.5507246376811594
subject102,3.1106419151033657,1.0158775977764485,0.8571428571428571,0.5619834710743802,0.3443188866600394,1.0,0.9459766100044362,0.7,0.6745149421039969,0.8421052631578947,0.5869135090827264,1.0,0.8589792272859168,1.0,1.8949029285805798,0.8928571428571429,1.8343565348398194,0.9696969696969697,0.6542633499996736,0.8,0.6620456197243315,0.5915492957746479
subject103,3.6587093048619863,0.9973404124997186,0.8125,0.7833333333333333,0.36885254461622724,1.0,0.7474998019248372,0.9615384615384616,1.1472582391326558,0.782608695652174,0.7588756153798806,1.0,0.5633190222175067,1.0,2.493425910203119,0.8979591836734694,1.9214514698435936,0.9682539682539683,1.074388404354028,0.717391304347826,1.1315834064519168,0.6290322580645161
subject104,2.5734534623265595,1.0284833575215653,0.6428571428571429,0.9696969696969697,0.4007988928566712,1.0,0.9456124846155245,0.8269230769230769,0.8673909226413772,0.8679245283018868,1.4639438083334728,0.9166666666666666,0.8247148888880879,1.0,1.9731604199991455,0.9818181818181818,1.949326961017628,0.9830508474576272,1.0204885289472019,0.8947368421052632,0.8947971000003463,0.796875
subject105,3.2812216795127824,1.0083657215353854,0.6666666666666666,0.6696428571428571,0.4113303973331737,1.0,0.9246283224191726,0.8103448275862069,0.7543477750060936,0.8461538461538461,1.5739052899938542,0.9,1.7369235818094404,0.8181818181818182,1.9072912355906615,0.5084745762711864,2.018439850795807,0.8548387096774194,1.2234267128141931,0.6153846153846154,1.1612115366176152,0.4084507042253521
subject106,3.6177699005209862,1.0080441953484627,0.7333333333333333,0.9298245614035088,0.3558495671422861,1.0,1.0706567073163857,0.8048780487804879,0.9320456999995748,0.8076923076923077,0.8392169454541132,0.9090909090909091,1.0461288166685943,0.75,2.1529318076925565,0.9807692307692307,1.8512833327871794,0.9836065573770492,1.6483004636366703,0.8409090909090909,2.0534882783340436,0.4642857142857143
subject107,3.946481472048592,1.0338847878564723,0.7333333333333333,0.88,0.4589312714287579,1.0,1.0237805309523191,0.6904761904761905,1.047819500000867,0.7346938775510204,1.9811570700010634,0.6,1.9630670399987138,0.9,2.689570051786047,0.9090909090909091,2.019095617021679,0.9347826086956522,1.2392544555552174,0.8222222222222222,1.0939453852448333,0.6721311475409836
subject108,2.9763034734369285,1.0208949983429765,0.75,0.8952380952380953,0.37903706571586165,1.0,1.0306144099985248,0.84,0.6674657836079323,0.819672131147541,1.0035973399993963,1.0,0.6632436889146144,1.0,2.2838711725643783,0.9411764705882353,2.0429111559307045,0.9482758620689655,1.1155708073155681,0.9512195121951219,1.0761715425889835,0.7222222222222222
subject109,2.9725112151043303,1.0092676919999066,0.5,0.944954128440367,0.4959828416664095,1.0,1.1061913630436049,0.8260869565217391,0.8191672462966785,0.7777777777777778,1.7387705818202284,0.9090909090909091,1.1756296727266586,1.0,2.505349658536455,0.7560975609756098,2.1078921216671005,0.9655172413793104,1.0112104375005704,0.9375,1.1339602888894862,0.6825396825396826
subject110,3.473245495659436,1.016970321126766,1.0,0.3046875,0.3105823446145783,1.0,0.5478531982137481,0.7678571428571429,0.7133721033879753,0.8983050847457628,0.9270716100028948,1.0,0.5727062909096606,1.0,2.1781340963630513,0.8727272727272727,1.827101876785621,1.0,0.6350022279971745,0.68,0.5316040370976665,0.6774193548387096
Subject111,2.9229779694444207,1.0574417284401074,0.9,0.6161616161616161,0.4864108542858698,1.0,0.6752192953128997,0.84375,0.9235274755557636,0.7555555555555555,4.1787466444438905,0.0,0.5704557750001792,1.0,2.760239964150626,0.8490566037735849,2.033766603226057,0.9508196721311475,0.7932143212767303,0.851063829787234,0.8795613235292609,0.7058823529411765
subject112,4.316551185245165,1.0392712541955402,0.47058823529411764,0.6228070175438597,0.4436706499911712,1.0,0.67825664286243,0.8412698412698413,0.8948962565990305,0.8867924528301887,1.1330067111153364,0.7777777777777778,1.8161178916537513,0.8333333333333334,2.232550382692492,0.9807692307692307,1.9211312867920705,0.9807692307692307,1.7013305561026422,0.9024390243902439,1.4464834533340762,0.7457627118644068
subject113,3.7588509972223516,1.0106900260275014,0.8571428571428571,0.9318181818181818,0.4116725500002455,1.0,1.266526539999662,0.8222222222222222,0.9588254730767333,0.8846153846153846,1.1776248181816877,1.0,0.7581213333335958,1.0,2.620618947727218,0.8181818181818182,2.015426411666825,0.9830508474576272,1.2144713416663155,0.8541666666666666,1.2563101016130531,0.5645161290322581
subject114,2.7205650302090465,1.0225684975195977,0.8571428571428571,0.5420560747663551,0.4117424271418713,1.0,1.1665845108699338,0.6521739130434783,1.015820023255845,0.7441860465116279,1.703791272728598,0.45454545454545453,1.0127880400017601,1.0,2.5606949042523914,0.851063829787234,2.2804083943384574,0.8125,1.2035811047625473,0.8095238095238095,1.218464155553698,0.7962962962962963
Subject115,3.763137137326592,1.0077198111941281,0.7058823529411765,0.9145299145299145,0.3574775700011135,1.0,0.7913293000009756,0.864406779661017,0.9491932959175831,0.7346938775510204,1.7002052583363063,0.9166666666666666,0.6982962400041288,1.0,2.399230570831302,0.75,1.9677932312533812,1.0,0.9998830500013095,0.6190476190476191,0.8308641279989388,0.8133333333333334
subject116,5.918002275868111,0.996205419285408,0.9473684210526315,0.9669421487603306,0.30715434000031866,1.0,0.8465396785713892,0.8214285714285714,0.884040996491278,0.8596491228070176,1.316652714286777,1.0,0.6848046666661199,1.0,1.9120435683330774,0.9833333333333333,1.8766490701751186,0.9824561403508771,0.8953772792458108,0.8113207547169812,1.0071699485295753,0.6029411764705882
subject117,3.658282014062479,1.0346849376153908,0.8571428571428571,0.9157894736842105,0.33884432499908146,1.0,1.3854315489362752,0.5531914893617021,1.1975718382987481,0.9148936170212766,1.1441394200010109,1.0,0.6554585750018305,1.0,3.497153183720129,0.8780487804878049,1.987108189999708,0.9491525423728814,0.7538471509792097,0.9019607843137255,0.9472542158729906,0.7619047619047619
subject118,3.964846796354234,0.9872886155172668,0.5,0.62,0.40477898333344153,1.0,0.7674026090909055,0.8636363636363636,0.7520939770496864,0.8852459016393442,0.9123046545454682,0.2727272727272727,0.6023158222221051,0.7777777777777778,1.9714288132078919,1.0,1.8690893301883886,1.0,0.74725058979571,0.9387755102040817,0.7700778638888247,0.7777777777777778
subject119,3.3321820092012584,1.0150285470593672,0.8235294117647058,0.8907563025210085,0.7785080145462416,1.0,1.7966686939387617,0.15151515151515152,1.6808720769238277,0.2564102564102564,1.254881845456442,1.0,0.9270609272736526,1.0,2.2454399763627655,0.7636363636363637,1.9483912946421438,0.9642857142857143,1.2236301166651953,0.7619047619047619,1.1569836672409517,0.7413793103448276
>>>>>>> Stashed changes
subject27,4.864902289062532,1.0107223931623501,0.7142857142857143,0.5825242718446602,0.35742058769269186,1.0,0.9943323895833297,0.7291666666666666,0.8576977240007545,0.84,1.392801299999822,1.0,1.4886337750000773,0.6666666666666666,2.1769865627116443,0.8983050847457628,2.0256665452838685,0.9811320754716981,1.2445193095241156,0.9285714285714286,1.256734135000079,0.8666666666666667
subject28,3.9728405406245253,0.9955363711102917,0.4666666666666667,0.4583333333333333,0.39877942428325436,1.0,0.7295961472721749,0.6363636363636364,0.729084387096537,0.9516129032258065,1.3475184000013138,0.8888888888888888,0.5880712600017433,0.8,2.0040374169810367,1.0,1.8105021776121506,0.9850746268656716,1.308356468889138,0.7777777777777778,1.2455663451616983,0.532258064516129
subject29,2.3711270083333855,1.0582694203358034,1.0,0.0,0.5214645076941591,0.9846153846153847,0.6811404203687778,0.8888888888888888,1.3370734162819518,0.5116279069767442,0.957118583333795,1.0,0.739514727272432,0.9090909090909091,1.9757902777782874,0.9074074074074074,1.876713315384964,0.9846153846153847,0.8061698980357809,0.8627450980392157,0.8578488343289302,0.8805970149253731
subject33,2.4972239374991556,1.0487119284491577,0.5384615384615384,0.5533980582524272,0.764335378460013,0.9846153846153847,0.8406821482130908,0.8035714285714286,1.0763618452335886,0.5238095238095238,2.218360325015965,0.75,0.7935112666649123,0.9166666666666666,2.4784914224171724,0.631578947368421,1.9791173031710694,1.0,1.4148659047579193,0.7804878048780488,1.1953307632348322,0.6029411764705882
Subkect088,4.398591222222927,1.0559623723043703,0.8125,0.9736842105263158,0.42556008000392465,1.0,1.0756415959983132,0.64,0.9324348666653451,0.8444444444444444,1.7895489583412807,0.8333333333333334,1.5913179700030013,0.8,4.186195594278563,0.5172413793103449,2.0965281847874513,0.9772727272727273,1.8578086374909617,0.8717948717948718,1.7257329481459844,0.8148148148148148
