Task_name,Participant #,Runtime_mod,Absorption_response,Other_response,Problem_response,Words_response,Sounds_response,Images_response,Past_response,Distracting_response,Focus_response,Intrusive_response,Deliberate_response,Detailed_response,Future_response,Emotion_response,Self_response,Knowledge_response,Gradient 1,Gradient 2,Gradient 3
Finger Tapping Task,subject001,9,6.000000000000014,1.800000000000008,2.799999999999999,3.2999999999999985,7.399999999999992,2.7000000000000157,2.0,3.4000000000000092,7.899999999999993,3.3999999999999986,2.2999999999999976,8.099999999999996,7.599999999999994,8.39999999999999,8.300000000000002,4.8000000000000105,-0.090963574,-0.241336366,-0.170440839
Finger Tapping Task,subject001,7,5.400000000000001,6.4999999999999964,7.199999999999996,9.199999999999987,2.7000000000000015,5.100000000000007,6.099999999999999,6.600000000000005,5.899999999999999,4.800000000000014,7.400000000000009,8.699999999999989,5.000000000000007,5.100000000000002,7.79999999999999,7.0,-0.090963574,-0.241336366,-0.170440839
Finger Tapping Task,subject001,9,7.300000000000006,3.200000000000002,4.200000000000006,6.800000000000004,3.100000000000016,6.499999999999996,3.1000000000000125,3.200000000000016,6.299999999999996,5.999999999999997,3.2999999999999994,4.100000000000014,2.8000000000000016,5.0,5.199999999999999,8.299999999999992,-0.090963574,-0.241336366,-0.170440839
GoNoGo Task,subject001,10,6.799999999999994,5.000000000000002,6.899999999999997,6.700000000000012,3.6000000000000094,4.799999999999999,2.9000000000000052,6.700000000000012,7.499999999999992,7.499999999999993,6.600000000000001,7.800000000000008,6.499999999999997,3.5000000000000013,7.200000000000003,3.100000000000001,-0.31702636,0.036362577,-0.159410417
GoNoGo Task,subject001,-12,7.599999999999994,2.600000000000012,6.600000000000005,7.400000000000006,3.3999999999999986,4.100000000000001,5.0,5.400000000000006,7.0,4.700000000000001,4.600000000000007,7.099999999999994,3.0000000000000053,7.700000000000008,7.10000000000001,7.499999999999991,-0.31702636,0.036362577,-0.159410417
GoNoGo Task,subject001,-14,5.600000000000016,3.0,3.6000000000000094,6.599999999999996,3.6000000000000023,3.500000000000013,4.700000000000017,6.9999999999999964,7.299999999999995,4.399999999999999,4.800000000000002,3.8000000000000167,2.800000000000016,5.100000000000002,6.899999999999995,5.3000000000000025,-0.31702636,0.036362577,-0.159410417
Friend Task,subject001,-8,6.6999999999999975,9.400000000000002,7.899999999999991,7.0,3.0000000000000018,6.2000000000000135,6.899999999999994,6.300000000000006,7.6000000000000085,5.899999999999999,5.000000000000003,7.200000000000003,4.100000000000014,4.8000000000000105,5.3999999999999995,9.499999999999991,0.066229557,0.061472443,0.208842324
Friend Task,subject001,14,8.299999999999999,9.899999999999997,7.299999999999993,8.79999999999999,2.500000000000005,2.2999999999999976,8.999999999999986,6.099999999999998,5.300000000000006,5.999999999999997,8.89999999999999,8.999999999999986,5.300000000000002,4.400000000000002,2.799999999999999,10.0,0.066229557,0.061472443,0.208842324
Friend Task,subject001,-12,5.000000000000018,7.299999999999992,3.600000000000006,9.300000000000002,3.0,4.0,9.399999999999988,6.3000000000000025,6.0000000000000036,5.500000000000009,5.1,5.0000000000000036,6.599999999999998,4.700000000000017,3.4000000000000163,5.200000000000003,0.066229557,0.061472443,0.208842324
You Task,subject001,-13,8.0,7.199999999999996,3.0000000000000018,7.499999999999993,6.699999999999996,5.6000000000000005,5.100000000000017,3.100000000000001,5.5,2.799999999999998,5.30000000000001,3.8000000000000016,5.000000000000014,5.000000000000011,7.699999999999993,8.699999999999989,-0.068702623,0.051618542,0.14160951
You Task,subject001,5,7.699999999999993,6.100000000000014,3.9000000000000026,7.499999999999993,3.5000000000000164,2.8000000000000007,7.899999999999997,6.299999999999998,5.20000000000001,5.100000000000007,3.8000000000000025,6.9000000000000075,3.7000000000000024,5.699999999999998,8.89999999999999,7.2999999999999945,-0.068702623,0.051618542,0.14160951
You Task,subject001,-5,7.499999999999991,6.899999999999997,3.1999999999999984,6.9000000000000075,2.3000000000000003,3.6999999999999997,7.099999999999996,7.0,3.4000000000000057,6.600000000000001,8.100000000000007,4.1,4.0,5.500000000000005,8.399999999999988,5.499999999999999,-0.068702623,0.051618542,0.14160951
Movie Task-incept,subject001,12,7.999999999999993,7.0,10.0,7.79999999999999,8.0,7.8999999999999915,9.0,7.400000000000009,8.199999999999992,7.0,7.400000000000009,9.0,7.199999999999992,5.0,4.800000000000018,7.199999999999992,-0.293453447,0.376771714,0.156545561
Movie Task-incept,subject001,12,7.999999999999993,7.0,10.0,7.79999999999999,8.0,7.8999999999999915,9.0,7.400000000000009,8.199999999999992,7.0,7.400000000000009,9.0,7.199999999999992,5.0,4.800000000000018,7.199999999999992,-0.293453447,0.376771714,0.156545561
Movie Task-bridge,subject001,-5,4.8000000000000105,5.999999999999998,3.100000000000001,6.300000000000013,7.9000000000000075,8.0,5.699999999999998,6.499999999999997,5.799999999999999,3.699999999999999,4.0,4.00000000000001,4.500000000000014,5.0,6.100000000000003,4.200000000000006,-0.055046289,0.280933569,0.317858122
Movie Task-bridge,subject001,-5,4.8000000000000105,5.999999999999998,3.100000000000001,6.300000000000013,7.9000000000000075,8.0,5.699999999999998,6.499999999999997,5.799999999999999,3.699999999999999,4.0,4.00000000000001,4.500000000000014,5.0,6.100000000000003,4.200000000000006,-0.055046289,0.280933569,0.317858122
Easy Math Task,subject001,11,8.000000000000007,2.0999999999999974,9.0,3.0000000000000053,2.100000000000008,3.1000000000000125,7.400000000000006,1.9000000000000044,4.0,2.400000000000012,3.000000000000009,8.799999999999986,7.099999999999996,8.0,1.0,10.0,-0.124954138,0.332221971,-0.020870498
Easy Math Task,subject001,-6,7.799999999999997,1.0,9.399999999999984,7.9,2.8000000000000087,1.5999999999999992,7.0,7.299999999999994,8.999999999999993,7.299999999999993,5.0000000000000036,8.999999999999986,6.400000000000002,2.0,3.6999999999999997,9.899999999999984,-0.124954138,0.332221971,-0.020870498
Easy Math Task,subject001,-15,6.899999999999995,2.000000000000008,9.299999999999986,7.0,3.300000000000002,2.2999999999999985,4.500000000000002,6.799999999999996,7.100000000000003,7.399999999999992,3.0,4.100000000000007,2.3999999999999986,4.20000000000001,3.3000000000000003,9.399999999999995,-0.124954138,0.332221971,-0.020870498
Hard Math Task,subject001,13,6.500000000000009,6.400000000000006,8.799999999999986,8.699999999999989,2.8000000000000016,2.2000000000000153,7.0999999999999925,6.399999999999997,7.0999999999999925,7.0,7.399999999999994,9.299999999999988,6.7999999999999945,2.600000000000012,8.100000000000003,6.1999999999999975,-0.275798122,0.402380589,-0.407389088
Hard Math Task,subject001,8,6.999999999999993,3.4000000000000092,9.299999999999992,8.799999999999988,2.7000000000000086,6.399999999999999,2.8000000000000016,6.3000000000000025,7.199999999999992,7.600000000000005,7.69999999999999,8.999999999999986,8.99999999999999,3.1999999999999984,8.199999999999989,5.699999999999999,-0.275798122,0.402380589,-0.407389088
Hard Math Task,subject001,-6,6.399999999999996,3.2999999999999985,8.399999999999995,3.9000000000000017,2.5000000000000155,2.7000000000000006,5.0,7.30000000000001,7.999999999999989,6.1999999999999975,3.3999999999999986,8.099999999999996,6.599999999999995,4.0,5.000000000000007,9.0,-0.275798122,0.402380589,-0.407389088
Zero-Back Task,subject001,7,7.0,2.7000000000000157,8.299999999999992,6.700000000000012,1.1999999999999984,8.599999999999987,7.199999999999994,6.600000000000012,6.1999999999999975,5.100000000000007,5.100000000000002,4.0,3.800000000000013,5.100000000000007,3.100000000000002,8.500000000000005,0.092938821,-0.060981931,-0.389395513
Zero-Back Task,subject001,-15,6.6999999999999975,2.7000000000000157,7.900000000000004,4.000000000000003,3.4000000000000163,3.800000000000013,5.800000000000004,3.699999999999999,8.300000000000006,5.000000000000002,5.500000000000016,4.0,6.899999999999996,5.300000000000001,2.899999999999998,8.09999999999999,0.092938821,-0.060981931,-0.389395513
Zero-Back Task,subject001,13,3.800000000000013,2.8000000000000123,7.30000000000001,7.100000000000007,2.4999999999999987,4.400000000000007,3.900000000000006,3.0,8.0,4.100000000000007,5.10000000000001,2.799999999999998,4.1,5.000000000000003,5.100000000000014,7.200000000000006,0.092938821,-0.060981931,-0.389395513
One-Back Task,subject001,-10,9.099999999999989,2.500000000000012,8.0,6.299999999999995,2.500000000000012,8.29999999999999,7.899999999999993,3.0999999999999983,7.799999999999992,3.0,9.399999999999991,8.499999999999995,8.0,6.200000000000003,1.7999999999999976,8.29999999999999,-0.009918255,-0.030028992,-0.537272264
One-Back Task,subject001,7,7.999999999999992,1.3999999999999977,7.69999999999999,7.799999999999993,1.9999999999999973,8.299999999999992,8.500000000000005,3.5000000000000058,9.0,1.7000000000000002,7.899999999999991,8.79999999999999,8.199999999999989,4.400000000000007,1.0,7.899999999999993,-0.009918255,-0.030028992,-0.537272264
One-Back Task,subject001,-14,6.1999999999999975,2.099999999999999,8.59999999999999,9.600000000000001,2.1,8.89999999999999,8.699999999999989,3.200000000000016,9.799999999999986,1.8999999999999984,6.700000000000005,8.200000000000006,7.499999999999995,3.7000000000000095,2.6000000000000014,8.999999999999993,-0.009918255,-0.030028992,-0.537272264
Memory Task,subject001,-12,5.200000000000001,2.500000000000012,2.000000000000001,6.6999999999999975,2.100000000000015,6.6999999999999975,8.999999999999988,4.100000000000007,2.000000000000001,5.400000000000001,5.700000000000015,2.9999999999999982,2.4999999999999996,5.3,6.999999999999993,6.799999999999997,-0.036691414,0.115884583,0.323863964
Memory Task,subject001,-8,3.500000000000013,6.20000000000001,4.20000000000001,7.899999999999991,3.000000000000009,7.699999999999991,7.0,4.20000000000001,3.2,5.20000000000001,5.2000000000000135,4.100000000000001,2.3999999999999986,6.200000000000006,8.0,8.599999999999989,-0.036691414,0.115884583,0.323863964
Memory Task,subject001,-15,4.200000000000006,7.800000000000004,1.600000000000001,8.200000000000003,2.1000000000000045,6.800000000000008,9.599999999999994,7.299999999999994,2.8000000000000016,6.999999999999993,6.899999999999996,2.4999999999999996,2.600000000000012,6.0,7.6999999999999975,6.799999999999996,-0.036691414,0.115884583,0.323863964
Reading Task,subject001,-13,4.500000000000011,2.599999999999998,2.0,9.399999999999986,2.0,2.3999999999999995,3.5000000000000058,5.0,9.299999999999985,3.000000000000016,5.0000000000000036,3.4000000000000057,3.2999999999999994,5.100000000000003,1.6999999999999984,5.400000000000009,-0.19586954,-0.014883893,0.326889586
Reading Task,subject001,-8,4.800000000000018,2.9000000000000017,4.300000000000006,2.3999999999999995,2.0999999999999983,3.5000000000000058,2.9000000000000052,6.20000000000001,7.999999999999989,6.699999999999997,5.300000000000017,1.600000000000008,7.099999999999994,4.299999999999999,3.3000000000000127,1.8999999999999992,-0.19586954,-0.014883893,0.326889586
Reading Task,subject001,-6,6.10000000000001,2.900000000000016,1.800000000000008,7.9999999999999964,3.100000000000009,3.7000000000000024,4.20000000000001,7.799999999999992,8.899999999999988,5.600000000000012,6.0000000000000036,2.0,2.0999999999999983,5.000000000000001,4.900000000000004,6.0,-0.19586954,-0.014883893,0.326889586
Two-Back Task-scenes,subject001,-15,9.0,2.899999999999998,8.999999999999986,2.7000000000000157,2.0,10.0,9.099999999999987,4.100000000000003,10.0,2.0,4.900000000000015,9.499999999999988,4.400000000000003,3.6000000000000014,4.0,9.299999999999995,-0.130999829,0.464204275,-0.426960277
Two-Back Task-scenes,subject001,14,8.0,3.1999999999999984,8.699999999999994,3.9000000000000026,8.699999999999998,9.099999999999985,10.0,6.200000000000006,7.899999999999997,5.000000000000011,8.0,9.0,4.900000000000004,4.3000000000000025,8.899999999999988,9.299999999999988,-0.130999829,0.464204275,-0.426960277
Two-Back Task-faces,subject001,-12,7.800000000000004,9.199999999999987,9.100000000000003,1.2999999999999994,2.1999999999999984,9.499999999999986,3.0,2.9000000000000123,8.300000000000006,4.100000000000017,6.700000000000008,9.299999999999988,7.399999999999995,6.000000000000011,3.500000000000013,7.899999999999997,-0.025340712,0.386745896,-0.434225517
Two-Back Task-faces,subject001,8,7.999999999999991,9.299999999999999,8.300000000000006,2.999999999999999,1.9999999999999982,8.299999999999992,8.799999999999994,2.4000000000000012,8.599999999999987,3.900000000000017,8.69999999999999,9.299999999999986,9.0,6.099999999999997,2.3999999999999986,8.0,-0.025340712,0.386745896,-0.434225517
You Task,subject002,-14,4.400000000000017,7.599999999999991,3.8000000000000016,6.899999999999995,2.3000000000000154,3.2,8.09999999999999,1.0,3.600000000000013,4.900000000000018,7.400000000000009,2.9999999999999982,2.699999999999998,5.000000000000007,8.49999999999999,6.900000000000004,-0.068702623,0.051618542,0.14160951
You Task,subject002,-5,8.200000000000006,5.9999999999999964,2.000000000000008,4.400000000000007,2.0999999999999974,7.99999999999999,6.899999999999995,2.0999999999999974,5.100000000000007,5.200000000000003,7.599999999999993,6.599999999999995,1.8999999999999992,5.3,8.099999999999993,7.700000000000005,-0.068702623,0.051618542,0.14160951
You Task,subject002,13,8.899999999999993,7.099999999999994,2.100000000000015,5.899999999999999,1.7999999999999976,6.499999999999996,6.699999999999994,1.6999999999999975,1.9999999999999982,5.600000000000016,6.7999999999999945,6.400000000000002,1.4999999999999984,5.799999999999999,6.1999999999999975,8.699999999999987,-0.068702623,0.051618542,0.14160951
Friend Task,subject002,6,4.800000000000003,3.2999999999999985,3.2999999999999985,5.000000000000001,2.2999999999999985,8.399999999999988,9.500000000000002,1.9999999999999973,2.699999999999998,5.500000000000009,7.400000000000006,7.999999999999989,3.300000000000002,7.899999999999993,2.500000000000012,6.999999999999994,0.066229557,0.061472443,0.208842324
Friend Task,subject002,-13,6.0000000000000036,5.799999999999999,3.000000000000009,5.900000000000011,3.5999999999999988,7.199999999999995,7.800000000000004,2.4000000000000012,2.6000000000000014,3.6999999999999997,6.400000000000009,7.9000000000000075,3.200000000000016,7.300000000000006,5.400000000000016,4.600000000000007,0.066229557,0.061472443,0.208842324
Friend Task,subject002,7,7.000000000000007,6.499999999999997,2.1999999999999993,4.700000000000001,2.4999999999999987,8.500000000000005,8.899999999999988,3.100000000000016,2.1999999999999993,4.5,9.099999999999993,8.599999999999998,2.8000000000000087,7.3000000000000025,2.300000000000001,5.1,0.066229557,0.061472443,0.208842324
Hard Math Task,subject002,-9,6.800000000000008,1.9000000000000115,9.0,1.6000000000000045,2.899999999999998,2.2999999999999985,2.3000000000000047,3.0,1.6,2.0,5.2,5.200000000000001,2.0000000000000115,5.000000000000011,2.6000000000000156,4.0,-0.275798122,0.402380589,-0.407389088
Hard Math Task,subject002,-15,3.0,1.4000000000000046,7.0,2.4000000000000083,1.0,1.4000000000000117,3.400000000000002,1.0,1.0,2.9000000000000052,2.5999999999999996,5.500000000000009,2.0,5.499999999999999,1.0,5.600000000000016,-0.275798122,0.402380589,-0.407389088
Hard Math Task,subject002,-7,2.6000000000000014,6.700000000000012,6.699999999999996,4.200000000000017,3.2999999999999994,6.999999999999995,1.1999999999999993,1.1999999999999993,3.5000000000000164,5.100000000000002,5.3,5.200000000000006,2.099999999999999,5.10000000000001,1.600000000000001,3.0,-0.275798122,0.402380589,-0.407389088
Easy Math Task,subject002,15,4.000000000000002,6.499999999999995,5.000000000000018,5.9000000000000075,1.2000000000000153,7.30000000000001,5.000000000000003,6.400000000000006,5.100000000000001,4.60000000000001,5.300000000000017,6.0000000000000036,6.099999999999997,5.700000000000012,5.700000000000008,5.100000000000002,-0.124954138,0.332221971,-0.020870498
Easy Math Task,subject002,10,6.400000000000006,6.299999999999996,6.000000000000014,5.10000000000001,1.0,5.000000000000003,4.300000000000017,5.700000000000012,5.100000000000014,3.9000000000000026,7.399999999999999,5.100000000000001,6.200000000000006,5.899999999999998,4.900000000000018,4.000000000000013,-0.124954138,0.332221971,-0.020870498
Easy Math Task,subject002,6,4.700000000000003,6.999999999999995,5.000000000000014,2.5999999999999996,1.0,3.3000000000000003,5.400000000000016,4.400000000000007,3.4000000000000057,6.099999999999997,6.399999999999997,8.000000000000007,3.899999999999999,5.500000000000012,5.0,5.400000000000002,-0.124954138,0.332221971,-0.020870498
Finger Tapping Task,subject002,-9,1.2000000000000153,1.4999999999999976,3.3000000000000003,1.1999999999999984,4.0,2.0,4.2000000000000135,1.500000000000008,2.400000000000005,5.000000000000011,5.300000000000001,2.800000000000005,2.3000000000000154,6.499999999999997,4.500000000000002,4.100000000000014,-0.090963574,-0.241336366,-0.170440839
Finger Tapping Task,subject002,-15,3.2000000000000055,2.9000000000000052,3.500000000000013,1.6999999999999975,2.800000000000005,3.000000000000016,1.500000000000008,2.2000000000000046,1.8000000000000116,2.8000000000000123,2.899999999999998,2.0,1.7000000000000002,5.799999999999999,3.3000000000000163,2.0,-0.090963574,-0.241336366,-0.170440839
Finger Tapping Task,subject002,14,4.0,1.3999999999999977,5.6,4.600000000000017,7.199999999999993,2.0,2.2000000000000046,2.3999999999999986,4.40000000000001,5.000000000000011,4.900000000000011,3.099999999999999,4.400000000000014,4.100000000000007,2.0,4.900000000000004,-0.090963574,-0.241336366,-0.170440839
GoNoGo Task,subject002,-13,2.6000000000000014,1.9999999999999982,3.0,3.600000000000006,2.0,1.0,4.3000000000000025,1.900000000000015,3.2999999999999985,3.1000000000000054,2.999999999999999,5.400000000000013,3.100000000000016,5.100000000000001,4.900000000000015,3.800000000000006,-0.31702636,0.036362577,-0.159410417
GoNoGo Task,subject002,11,6.0,5.500000000000012,3.300000000000002,5.900000000000015,5.3,3.400000000000001,4.100000000000007,6.0,3.3999999999999995,5.10000000000001,4.400000000000002,2.1999999999999984,3.699999999999999,4.40000000000001,3.2000000000000055,7.000000000000007,-0.31702636,0.036362577,-0.159410417
GoNoGo Task,subject002,-14,3.200000000000002,3.0000000000000018,4.100000000000007,4.000000000000006,3.3000000000000056,3.0,5.300000000000001,6.100000000000007,3.700000000000006,4.900000000000002,4.000000000000013,5.500000000000005,4.000000000000003,4.400000000000003,2.9000000000000052,4.60000000000001,-0.31702636,0.036362577,-0.159410417
Memory Task,subject002,-5,4.300000000000001,6.299999999999998,5.6000000000000005,3.800000000000013,4.400000000000017,3.0,3.0,7.299999999999993,2.900000000000001,5.200000000000003,7.699999999999994,6.299999999999997,5.700000000000012,5.0,8.299999999999992,8.2,-0.036691414,0.115884583,0.323863964
Memory Task,subject002,15,7.499999999999994,9.099999999999993,3.800000000000013,3.5000000000000058,8.500000000000005,9.399999999999988,9.300000000000002,8.700000000000005,6.899999999999996,6.1999999999999975,9.0,7.89999999999999,7.6000000000000085,8.599999999999998,3.0000000000000053,6.6999999999999975,-0.036691414,0.115884583,0.323863964
Memory Task,subject002,7,5.400000000000009,2.4999999999999996,2.5000000000000004,3.0,2.8000000000000016,9.099999999999989,3.300000000000001,3.199999999999998,4.100000000000001,5.900000000000015,5.600000000000012,2.0,6.800000000000001,5.899999999999999,3.600000000000006,5.100000000000007,-0.036691414,0.115884583,0.323863964
Reading Task,subject002,-8,3.4999999999999987,6.000000000000011,3.099999999999999,7.299999999999995,4.500000000000018,5.000000000000014,6.499999999999996,4.500000000000018,2.800000000000005,3.6000000000000005,4.400000000000001,3.500000000000002,4.500000000000007,4.000000000000013,3.7000000000000006,3.0,-0.19586954,-0.014883893,0.326889586
Reading Task,subject002,12,5.100000000000001,2.4999999999999987,3.5000000000000058,6.500000000000005,2.099999999999999,8.600000000000005,2.600000000000005,5.900000000000011,9.399999999999986,7.30000000000001,1.7999999999999985,4.500000000000018,3.0,4.200000000000017,3.6999999999999997,4.20000000000001,-0.19586954,-0.014883893,0.326889586
Reading Task,subject002,13,9.500000000000002,4.900000000000015,4.0,3.899999999999999,4.0,3.5999999999999988,6.899999999999993,8.199999999999992,4.299999999999999,4.0,5.600000000000005,3.3999999999999995,4.70000000000001,3.1999999999999984,4.0,7.899999999999997,-0.19586954,-0.014883893,0.326889586
Zero-Back Task,subject002,8,8.000000000000004,4.0,8.0,4.200000000000006,7.299999999999995,4.0,5.0,2.0,6.0,5.500000000000012,2.0,5.000000000000002,2.0,10.0,9.999999999999993,8.200000000000006,0.092938821,-0.060981931,-0.389395513
Zero-Back Task,subject002,11,3.0,2.899999999999999,3.7000000000000024,5.0,4.800000000000007,7.0,4.5,8.399999999999988,6.800000000000011,4.0,2.900000000000001,3.4000000000000163,4.200000000000003,5.200000000000003,2.0,3.5999999999999983,0.092938821,-0.060981931,-0.389395513
Zero-Back Task,subject002,-5,3.5000000000000164,6.0,5.400000000000016,3.3999999999999995,3.6000000000000014,2.1999999999999993,4.100000000000007,3.5999999999999996,4.100000000000007,5.000000000000018,4.800000000000007,3.0,3.300000000000001,4.500000000000011,4.8000000000000105,5.000000000000011,0.092938821,-0.060981931,-0.389395513
One-Back Task,subject002,13,5.500000000000009,4.1,2.1999999999999993,3.899999999999999,4.900000000000018,4.800000000000003,5.300000000000017,3.3999999999999986,5.000000000000018,6.199999999999996,4.400000000000003,6.20000000000001,4.1,2.2999999999999994,5.000000000000014,5.400000000000006,-0.009918255,-0.030028992,-0.537272264
One-Back Task,subject002,10,4.400000000000014,5.000000000000018,2.7000000000000006,4.800000000000014,3.7000000000000024,3.1000000000000005,5.100000000000007,4.0,4.600000000000014,4.00000000000001,5.700000000000008,4.3000000000000025,2.800000000000005,2.699999999999999,5.899999999999997,3.4999999999999987,-0.009918255,-0.030028992,-0.537272264
One-Back Task,subject002,10,2.9000000000000123,5.800000000000004,2.5000000000000004,4.000000000000003,3.800000000000013,3.1999999999999993,3.0,4.700000000000017,4.200000000000003,3.5000000000000013,3.4000000000000057,3.2999999999999985,3.1999999999999984,3.800000000000001,3.900000000000017,3.7000000000000024,-0.009918255,-0.030028992,-0.537272264
Two-Back Task-scenes,subject002,-11,3.4999999999999987,3.8,4.600000000000017,3.7000000000000015,4.500000000000018,2.999999999999999,3.7000000000000024,3.8000000000000096,3.0,2.4000000000000004,2.7,3.100000000000001,3.6000000000000165,2.099999999999999,1.8999999999999992,4.300000000000017,-0.130999829,0.464204275,-0.426960277
Two-Back Task-scenes,subject002,-15,5.9,3.0,4.1,4.600000000000002,5.700000000000012,5.800000000000004,7.000000000000007,6.400000000000002,7.0,5.0,5.0,8.0,5.0,4.3999999999999995,4.0,4.400000000000003,-0.130999829,0.464204275,-0.426960277
Two-Back Task-faces,subject002,-9,5.700000000000012,4.300000000000013,4.500000000000002,4.600000000000003,4.300000000000002,3.900000000000006,5.900000000000015,5.700000000000012,5.3,4.000000000000002,5.2000000000000135,5.100000000000007,5.400000000000013,4.800000000000002,5.300000000000017,3.6999999999999997,-0.025340712,0.386745896,-0.434225517
Two-Back Task-faces,subject002,-9,3.2999999999999994,2.1999999999999993,4.800000000000003,4.5000000000000036,4.600000000000017,5.10000000000001,3.0,4.400000000000017,3.5999999999999988,5.900000000000011,5.200000000000017,3.8,4.600000000000003,1.2000000000000002,2.999999999999999,2.0999999999999983,-0.025340712,0.386745896,-0.434225517
Movie Task-bridge,subject002,-8,5.100000000000007,5.10000000000001,3.8000000000000016,3.8000000000000016,5.100000000000017,7.0,5.600000000000012,3.6000000000000014,3.6999999999999984,4.200000000000003,3.3000000000000007,6.0000000000000036,3.0,6.000000000000011,4.200000000000001,5.200000000000003,-0.055046289,0.280933569,0.317858122
Movie Task-bridge,subject002,-8,5.100000000000007,5.10000000000001,3.8000000000000016,3.8000000000000016,5.100000000000017,7.0,5.600000000000012,3.6000000000000014,3.6999999999999984,4.200000000000003,3.3000000000000007,6.0000000000000036,3.0,6.000000000000011,4.200000000000001,5.200000000000003,-0.055046289,0.280933569,0.317858122
Movie Task-incept,subject002,12,4.3000000000000025,5.10000000000001,4.199999999999999,4.400000000000014,4.60000000000001,2.1999999999999993,4.700000000000017,4.400000000000007,4.0,5.0,6.700000000000012,4.500000000000014,4.400000000000017,2.5999999999999988,5.20000000000001,5.0,-0.293453447,0.376771714,0.156545561
Movie Task-incept,subject002,12,4.3000000000000025,5.10000000000001,4.199999999999999,4.400000000000014,4.60000000000001,2.1999999999999993,4.700000000000017,4.400000000000007,4.0,5.0,6.700000000000012,4.500000000000014,4.400000000000017,2.5999999999999988,5.20000000000001,5.0,-0.293453447,0.376771714,0.156545561
Two-Back Task-scenes,subject003,10,9.1,1.0,7.9000000000000075,1.0,1.0,7.9999999999999964,5.000000000000011,3.0000000000000124,1.0,3.1000000000000125,6.899999999999996,7.400000000000006,1.0,6.500000000000002,1.0,5.000000000000018,-0.130999829,0.464204275,-0.426960277
Two-Back Task-scenes,subject003,15,10.0,1.0,7.600000000000001,8.499999999999995,1.0,10.0,6.699999999999994,1.0,2.800000000000005,1.0,7.699999999999991,7.799999999999993,1.0,7.999999999999989,1.0,5.400000000000016,-0.130999829,0.464204275,-0.426960277
Two-Back Task-faces,subject003,9,10.0,6.599999999999996,6.600000000000012,9.0,1.0,10.0,1.0,1.0,4.0,1.0,6.7999999999999945,2.3999999999999995,1.0,5.000000000000011,1.0,3.500000000000002,-0.025340712,0.386745896,-0.434225517
Two-Back Task-faces,subject003,-14,10.0,1.0,6.700000000000012,10.0,1.0,9.2,4.0,1.0,2.0,1.0,7.700000000000001,5.20000000000001,7.0,6.900000000000011,1.0,2.700000000000005,-0.025340712,0.386745896,-0.434225517
Hard Math Task,subject003,-6,8.79999999999999,2.4999999999999987,10.0,7.000000000000011,1.0,1.0,6.6000000000000085,1.0,1.0,1.0,8.0,10.0,1.0,10.0,1.0,5.000000000000018,-0.275798122,0.402380589,-0.407389088
Hard Math Task,subject003,-13,10.0,1.0,10.0,1.0,1.0,1.9000000000000044,6.499999999999996,4.0,3.9000000000000017,1.0,8.69999999999999,8.59999999999999,1.0,10.0,1.0,7.500000000000009,-0.275798122,0.402380589,-0.407389088
Hard Math Task,subject003,-7,3.5000000000000013,1.0000000000000082,7.099999999999995,5.999999999999997,1.0,1.0,1.0,1.0,2.8000000000000123,1.500000000000015,7.499999999999991,10.0,1.100000000000008,7.0,2.400000000000012,5.699999999999999,-0.275798122,0.402380589,-0.407389088
Easy Math Task,subject003,-8,7.099999999999996,2.600000000000012,4.0,7.899999999999997,1.0,8.0,3.0,1.0,5.1,3.0,7.89999999999999,7.800000000000004,1.0,5.0000000000000036,1.0,6.799999999999994,-0.124954138,0.332221971,-0.020870498
Easy Math Task,subject003,13,5.9000000000000075,1.0,7.30000000000001,10.0,1.0,1.0,1.0,1.0,3.100000000000002,1.0,8.29999999999999,7.999999999999989,1.0,6.599999999999994,1.0,7.399999999999994,-0.124954138,0.332221971,-0.020870498
Easy Math Task,subject003,10,2.0,10.0,4.0,6.0,1.0,9.0,8.0,5.100000000000001,4.0,1.0,7.099999999999994,8.0,1.0,3.0,1.0,4.900000000000011,-0.124954138,0.332221971,-0.020870498
GoNoGo Task,subject003,8,1.0,1.0,1.0,1.0,1.0,1.0,1.0,10.0,1.0,1.0,1.0,1.0,1.0,1.0,1.0,1.0,-0.31702636,0.036362577,-0.159410417
GoNoGo Task,subject003,14,2.4000000000000004,2.8000000000000087,6.499999999999998,8.299999999999995,1.0,8.899999999999988,1.2000000000000153,5.500000000000012,2.0999999999999983,2.6000000000000156,4.0,4.700000000000001,1.0000000000000153,2.0,1.800000000000008,7.899999999999997,-0.31702636,0.036362577,-0.159410417
GoNoGo Task,subject003,8,1.0,1.1000000000000045,1.0,1.0,1.0,1.6999999999999997,2.6000000000000156,8.299999999999992,10.0,7.699999999999992,1.0,1.0,1.0,1.1000000000000152,1.0,1.0,-0.31702636,0.036362577,-0.159410417
Finger Tapping Task,subject003,8,6.1999999999999975,1.0,3.0,5.999999999999997,1.0,7.0,1.0,2.999999999999998,2.0,1.0,1.0,5.799999999999999,1.0,6.699999999999996,1.0,1.0,-0.090963574,-0.241336366,-0.170440839
Finger Tapping Task,subject003,-15,5.700000000000012,1.0,1.0,1.0,1.0,8.299999999999992,6.2000000000000135,7.099999999999995,7.399999999999992,1.3000000000000003,1.0,1.0,1.0,1.0,1.0,6.999999999999995,-0.090963574,-0.241336366,-0.170440839
Finger Tapping Task,subject003,-9,3.100000000000001,3.5000000000000093,1.0,1.0,2.300000000000001,1.0,1.0,8.799999999999988,8.19999999999999,1.0,1.0,1.0,1.0,1.0,1.0,1.0,-0.090963574,-0.241336366,-0.170440839
Memory Task,subject003,-10,8.0,10.0,1.0,9.699999999999983,1.0,7.900000000000004,9.700000000000001,1.0,9.299999999999999,5.899999999999998,2.699999999999999,3.5000000000000058,1.0,3.100000000000016,8.499999999999995,9.600000000000001,-0.036691414,0.115884583,0.323863964
Memory Task,subject003,13,8.199999999999996,8.699999999999994,1.0,1.7999999999999976,1.500000000000015,8.399999999999988,8.899999999999993,1.7999999999999972,3.3999999999999986,2.8000000000000123,4.299999999999999,8.399999999999988,2.099999999999999,8.29999999999999,8.69999999999999,9.099999999999989,-0.036691414,0.115884583,0.323863964
Memory Task,subject003,11,8.0,10.0,1.0,5.799999999999997,1.0,10.0,10.0,2.7000000000000157,1.0,8.599999999999987,8.09999999999999,10.0,1.0,5.000000000000002,10.0,10.0,-0.036691414,0.115884583,0.323863964
Reading Task,subject003,5,1.6000000000000116,7.10000000000001,1.0,8.49999999999999,2.500000000000012,7.0,7.20000000000001,4.200000000000017,3.4000000000000004,7.199999999999992,1.9,7.300000000000006,1.0,7.200000000000003,1.0,7.599999999999992,-0.19586954,-0.014883893,0.326889586
Reading Task,subject003,-8,5.0,8.0,6.0,2.0,3.0,8.0,9.0,8.0,7.0,8.0,7.0,6.0,3.0,2.0,5.0,8.0,-0.19586954,-0.014883893,0.326889586
Reading Task,subject003,-12,2.9000000000000052,3.9000000000000132,3.200000000000002,5.999999999999997,3.1999999999999993,1.7,6.700000000000005,4.700000000000006,2.599999999999998,3.4000000000000012,3.099999999999999,3.9000000000000132,3.0000000000000053,3.8,6.200000000000003,7.799999999999994,-0.19586954,-0.014883893,0.326889586
Movie Task-incept,subject003,-10,3.6000000000000005,5.100000000000003,1.0,6.700000000000008,9.0,8.59999999999999,9.599999999999985,6.199999999999998,4.8000000000000025,8.499999999999995,1.0,2.0,5.200000000000003,7.699999999999992,8.199999999999992,9.399999999999999,-0.293453447,0.376771714,0.156545561
Movie Task-incept,subject003,-10,3.6000000000000005,5.100000000000003,1.0,6.700000000000008,9.0,8.59999999999999,9.599999999999985,6.199999999999998,4.8000000000000025,8.499999999999995,1.0,2.0,5.200000000000003,7.699999999999992,8.199999999999992,9.399999999999999,-0.293453447,0.376771714,0.156545561
Movie Task-bridge,subject003,-7,3.9000000000000132,7.0,1.0,5.799999999999999,2.0,8.200000000000003,3.0,8.19999999999999,9.199999999999992,3.4000000000000092,1.2000000000000002,5.700000000000001,8.0,7.0,5.0,7.0,-0.055046289,0.280933569,0.317858122
Movie Task-bridge,subject003,-7,3.9000000000000132,7.0,1.0,5.799999999999999,2.0,8.200000000000003,3.0,8.19999999999999,9.199999999999992,3.4000000000000092,1.2000000000000002,5.700000000000001,8.0,7.0,5.0,7.0,-0.055046289,0.280933569,0.317858122
One-Back Task,subject003,14,9.0,10.0,7.0,10.0,8.0,9.0,7.0,2.0,8.0,5.0,2.0,2.0,3.0,4.0,6.0,3.0,-0.009918255,-0.030028992,-0.537272264
One-Back Task,subject003,12,7.0,5.0,4.0,9.0,6.0,4.0,4.0,8.0,10.0,9.0,10.0,6.0,6.0,9.0,7.0,3.0,-0.009918255,-0.030028992,-0.537272264
One-Back Task,subject003,-7,6.0,8.0,2.0,4.0,6.0,7.0,3.0,3.0,6.0,2.0,4.0,7.0,5.0,6.0,3.0,8.0,-0.009918255,-0.030028992,-0.537272264
Zero-Back Task,subject003,-12,2.0,7.0,9.0,5.0,3.0,3.0,6.0,6.0,6.0,9.0,2.0,6.0,4.0,10.0,4.0,3.0,0.092938821,-0.060981931,-0.389395513
Zero-Back Task,subject003,15,8.0,5.0,2.0,10.0,4.0,8.0,4.0,8.0,4.0,5.0,3.0,2.0,8.0,2.0,3.0,6.0,0.092938821,-0.060981931,-0.389395513
Zero-Back Task,subject003,-5,10.0,3.0,9.0,8.0,3.0,7.0,8.0,7.0,9.0,5.6999999999999975,10.0,10.0,2.0,6.0,10.0,2.0,0.092938821,-0.060981931,-0.389395513
Friend Task,subject003,-6,4.0,7.0,4.0,10.0,9.0,6.0,9.0,2.0,9.0,9.0,2.0,9.0,4.0,8.0,2.0,5.0,0.066229557,0.061472443,0.208842324
Friend Task,subject003,13,2.0,7.0,4.0,2.0,10.0,4.0,8.0,2.0,7.0,7.0,7.0,6.0,4.0,4.0,6.0,3.0,0.066229557,0.061472443,0.208842324
Friend Task,subject003,11,3.0,3.0,8.0,4.0,8.0,8.0,8.0,7.0,5.0,7.0,2.0,7.0,8.0,7.0,2.0,3.0,0.066229557,0.061472443,0.208842324
You Task,subject003,14,3.0,3.0,10.0,7.0,5.0,2.0,5.0,2.0,2.0,6.0,8.0,5.0,3.0,5.0,3.0,10.0,-0.068702623,0.051618542,0.14160951
You Task,subject003,-8,7.0,7.0,6.0,8.0,2.0,9.0,10.0,9.0,9.0,10.0,7.0,8.0,3.0,5.0,4.0,6.0,-0.068702623,0.051618542,0.14160951
You Task,subject003,10,4.0,5.0,4.0,8.0,8.0,5.0,10.0,7.0,5.0,3.0,4.0,3.0,2.0,4.0,6.0,10.0,-0.068702623,0.051618542,0.14160951
You Task,subject004,10,10.0,10.0,6.899999999999993,9.899999999999984,6.400000000000009,7.899999999999991,9.299999999999992,7.999999999999989,7.0,8.799999999999994,5.10000000000001,5.100000000000002,8.999999999999986,4.9,8.599999999999987,5.6000000000000005,-0.068702623,0.051618542,0.14160951
You Task,subject004,15,5.0,8.0,9.0,8.0,7.0,10.0,9.0,10.0,7.0,5.0,4.0,7.0,9.0,5.0,2.0,4.0,-0.068702623,0.051618542,0.14160951
You Task,subject004,-10,10.0,9.299999999999992,9.0,7.299999999999992,5.400000000000009,5.000000000000014,9.299999999999992,8.799999999999994,8.79999999999999,7.9999999999999964,2.699999999999999,8.0,8.699999999999989,4.700000000000017,10.0,10.0,-0.068702623,0.051618542,0.14160951
Friend Task,subject004,9,8.499999999999991,8.999999999999986,6.0,10.0,6.0,5.400000000000002,9.399999999999984,10.0,8.899999999999988,6.6000000000000085,5.000000000000018,10.0,10.0,4.60000000000001,5.0,7.0,0.066229557,0.061472443,0.208842324
Friend Task,subject004,7,6.899999999999994,10.0,9.699999999999998,4.900000000000002,5.699999999999998,6.0,9.0,9.299999999999988,8.0,5.3,3.5999999999999983,8.600000000000001,8.899999999999997,5.100000000000001,10.0,8.699999999999989,0.066229557,0.061472443,0.208842324
Friend Task,subject004,-6,9.0,8.0,7.999999999999989,7.6999999999999975,3.0,6.400000000000006,6.0,9.199999999999985,7.0,8.0,9.0,8.0,9.0,4.6000000000000005,8.0,10.0,0.066229557,0.061472443,0.208842324
Memory Task,subject004,11,7.0,7.0,2.0,6.0,2.0,3.0,10.0,10.0,10.0,2.0,4.0,10.0,7.0,4.0,8.0,6.0,-0.036691414,0.115884583,0.323863964
Memory Task,subject004,-6,6.299999999999997,1.0,7.0,9.699999999999987,2.0,7.599999999999991,10.0,8.0,10.0,10.0,10.0,7.699999999999994,1.100000000000008,9.499999999999986,9.999999999999986,10.0,-0.036691414,0.115884583,0.323863964
Memory Task,subject004,-12,5.0,4.0,5.0,3.0,5.0,8.0,7.0,8.0,7.0,3.0,8.0,9.0,3.4999999999999987,1.2000000000000117,9.999999999999986,10.0,-0.036691414,0.115884583,0.323863964
Reading Task,subject004,12,7.0,2.0,3.0,3.0,9.0,2.0,7.0,8.0,10.0,2.0,10.0,7.0,9.0,5.0,6.0,3.0,-0.19586954,-0.014883893,0.326889586
Reading Task,subject004,-11,9.099999999999996,6.899999999999997,4.4,3.900000000000001,6.9999999999999964,2.999999999999999,10.0,7.200000000000003,5.200000000000003,1.2000000000000002,6.9999999999999964,5.6999999999999975,1.9999999999999991,5.200000000000003,3.099999999999999,9.0,-0.19586954,-0.014883893,0.326889586
Reading Task,subject004,14,5.0,9.0,3.0,10.0,9.0,10.0,5.0,3.0,5.0,8.0,6.0,8.0,2.0,2.0,10.0,7.0,-0.19586954,-0.014883893,0.326889586
Two-Back Task-scenes,subject004,-14,6.0,10.0,10.0,4.0,4.0,9.0,5.0,3.0,5.0,5.0,7.0,9.0,9.0,7.0,5.0,5.0,-0.130999829,0.464204275,-0.426960277
Two-Back Task-scenes,subject004,-12,9.0,10.0,7.0,5.0,9.0,6.0,3.0,8.0,6.0,9.0,10.0,4.0,5.0,2.0,8.0,8.0,-0.130999829,0.464204275,-0.426960277
Two-Back Task-faces,subject004,-5,3.0,6.0,6.0,4.0,5.0,8.0,8.0,5.0,5.0,4.0,2.0,2.0,3.0,10.0,3.0,2.0,-0.025340712,0.386745896,-0.434225517
Two-Back Task-faces,subject004,-5,4.0,8.0,4.0,4.0,9.0,9.0,2.0,7.0,5.0,10.0,8.0,4.0,2.0,3.0,3.0,10.0,-0.025340712,0.386745896,-0.434225517
Movie Task-incept,subject004,-11,4.0,5.0,2.0,10.0,10.0,10.0,4.0,2.0,3.0,4.0,3.0,3.0,9.0,7.0,5.0,7.0,-0.293453447,0.376771714,0.156545561
Movie Task-incept,subject004,-11,4.0,5.0,2.0,10.0,10.0,10.0,4.0,2.0,3.0,4.0,3.0,3.0,9.0,7.0,5.0,7.0,-0.293453447,0.376771714,0.156545561
Movie Task-bridge,subject004,7,9.499999999999998,9.299999999999986,9.999999999999993,4.700000000000001,10.0,9.299999999999999,8.699999999999994,2.0,4.400000000000002,9.099999999999996,7.0,7.299999999999992,7.0,9.299999999999988,10.0,8.399999999999995,-0.055046289,0.280933569,0.317858122
Movie Task-bridge,subject004,7,9.499999999999998,9.299999999999986,9.999999999999993,4.700000000000001,10.0,9.299999999999999,8.699999999999994,2.0,4.400000000000002,9.099999999999996,7.0,7.299999999999992,7.0,9.299999999999988,10.0,8.399999999999995,-0.055046289,0.280933569,0.317858122
Zero-Back Task,subject004,6,1.200000000000001,1.0,1.3999999999999986,1.3000000000000083,7.0,9.699999999999994,1.0,1.0,3.2000000000000055,1.0,9.799999999999986,1.0,1.0,5.100000000000017,2.2999999999999994,1.0,0.092938821,-0.060981931,-0.389395513
Zero-Back Task,subject004,12,4.0,7.0,7.0,7.0,2.0,3.0,10.0,8.0,7.0,4.0,6.0,3.0,10.0,6.0,2.0,3.0,0.092938821,-0.060981931,-0.389395513
Zero-Back Task,subject004,8,9.0,7.0,8.0,9.0,6.0,10.0,4.0,9.0,9.0,2.0,2.0,4.0,3.0,6.0,2.0,6.0,0.092938821,-0.060981931,-0.389395513
One-Back Task,subject004,8,3.0,7.0,7.0,4.0,5.0,2.0,2.0,5.0,3.0,5.0,7.0,5.0,6.0,4.0,7.0,3.0,-0.009918255,-0.030028992,-0.537272264
One-Back Task,subject004,-14,2.0,7.0,9.0,6.0,9.0,6.0,2.0,4.0,6.0,10.0,4.0,4.0,6.0,3.0,7.0,9.0,-0.009918255,-0.030028992,-0.537272264
One-Back Task,subject004,-7,6.0,10.0,3.0,8.0,2.0,10.0,5.0,1.0,9.0,9.0,9.799999999999997,3.0,2.0,3.0,1.0,2.0,-0.009918255,-0.030028992,-0.537272264
Easy Math Task,subject004,-10,5.0,4.0,3.0,5.0,3.0,4.0,4.0,2.0,10.0,10.0,3.0,2.0,10.0,7.0,6.0,2.0,-0.124954138,0.332221971,-0.020870498
Easy Math Task,subject004,15,3.0,8.0,2.0,8.0,8.0,9.0,8.0,9.0,3.0,10.0,4.0,10.0,5.0,10.0,7.0,6.0,-0.124954138,0.332221971,-0.020870498
Easy Math Task,subject004,-8,2.0,2.0,8.0,4.0,7.0,4.0,8.0,9.0,3.0,3.0,3.0,5.0,3.0,6.0,9.0,10.0,-0.124954138,0.332221971,-0.020870498
Hard Math Task,subject004,-12,3.0,3.0,3.3999999999999986,6.0,1.0,5.6999999999999975,1.7000000000000117,1.2000000000000117,5.6999999999999975,3.0,10.0,10.0,1.0,8.0,9.799999999999997,2.5999999999999996,-0.275798122,0.402380589,-0.407389088
Hard Math Task,subject004,5,1.0,3.0,4.500000000000007,1.0,1.0,9.0,1.0,1.0,2.100000000000015,1.0,10.0,1.0,1.0,5.5,8.599999999999987,5.400000000000013,-0.275798122,0.402380589,-0.407389088
Hard Math Task,subject004,-5,5.0,10.0,3.0,7.0,10.0,3.0,2.0,8.0,5.0,10.0,4.0,9.0,6.0,6.0,4.0,5.0,-0.275798122,0.402380589,-0.407389088
Finger Tapping Task,subject004,13,1.0,6.0,1.0,1.0,1.0,6.0,1.0,1.0,1.4999999999999984,1.0,1.0,1.0,1.0,1.600000000000008,1.0,1.0000000000000118,-0.090963574,-0.241336366,-0.170440839
Finger Tapping Task,subject004,11,6.0,4.0,7.0,3.0,6.0,4.0,2.0,9.0,9.0,6.0,3.0,6.0,9.0,10.0,10.0,5.0,-0.090963574,-0.241336366,-0.170440839
Finger Tapping Task,subject004,11,10.0,8.0,4.0,6.0,6.0,3.0,9.0,4.0,9.0,2.0,3.0,3.0,6.0,10.0,6.0,4.0,-0.090963574,-0.241336366,-0.170440839
GoNoGo Task,subject004,5,2.0,9.0,3.0,3.0,7.0,9.0,3.0,6.0,2.0,8.0,3.0,3.0,3.0,2.0,6.0,2.0,-0.31702636,0.036362577,-0.159410417
GoNoGo Task,subject004,-12,6.0,5.0,5.0,9.0,7.0,6.0,5.0,9.0,4.0,5.0,6.0,8.0,4.0,4.0,10.0,8.0,-0.31702636,0.036362577,-0.159410417
GoNoGo Task,subject004,-5,9.0,2.0,8.0,5.0,3.0,9.0,3.0,3.0,8.0,3.0,3.0,6.0,9.0,2.0,6.0,9.0,-0.31702636,0.036362577,-0.159410417
Hard Math Task,subject005,8,5.3,1.0,10.0,8.0,1.0,1.0,1.0,1.0,1.800000000000001,1.0,10.0,4.3000000000000025,1.0,6.0,1.800000000000001,10.0,-0.275798122,0.402380589,-0.407389088
Hard Math Task,subject005,-12,4.0,1.0,9.099999999999996,6.600000000000001,1.0,1.0,1.0,1.0,1.0,1.0,8.599999999999989,8.0,1.0,5.000000000000018,1.4999999999999984,9.599999999999985,-0.275798122,0.402380589,-0.407389088
Hard Math Task,subject005,-10,9.0,1.0,9.500000000000002,4.400000000000017,1.0,1.5000000000000009,7.500000000000005,1.0,1.0,1.0,9.0,5.899999999999997,1.0,4.800000000000014,1.0,8.799999999999988,-0.275798122,0.402380589,-0.407389088
Easy Math Task,subject005,9,6.199999999999998,1.0,9.0,5.0,1.0,1.0,6.0,1.0,4.0,1.0,9.099999999999989,8.300000000000002,2.0,5.100000000000014,1.0,9.0,-0.124954138,0.332221971,-0.020870498
Easy Math Task,subject005,-8,4.800000000000007,1.0,4.900000000000002,1.4000000000000152,1.0,1.0000000000000047,5.600000000000005,1.0,1.0,1.0,4.900000000000004,4.199999999999999,6.499999999999996,4.100000000000007,1.0,8.999999999999986,-0.124954138,0.332221971,-0.020870498
Easy Math Task,subject005,9,6.500000000000005,1.0,4.8000000000000105,1.0,1.0,5.899999999999999,8.700000000000001,6.399999999999996,6.500000000000012,1.0,4.000000000000017,3.600000000000006,2.0,4.000000000000001,1.0,6.099999999999998,-0.124954138,0.332221971,-0.020870498
Friend Task,subject005,11,8.699999999999987,10.0,9.0,9.0,8.0,6.999999999999995,7.0,3.099999999999999,1.0,1.0,2.0,9.0,8.79999999999999,9.0,2.0,8.0,0.066229557,0.061472443,0.208842324
Friend Task,subject005,7,10.0,9.399999999999988,5.5,6.20000000000001,7.0000000000000036,8.699999999999989,8.999999999999986,6.300000000000013,6.0,1.0,1.7000000000000153,3.1999999999999984,7.000000000000011,10.0,4.600000000000001,9.199999999999987,0.066229557,0.061472443,0.208842324
Friend Task,subject005,-11,8.999999999999996,9.89999999999999,5.0,5.200000000000003,6.0,9.300000000000002,8.900000000000004,7.199999999999992,2.0,1.0,3.0,3.000000000000009,8.099999999999993,9.0,2.300000000000012,6.099999999999999,0.066229557,0.061472443,0.208842324
You Task,subject005,-7,5.100000000000001,2.4000000000000083,1.0,2.100000000000015,2.0,4.500000000000018,5.100000000000003,2.5000000000000155,2.0,1.0,2.000000000000008,2.699999999999999,3.0,5.000000000000007,10.0,2.4999999999999996,-0.068702623,0.051618542,0.14160951
You Task,subject005,11,7.499999999999991,6.499999999999996,1.0,1.3999999999999995,2.699999999999998,2.7000000000000086,4.400000000000007,4.30000000000001,3.700000000000006,1.0,2.8000000000000087,4.100000000000014,4.3999999999999995,7.500000000000005,9.399999999999988,4.800000000000018,-0.068702623,0.051618542,0.14160951
You Task,subject005,12,9.0,4.500000000000007,2.499999999999998,3.1999999999999984,4.100000000000017,2.0,3.8000000000000007,8.599999999999989,8.800000000000004,1.200000000000001,2.1999999999999993,1.5999999999999983,2.2999999999999985,5.2000000000000135,5.899999999999998,5.300000000000006,-0.068702623,0.051618542,0.14160951
Movie Task-incept,subject005,9,9.0,2.0,1.0,8.0,7.900000000000004,8.399999999999995,2.3,8.699999999999994,9.499999999999988,1.0,2.0,2.4999999999999987,1.0,7.3000000000000025,1.0,1.7999999999999976,-0.293453447,0.376771714,0.156545561
Movie Task-incept,subject005,9,9.0,2.0,1.0,8.0,7.900000000000004,8.399999999999995,2.3,8.699999999999994,9.499999999999988,1.0,2.0,2.4999999999999987,1.0,7.3000000000000025,1.0,1.7999999999999976,-0.293453447,0.376771714,0.156545561
Movie Task-bridge,subject005,-15,6.0,10.0,1.0,5.0,4.400000000000001,8.0,2.0,5.200000000000003,6.500000000000002,1.0,5.100000000000014,5.600000000000005,8.800000000000004,6.100000000000003,3.3000000000000056,1.0,-0.055046289,0.280933569,0.317858122
Movie Task-bridge,subject005,-15,6.0,10.0,1.0,5.0,4.400000000000001,8.0,2.0,5.200000000000003,6.500000000000002,1.0,5.100000000000014,5.600000000000005,8.800000000000004,6.100000000000003,3.3000000000000056,1.0,-0.055046289,0.280933569,0.317858122
Two-Back Task-faces,subject005,9,2.6000000000000005,10.0,4.300000000000001,2.0,1.0,7.099999999999993,6.599999999999995,4.300000000000017,1.6999999999999993,1.0,4.000000000000013,3.9000000000000026,6.4999999999999964,5.100000000000014,1.0,5.400000000000016,-0.025340712,0.386745896,-0.434225517
Two-Back Task-faces,subject005,-7,5.600000000000016,6.0,5.000000000000014,3.0,1.9999999999999973,7.8999999999999915,3.0,4.0,10.0,1.0,5.0000000000000036,5.700000000000008,6.2000000000000135,5.599999999999999,10.0,5.300000000000001,-0.025340712,0.386745896,-0.434225517
Two-Back Task-scenes,subject005,-13,8.300000000000002,7.0,8.0,7.899999999999993,1.0,10.0,6.699999999999994,4.0,4.100000000000007,1.0,4.0,6.7999999999999945,5.400000000000001,5.0,1.0,4.0,-0.130999829,0.464204275,-0.426960277
Two-Back Task-scenes,subject005,12,4.299999999999999,1.0,5.600000000000016,8.69999999999999,1.0,8.0,5.000000000000011,2.0,8.0,1.0,7.3000000000000025,7.0000000000000036,1.0,5.8,1.0,1.0,-0.130999829,0.464204275,-0.426960277
Finger Tapping Task,subject005,15,10.0,1.0,1.0,1.0,1.0,9.0,1.0,1.0,6.199999999999999,1.0,1.0,1.0,10.0,5.000000000000014,1.0,1.0,-0.090963574,-0.241336366,-0.170440839
Finger Tapping Task,subject005,13,10.0,6.0,3.0,6.0,5.0,2.0,1.0,10.0,7.199999999999992,1.0,5.0,5.900000000000004,7.199999999999992,5.7,4.0,3.0,-0.090963574,-0.241336366,-0.170440839
Finger Tapping Task,subject005,9,7.89999999999999,7.0,4.000000000000013,1.4999999999999984,5.6999999999999975,5.9999999999999964,1.0,7.699999999999991,8.0,1.0,5.2000000000000135,4.900000000000018,10.0,5.5,7.0,1.0,-0.090963574,-0.241336366,-0.170440839
GoNoGo Task,subject005,-11,7.0,1.0,1.2999999999999976,1.0,2.0,1.0,6.300000000000013,9.200000000000003,6.099999999999998,1.0,1.0,1.0,10.0,4.20000000000001,2.0,1.0,-0.31702636,0.036362577,-0.159410417
GoNoGo Task,subject005,-12,8.899999999999988,6.799999999999995,6.0,1.6999999999999975,4.0,1.0,2.9999999999999982,8.799999999999986,8.100000000000007,1.0,5.0,1.5999999999999974,3.0,6.700000000000008,9.0,1.0,-0.31702636,0.036362577,-0.159410417
GoNoGo Task,subject005,-15,8.0,9.0,4.0,10.0,3.0,1.3000000000000154,6.0,9.999999999999986,3.0,1.0,3.200000000000009,2.0,6.0,5.300000000000001,3.0,1.0,-0.31702636,0.036362577,-0.159410417
Memory Task,subject005,6,7.0,7.899999999999993,7.399999999999995,4.900000000000004,1.1999999999999984,6.100000000000007,7.200000000000003,8.400000000000006,6.6000000000000085,1.0,5.999999999999998,7.299999999999995,3.0,4.100000000000001,8.199999999999996,9.0,-0.036691414,0.115884583,0.323863964
Memory Task,subject005,8,10.0,10.0,3.0,5.5,8.29999999999999,7.999999999999993,10.0,5.500000000000012,3.6000000000000005,1.0,3.300000000000002,7.399999999999994,6.899999999999993,10.0,9.499999999999991,10.0,-0.036691414,0.115884583,0.323863964
Memory Task,subject005,-7,10.0,6.399999999999995,8.0,6.299999999999996,4.0,5.0,7.399999999999999,2.0,10.0,8.0,8.0,8.0,10.0,10.0,9.0,8.0,-0.036691414,0.115884583,0.323863964
Reading Task,subject005,11,5.000000000000014,10.0,8.0,7.0,3.0,6.0,7.400000000000009,4.3000000000000025,9.0,2.0,3.0,2.7000000000000086,2.0,4.000000000000002,1.1000000000000116,5.300000000000006,-0.19586954,-0.014883893,0.326889586
Reading Task,subject005,11,8.0,5.6000000000000085,1.6,10.0,3.0,5.800000000000011,6.800000000000008,9.0,2.0,1.0,3.0,2.9000000000000017,9.0,7.0,1.0,6.000000000000007,-0.19586954,-0.014883893,0.326889586
Reading Task,subject005,-8,6.999999999999993,5.800000000000008,3.6000000000000014,4.0,2.0,6.0,6.100000000000014,9.0,10.0,1.0,3.0,4.900000000000004,2.2999999999999976,3.0,3.9000000000000026,5.0,-0.19586954,-0.014883893,0.326889586
Zero-Back Task,subject005,-13,7.500000000000009,7.0,6.0,7.399999999999992,4.10000000000001,4.100000000000007,2.0,9.499999999999986,7.0,1.0,1.6000000000000152,2.0,7.999999999999993,5.0,10.0,5.0,0.092938821,-0.060981931,-0.389395513
Zero-Back Task,subject005,5,2.0,9.0,2.300000000000012,9.0,4.0,4.100000000000001,1.0,6.599999999999995,8.0,3.0,3.0,3.100000000000009,5.0,1.0000000000000082,2.0,4.0,0.092938821,-0.060981931,-0.389395513
Zero-Back Task,subject005,-6,6.0,8.0,2.0,3.0,7.0,3.0,7.0,10.0,10.0,2.0,7.0,6.0,3.0,8.0,7.0,3.0,0.092938821,-0.060981931,-0.389395513
One-Back Task,subject005,-8,7.0,7.200000000000003,8.0,6.0,6.0,5.999999999999999,9.0,2.4000000000000004,4.0,1.0,7.0,8.0,10.0,3.700000000000006,5.0,7.0,-0.009918255,-0.030028992,-0.537272264
One-Back Task,subject005,6,9.0,10.0,7.0,2.0,6.700000000000012,2.0,8.0,5.999999999999998,2.0,5.0,7.0,3.0,2.0,4.9,3.799999999999999,3.7000000000000015,-0.009918255,-0.030028992,-0.537272264
One-Back Task,subject005,7,2.0,6.0,3.0,4.0,4.0,5.0,2.0,4.0,4.0,6.0,10.0,8.0,9.0,8.0,3.900000000000017,9.0,-0.009918255,-0.030028992,-0.537272264
Hard Math Task,subject008,-13,9.099999999999996,1.0,10.0,1.0,1.0,1.0,1.3999999999999995,3.0000000000000018,9.0,1.3000000000000118,9.000000000000004,3.0999999999999983,1.3000000000000118,5.100000000000001,1.0,7.899999999999992,-0.275798122,0.402380589,-0.407389088
Hard Math Task,subject008,9,8.89999999999999,1.0,10.0,1.0,1.0,1.0,1.8999999999999992,2.900000000000001,8.499999999999998,2.0,7.800000000000008,4.500000000000002,1.0,5.100000000000002,1.3,7.599999999999993,-0.275798122,0.402380589,-0.407389088
Hard Math Task,subject008,7,9.499999999999986,1.0,10.0,1.0,1.0,4.100000000000014,3.4000000000000012,1.7999999999999994,8.700000000000001,1.0,8.199999999999992,5.9000000000000075,1.0,5.200000000000003,1.0,8.900000000000004,-0.275798122,0.402380589,-0.407389088
Easy Math Task,subject008,7,6.299999999999999,1.0,10.0,1.0,1.0,2.2,1.0,1.9999999999999973,8.300000000000002,1.0,2.1000000000000045,8.1,1.0,5.0,1.0,9.000000000000004,-0.124954138,0.332221971,-0.020870498
Easy Math Task,subject008,-9,7.799999999999997,1.0,10.0,1.0,1.0,2.4000000000000012,3.2999999999999994,3.0,10.0,1.0,2.999999999999999,7.79999999999999,1.0,5.0,1.0,8.899999999999988,-0.124954138,0.332221971,-0.020870498
Easy Math Task,subject008,11,1.9999999999999973,1.0,10.0,1.0,1.0,2.0,3.0000000000000053,7.200000000000006,7.999999999999991,1.0,1.0,3.0,1.0,5.000000000000018,1.0,8.099999999999989,-0.124954138,0.332221971,-0.020870498
One-Back Task,subject008,8,8.700000000000001,1.0,7.0,1.0,1.0,10.0,7.299999999999995,7.699999999999991,7.0,5.000000000000002,8.19999999999999,2.000000000000001,10.0,3.8000000000000007,1.0,8.2,-0.009918255,-0.030028992,-0.537272264
One-Back Task,subject008,11,4.600000000000007,1.0,8.89999999999999,4.199999999999999,1.0,7.99999999999999,8.199999999999996,6.999999999999993,7.89999999999999,3.0000000000000124,8.199999999999989,5.299999999999999,8.799999999999988,5.100000000000001,1.0,8.59999999999999,-0.009918255,-0.030028992,-0.537272264
One-Back Task,subject008,11,6.800000000000008,1.0,8.99999999999999,6.500000000000009,1.0,9.0,9.100000000000003,8.09999999999999,7.800000000000004,2.0,3.5999999999999983,2.999999999999999,9.399999999999986,5.100000000000017,1.0,8.89999999999999,-0.009918255,-0.030028992,-0.537272264
Zero-Back Task,subject008,15,5.000000000000014,1.0,6.999999999999995,1.0,1.0,6.599999999999995,2.1,8.099999999999993,6.200000000000006,1.6999999999999984,3.100000000000009,3.000000000000009,5.000000000000014,5.000000000000018,1.0,2.0,0.092938821,-0.060981931,-0.389395513
Zero-Back Task,subject008,11,2.0,1.0,7.6000000000000085,1.7999999999999998,1.0,8.79999999999999,7.099999999999996,7.499999999999995,7.0,1.5999999999999992,2.0,2.2999999999999976,4.1,5.000000000000014,1.0,8.600000000000001,0.092938821,-0.060981931,-0.389395513
Zero-Back Task,subject008,-14,7.9999999999999964,1.0,6.000000000000014,1.0,1.0,9.099999999999985,2.4999999999999987,8.29999999999999,3.8999999999999986,1.0,1.0,2.100000000000008,3.9000000000000026,5.0,4.100000000000001,9.099999999999993,0.092938821,-0.060981931,-0.389395513
Finger Tapping Task,subject008,9,7.299999999999993,1.9999999999999991,1.800000000000001,1.0,1.0,10.0,4.300000000000001,2.0000000000000115,3.0000000000000018,1.0,1.0,1.0,5.799999999999999,5.100000000000007,1.9000000000000044,1.6999999999999984,-0.090963574,-0.241336366,-0.170440839
Finger Tapping Task,subject008,7,8.700000000000005,1.0,3.000000000000001,1.0,1.0,10.0,7.6999999999999975,5.000000000000001,3.000000000000001,2.0,1.0,3.200000000000002,9.200000000000003,5.000000000000018,1.0,6.999999999999994,-0.090963574,-0.241336366,-0.170440839
Finger Tapping Task,subject008,-15,9.0,1.0,9.799999999999997,1.0,1.0,9.999999999999986,8.899999999999997,1.9000000000000008,4.0,2.9000000000000123,1.0,1.9000000000000044,8.900000000000004,5.0,1.0,9.0,-0.090963574,-0.241336366,-0.170440839
GoNoGo Task,subject008,12,5.999999999999997,1.0,7.399999999999993,1.0,1.0,8.599999999999998,5.100000000000002,8.499999999999991,8.199999999999992,8.000000000000007,5.199999999999999,2.0,4.500000000000002,3.0,1.0,1.9999999999999991,-0.31702636,0.036362577,-0.159410417
GoNoGo Task,subject008,9,8.49999999999999,1.0,3.3999999999999995,1.0,1.0,10.0,2.3000000000000154,8.0,7.999999999999993,2.900000000000016,3.500000000000013,1.7999999999999994,3.6000000000000023,6.099999999999997,1.0,8.0,-0.31702636,0.036362577,-0.159410417
GoNoGo Task,subject008,-7,8.000000000000007,1.0,8.0,1.0,1.0,10.0,5.300000000000002,3.000000000000016,4.000000000000003,1.400000000000001,1.0,2.3999999999999986,3.6000000000000165,6.000000000000011,1.0,2.0,-0.31702636,0.036362577,-0.159410417
You Task,subject008,-5,8.099999999999996,7.0000000000000036,2.0000000000000044,9.100000000000003,1.0,1.9000000000000044,8.99999999999999,1.0,1.0,3.2000000000000006,8.199999999999992,7.999999999999993,3.0000000000000053,5.000000000000007,10.0,7.99999999999999,-0.068702623,0.051618542,0.14160951
You Task,subject008,-10,8.499999999999991,7.3000000000000025,1.5999999999999983,7.79999999999999,1.0,2.6000000000000005,10.0,1.0,1.3000000000000083,5.500000000000009,8.600000000000001,7.800000000000004,4.0,3.300000000000009,3.0,7.89999999999999,-0.068702623,0.051618542,0.14160951
You Task,subject008,11,7.299999999999994,7.200000000000003,4.200000000000003,10.0,1.0,4.0,9.299999999999995,2.000000000000015,1.999999999999997,5.0,9.0,8.599999999999987,5.3999999999999995,7.500000000000002,10.0,8.399999999999988,-0.068702623,0.051618542,0.14160951
Friend Task,subject008,14,9.499999999999984,10.0,1.0,10.0,1.0,2.6000000000000085,10.0,1.0,1.0,1.0,10.0,8.99999999999999,6.599999999999996,10.0,6.20000000000001,10.0,0.066229557,0.061472443,0.208842324
Friend Task,subject008,-15,10.0,7.599999999999998,1.0,10.0,1.0,3.8999999999999986,10.0,1.0,1.0,1.0,10.0,10.0,6.599999999999996,10.0,6.000000000000011,10.0,0.066229557,0.061472443,0.208842324
Friend Task,subject008,10,10.0,8.09999999999999,1.6,10.0,1.0,6.699999999999994,10.0,1.0,1.0,1.0,10.0,10.0,7.099999999999994,10.0,5.999999999999999,10.0,0.066229557,0.061472443,0.208842324
Movie Task-incept,subject008,-14,3.4000000000000004,10.0,1.0,10.0,8.0,10.0,3.000000000000016,5.300000000000002,1.0,3.0,8.799999999999988,2.699999999999998,5.300000000000001,5.0000000000000036,1.0,1.9000000000000008,-0.293453447,0.376771714,0.156545561
Movie Task-incept,subject008,-14,3.4000000000000004,10.0,1.0,10.0,8.0,10.0,3.000000000000016,5.300000000000002,1.0,3.0,8.799999999999988,2.699999999999998,5.300000000000001,5.0000000000000036,1.0,1.9000000000000008,-0.293453447,0.376771714,0.156545561
Movie Task-bridge,subject008,-5,9.099999999999996,1.0,1.0,5.30000000000001,10.0,10.0,9.100000000000003,1.0,1.0,1.0,3.9000000000000026,7.30000000000001,1.0,10.0,7.99999999999999,9.099999999999993,-0.055046289,0.280933569,0.317858122
Movie Task-bridge,subject008,-5,9.099999999999996,1.0,1.0,5.30000000000001,10.0,10.0,9.100000000000003,1.0,1.0,1.0,3.9000000000000026,7.30000000000001,1.0,10.0,7.99999999999999,9.099999999999993,-0.055046289,0.280933569,0.317858122
Two-Back Task-scenes,subject008,10,10.0,1.0,6.30000000000001,1.0,1.0,10.0,10.0,7.999999999999991,1.0,3.2000000000000006,3.5000000000000164,3.7000000000000015,5.500000000000012,5.000000000000014,1.0,6.499999999999997,-0.130999829,0.464204275,-0.426960277
Two-Back Task-scenes,subject008,6,10.0,1.0,7.10000000000001,1.0,1.0,10.0,7.600000000000005,1.0,1.0,1.0,7.0,5.199999999999999,10.0,5.000000000000002,1.0,7.599999999999992,-0.130999829,0.464204275,-0.426960277
Two-Back Task-faces,subject008,-10,6.600000000000005,10.0,5.000000000000011,1.0,1.0,10.0,7.0000000000000036,3.0,1.0,1.600000000000001,4.0,1.8000000000000151,7.20000000000001,5.000000000000001,1.0,7.099999999999993,-0.025340712,0.386745896,-0.434225517
Two-Back Task-faces,subject008,14,10.0,10.0,3.0000000000000053,4.000000000000002,1.0,10.0,5.000000000000014,3.0000000000000004,1.0,1.0,7.799999999999994,5.699999999999999,6.499999999999995,6.2000000000000135,1.0,8.399999999999999,-0.025340712,0.386745896,-0.434225517
Memory Task,subject008,-7,10.0,10.0,1.0,6.999999999999996,8.2,9.399999999999999,10.0,9.099999999999987,1.0,1.0,9.200000000000003,9.499999999999986,9.0,9.100000000000003,8.099999999999993,10.0,-0.036691414,0.115884583,0.323863964
Memory Task,subject008,-7,6.9000000000000075,10.0,1.0,3.100000000000002,9.199999999999989,9.199999999999987,10.0,9.399999999999999,1.0,1.0000000000000047,6.1,8.000000000000004,3.000000000000016,9.199999999999989,6.0,10.0,-0.036691414,0.115884583,0.323863964
Memory Task,subject008,-13,8.19999999999999,1.0,1.0,10.0,3.7999999999999985,6.899999999999997,10.0,9.099999999999989,1.0,4.900000000000002,4.200000000000001,4.000000000000013,1.0,1.000000000000001,6.700000000000012,9.399999999999999,-0.036691414,0.115884583,0.323863964
Reading Task,subject008,-15,10.0,3.099999999999999,5.100000000000001,10.0,1.0,4.0,1.0,10.0,1.0,1.0,10.0,4.000000000000013,1.0,5.000000000000011,5.400000000000009,2.000000000000008,-0.19586954,-0.014883893,0.326889586
Reading Task,subject008,11,10.0,1.0,3.1000000000000125,10.0,1.0,5.100000000000001,1.0,10.0,1.0,1.0,10.0,7.89999999999999,1.0,5.000000000000011,2.1000000000000045,3.000000000000009,-0.19586954,-0.014883893,0.326889586
Reading Task,subject008,-6,9.300000000000002,1.0,4.2000000000000135,10.0,1.0,9.000000000000004,7.9999999999999964,6.300000000000013,1.0,2.999999999999999,10.0,6.0,5.400000000000016,4.100000000000014,7.999999999999989,5.100000000000001,-0.19586954,-0.014883893,0.326889586
